customer_id,city,pincode,gender,age,registration_date,has_rx_upload,has_subscription,preferred_store,loyalty_tier
C-000001,Mumbai,400069,F,18,2024-03-17,False,False,WF-012,Silver
C-000002,Pune,411038,F,37,2025-05-10,False,False,WF-017,Silver
C-000003,Thane,400601,M,19,2023-08-20,False,False,WF-021,Gold
C-000004,Navi Mumbai,400706,M,45,2024-10-26,False,False,WF-023,Bronze
C-000005,Mumbai,400050,F,48,2024-10-11,False,False,WF-011,Gold
C-000006,Pune,411014,F,45,2025-08-29,False,False,WF-015,Bronze
C-000007,Mumbai,400001,F,41,2024-01-08,False,False,WF-010,Bronze
C-000008,Bengaluru,560034,Other,41,2025-04-11,False,False,WF-029,Bronze
C-000009,Mumbai,400092,F,44,2024-09-26,False,False,WF-011,Gold
C-000010,Mumbai,400069,M,27,2025-12-30,False,False,WF-008,Bronze
C-000011,Bengaluru,560001,F,35,2025-12-27,False,False,WF-029,Silver
C-000012,Goa,403001,M,54,2025-06-29,False,False,WF-028,Bronze
C-000013,Mumbai,400001,F,30,2025-12-23,False,False,WF-008,Silver
C-000014,Thane,400602,F,51,2025-02-07,False,False,WF-022,Silver
C-000015,Goa,403001,F,21,2024-02-09,True,False,WF-028,Silver
C-000016,Navi Mumbai,400703,F,44,2024-01-28,True,False,WF-025,Bronze
C-000017,Bengaluru,560001,M,21,2023-05-05,False,False,WF-030,Bronze
C-000018,Bengaluru,560001,F,42,2023-07-06,False,False,WF-029,Bronze
C-000019,Goa,403001,M,18,2024-10-23,False,False,WF-028,Gold
C-000020,Mumbai,400053,F,33,2024-02-06,False,False,WF-012,Bronze
C-000021,Mumbai,400058,M,35,2026-04-28,False,False,WF-006,Gold
C-000022,Thane,400601,M,25,2024-01-27,False,False,WF-022,Bronze
C-000023,Mumbai,400092,M,43,2023-10-09,True,False,WF-001,Silver
C-000024,Mumbai,400050,M,18,2024-11-27,False,False,WF-009,Bronze
C-000025,Thane,400602,M,18,2023-06-06,False,False,WF-020,Silver
C-000026,Mumbai,400086,M,29,2023-12-04,False,False,WF-002,Bronze
C-000027,Pune,411045,F,41,2026-01-16,False,False,WF-015,Bronze
C-000028,Bengaluru,560034,M,33,2024-01-01,False,False,WF-030,Gold
C-000029,Pune,411014,F,29,2024-01-31,False,False,WF-013,Silver
C-000030,Pune,411021,M,33,2023-06-10,False,False,WF-013,Bronze
C-000031,Thane,400601,F,55,2023-10-23,False,False,WF-022,Silver
C-000032,Mumbai,400069,F,37,2024-09-03,False,True,WF-009,Silver
C-000033,Thane,400610,F,62,2024-02-16,False,False,WF-019,Gold
C-000034,Mumbai,400053,M,18,2023-05-09,False,False,WF-008,Gold
C-000035,Goa,403001,M,30,2024-05-26,True,True,WF-028,Silver
C-000036,Mumbai,400072,F,43,2023-06-28,False,False,WF-005,Silver
C-000037,Mumbai,400001,M,53,2026-03-04,False,False,WF-012,Bronze
C-000038,Mumbai,400069,F,43,2026-03-19,False,False,WF-010,Bronze
C-000039,Goa,403001,F,49,2024-11-02,True,False,WF-028,Bronze
C-000040,Bengaluru,560001,F,58,2024-01-04,False,False,WF-029,Bronze
C-000041,Mumbai,400086,M,37,2023-11-23,False,False,WF-010,Platinum
C-000042,Navi Mumbai,400709,M,28,2023-11-21,False,False,WF-025,Bronze
C-000043,Navi Mumbai,400709,F,52,2024-03-09,False,True,WF-024,Silver
C-000044,Bengaluru,560034,F,59,2023-06-08,False,False,WF-029,Gold
C-000045,Bengaluru,560034,M,51,2023-05-15,True,False,WF-030,Bronze
C-000046,Pune,411021,F,45,2025-05-14,False,False,WF-014,Bronze
C-000047,Goa,403001,F,44,2024-01-08,False,False,WF-028,Platinum
C-000048,Mumbai,400092,M,45,2024-08-23,False,False,WF-005,Bronze
C-000049,Mumbai,400069,F,40,2024-05-20,False,True,WF-005,Silver
C-000050,Mumbai,400053,F,45,2024-03-20,False,False,WF-003,Silver
C-000051,Mumbai,400058,F,26,2025-05-22,False,False,WF-006,Silver
C-000052,Pune,411038,F,38,2023-05-06,True,False,WF-016,Gold
C-000053,Goa,403001,M,34,2023-10-07,False,False,WF-028,Silver
C-000054,Pune,411004,F,32,2024-11-24,False,False,WF-018,Bronze
C-000055,Goa,403001,F,35,2026-02-22,False,False,WF-028,Silver
C-000056,Mumbai,400053,M,23,2025-06-02,False,False,WF-010,Silver
C-000057,Mumbai,400069,F,31,2024-05-17,False,False,WF-006,Silver
C-000058,Pune,411038,M,35,2023-08-28,True,False,WF-017,Bronze
C-000059,Mumbai,400058,M,44,2024-05-21,False,False,WF-001,Bronze
C-000060,Mumbai,400069,M,18,2025-12-25,False,False,WF-009,Bronze
C-000061,Nashik,422001,M,18,2023-10-03,False,True,WF-027,Bronze
C-000062,Navi Mumbai,400703,M,42,2024-03-09,False,False,WF-023,Silver
C-000063,Navi Mumbai,400709,M,37,2024-02-09,False,True,WF-024,Bronze
C-000064,Goa,403001,F,50,2023-12-23,False,False,WF-028,Bronze
C-000065,Goa,403001,M,51,2024-10-13,False,False,WF-028,Gold
C-000066,Pune,411045,M,18,2024-02-12,True,False,WF-017,Bronze
C-000067,Thane,400602,F,54,2024-03-12,True,True,WF-022,Silver
C-000068,Mumbai,400097,F,70,2023-07-17,False,False,WF-002,Bronze
C-000069,Pune,411014,Other,40,2025-09-30,True,False,WF-014,Gold
C-000070,Thane,400610,M,30,2023-11-12,False,False,WF-022,Bronze
C-000071,Mumbai,400092,M,34,2025-02-14,True,False,WF-006,Silver
C-000072,Mumbai,400092,F,32,2023-10-23,True,False,WF-008,Silver
C-000073,Mumbai,400064,F,26,2023-12-24,False,True,WF-010,Bronze
C-000074,Mumbai,400097,F,20,2024-05-07,False,True,WF-005,Gold
C-000075,Pune,411021,M,35,2024-01-10,False,False,WF-017,Silver
C-000076,Goa,403001,F,29,2025-06-07,False,False,WF-028,Silver
C-000077,Thane,400602,M,47,2023-12-20,True,False,WF-021,Bronze
C-000078,Thane,400602,F,50,2025-05-29,False,False,WF-019,Bronze
C-000079,Bengaluru,560001,F,43,2023-09-14,True,False,WF-029,Bronze
C-000080,Thane,400607,F,38,2026-01-13,False,False,WF-022,Gold
C-000081,Thane,400610,F,25,2023-11-17,False,False,WF-020,Silver
C-000082,Bengaluru,560034,F,47,2023-11-02,False,False,WF-029,Bronze
C-000083,Nashik,422005,M,59,2024-01-14,False,False,WF-026,Gold
C-000084,Goa,403001,M,36,2023-09-10,False,False,WF-028,Silver
C-000085,Thane,400607,M,40,2023-08-13,False,False,WF-020,Silver
C-000086,Goa,403001,M,71,2024-10-11,False,False,WF-028,Bronze
C-000087,Navi Mumbai,400709,M,35,2024-10-27,False,False,WF-023,Gold
C-000088,Nashik,422001,F,18,2024-08-01,False,False,WF-027,Silver
C-000089,Mumbai,400001,F,18,2025-04-10,False,False,WF-004,Silver
C-000090,Thane,400610,M,66,2023-10-15,False,False,WF-022,Silver
C-000091,Mumbai,400064,F,42,2023-05-28,False,False,WF-005,Bronze
C-000092,Navi Mumbai,400703,F,66,2024-07-01,False,False,WF-025,Gold
C-000093,Pune,411021,F,49,2025-05-17,True,False,WF-018,Gold
C-000094,Navi Mumbai,400706,F,57,2024-11-24,False,False,WF-023,Bronze
C-000095,Mumbai,400050,F,29,2023-12-21,False,False,WF-007,Silver
C-000096,Mumbai,400076,F,29,2023-09-05,True,False,WF-008,Silver
C-000097,Pune,411014,M,25,2023-05-24,False,True,WF-018,Gold
C-000098,Navi Mumbai,400709,F,49,2023-10-23,False,False,WF-024,Silver
C-000099,Pune,411014,M,30,2023-09-26,True,True,WF-018,Bronze
C-000100,Navi Mumbai,400706,Other,39,2025-05-29,False,False,WF-025,Gold
C-000101,Pune,411045,M,34,2025-04-22,False,False,WF-014,Silver
C-000102,Navi Mumbai,400706,F,18,2023-08-06,False,False,WF-025,Bronze
C-000103,Goa,403001,M,34,2024-06-18,False,False,WF-028,Bronze
C-000104,Pune,411014,M,36,2023-06-27,False,False,WF-018,Bronze
C-000105,Navi Mumbai,400709,M,18,2023-05-07,False,False,WF-023,Gold
C-000106,Thane,400601,F,44,2023-09-21,False,False,WF-020,Bronze
C-000107,Mumbai,400053,Other,52,2023-12-21,False,False,WF-008,Silver
C-000108,Goa,403001,M,32,2026-01-15,False,False,WF-028,Bronze
C-000109,Pune,411014,F,52,2024-02-10,False,False,WF-015,Silver
C-000110,Navi Mumbai,400706,M,54,2023-11-01,True,False,WF-023,Silver
C-000111,Mumbai,400076,M,45,2023-07-07,False,False,WF-007,Gold
C-000112,Mumbai,400080,F,63,2025-10-02,False,False,WF-012,Silver
C-000113,Bengaluru,560034,F,18,2023-05-04,False,False,WF-029,Silver
C-000114,Thane,400607,M,39,2024-10-03,False,False,WF-022,Silver
C-000115,Thane,400610,F,54,2025-07-28,False,False,WF-021,Bronze
C-000116,Goa,403001,F,30,2025-05-25,False,True,WF-028,Silver
C-000117,Thane,400602,M,29,2024-08-14,False,False,WF-021,Bronze
C-000118,Nashik,422001,F,24,2023-06-18,False,False,WF-026,Silver
C-000119,Thane,400607,M,40,2025-01-26,True,False,WF-020,Silver
C-000120,Mumbai,400072,M,49,2024-06-26,False,False,WF-006,Bronze
C-000121,Pune,411001,M,64,2023-06-17,False,False,WF-018,Gold
C-000122,Pune,411045,F,18,2023-06-21,False,True,WF-016,Bronze
C-000123,Nashik,422001,M,43,2025-06-26,False,False,WF-027,Silver
C-000124,Mumbai,400058,M,51,2025-02-09,False,False,WF-010,Silver
C-000125,Nashik,422005,M,24,2024-06-25,False,False,WF-026,Bronze
C-000126,Thane,400601,F,24,2024-08-18,False,False,WF-020,Bronze
C-000127,Mumbai,400053,M,37,2023-11-20,False,False,WF-010,Silver
C-000128,Mumbai,400001,M,18,2024-11-27,False,False,WF-007,Silver
C-000129,Nashik,422005,M,53,2025-09-17,False,True,WF-026,Bronze
C-000130,Thane,400610,F,40,2023-09-14,True,False,WF-020,Silver
C-000131,Goa,403001,F,35,2023-05-18,False,False,WF-028,Bronze
C-000132,Mumbai,400097,M,51,2024-10-09,False,False,WF-007,Bronze
C-000133,Thane,400610,F,69,2024-01-08,False,False,WF-022,Gold
C-000134,Mumbai,400086,F,60,2024-03-23,False,False,WF-005,Bronze
C-000135,Pune,411001,F,18,2025-05-15,False,False,WF-014,Silver
C-000136,Nashik,422005,M,47,2025-10-22,False,False,WF-027,Bronze
C-000137,Mumbai,400076,M,64,2025-09-07,False,False,WF-001,Bronze
C-000138,Mumbai,400064,F,54,2025-11-11,True,True,WF-004,Bronze
C-000139,Thane,400602,F,55,2023-11-24,False,False,WF-020,Bronze
C-000140,Mumbai,400064,F,43,2025-10-02,False,False,WF-005,Bronze
C-000141,Pune,411001,F,19,2026-01-13,False,True,WF-014,Silver
C-000142,Thane,400607,M,18,2024-08-12,False,False,WF-019,Bronze
C-000143,Bengaluru,560034,F,38,2026-04-06,False,False,WF-030,Bronze
C-000144,Pune,411045,F,26,2025-02-21,False,False,WF-015,Bronze
C-000145,Nashik,422001,M,28,2024-02-17,False,False,WF-027,Bronze
C-000146,Pune,411004,M,47,2025-06-22,False,False,WF-018,Bronze
C-000147,Nashik,422001,F,66,2023-08-18,False,False,WF-026,Gold
C-000148,Pune,411045,F,35,2025-02-15,True,True,WF-016,Bronze
C-000149,Pune,411021,F,19,2025-07-10,False,True,WF-017,Silver
C-000150,Navi Mumbai,400709,M,62,2026-01-04,False,False,WF-024,Bronze
C-000151,Mumbai,400001,F,18,2026-04-17,False,False,WF-006,Silver
C-000152,Mumbai,400092,M,34,2023-09-06,False,False,WF-011,Bronze
C-000153,Mumbai,400001,F,46,2025-11-12,False,False,WF-011,Platinum
C-000154,Bengaluru,560034,F,18,2025-08-06,False,False,WF-030,Bronze
C-000155,Thane,400602,F,31,2024-01-27,False,False,WF-022,Silver
C-000156,Bengaluru,560034,F,48,2024-06-30,False,False,WF-029,Bronze
C-000157,Goa,403001,F,56,2025-09-07,False,False,WF-028,Gold
C-000158,Mumbai,400080,F,23,2024-09-10,True,False,WF-001,Bronze
C-000159,Mumbai,400072,F,42,2024-10-14,False,True,WF-009,Silver
C-000160,Goa,403001,M,28,2023-12-24,True,False,WF-028,Gold
C-000161,Bengaluru,560001,F,35,2023-11-26,True,False,WF-029,Bronze
C-000162,Thane,400601,F,73,2025-12-27,False,False,WF-020,Gold
C-000163,Mumbai,400001,F,32,2026-01-18,False,True,WF-003,Bronze
C-000164,Pune,411001,F,38,2026-01-20,False,False,WF-013,Bronze
C-000165,Thane,400607,M,33,2024-09-29,False,False,WF-019,Bronze
C-000166,Pune,411038,M,37,2025-10-17,False,False,WF-016,Silver
C-000167,Mumbai,400050,F,49,2026-04-19,False,False,WF-004,Silver
C-000168,Mumbai,400097,F,66,2024-02-10,False,False,WF-009,Bronze
C-000169,Mumbai,400069,M,50,2023-05-08,False,False,WF-006,Bronze
C-000170,Mumbai,400072,M,31,2026-02-27,False,False,WF-007,Bronze
C-000171,Navi Mumbai,400703,M,28,2023-12-15,False,True,WF-023,Bronze
C-000172,Nashik,422005,F,52,2023-05-11,True,False,WF-027,Bronze
C-000173,Navi Mumbai,400709,M,62,2025-01-24,False,False,WF-025,Bronze
C-000174,Nashik,422005,M,36,2023-06-19,False,False,WF-027,Silver
C-000175,Mumbai,400050,M,42,2024-03-07,False,False,WF-006,Silver
C-000176,Navi Mumbai,400703,F,55,2023-07-24,True,False,WF-024,Gold
C-000177,Mumbai,400058,F,27,2023-07-04,False,False,WF-002,Bronze
C-000178,Nashik,422005,F,34,2024-07-28,False,False,WF-026,Gold
C-000179,Mumbai,400050,F,48,2025-01-26,False,False,WF-005,Silver
C-000180,Thane,400607,F,46,2023-09-16,True,False,WF-021,Bronze
C-000181,Nashik,422005,M,30,2023-07-04,False,False,WF-027,Bronze
C-000182,Thane,400601,F,27,2023-08-25,False,False,WF-020,Silver
C-000183,Thane,400607,M,27,2023-07-28,False,False,WF-021,Silver
C-000184,Mumbai,400092,F,39,2025-04-21,False,False,WF-007,Gold
C-000185,Mumbai,400092,M,20,2025-03-02,False,False,WF-011,Bronze
C-000186,Thane,400601,M,39,2024-01-23,True,False,WF-019,Silver
C-000187,Mumbai,400072,F,33,2025-02-12,False,False,WF-004,Bronze
C-000188,Mumbai,400080,F,18,2024-12-25,False,False,WF-001,Bronze
C-000189,Mumbai,400069,F,38,2023-08-30,False,False,WF-008,Bronze
C-000190,Pune,411001,M,18,2025-06-17,False,False,WF-016,Bronze
C-000191,Pune,411038,M,51,2023-08-16,True,False,WF-013,Platinum
C-000192,Thane,400601,M,28,2025-05-17,False,False,WF-022,Bronze
C-000193,Nashik,422005,F,21,2023-05-21,True,False,WF-027,Platinum
C-000194,Nashik,422005,F,48,2024-08-20,False,False,WF-026,Silver
C-000195,Pune,411014,M,33,2025-10-31,False,False,WF-015,Bronze
C-000196,Thane,400607,M,18,2024-02-04,False,False,WF-019,Silver
C-000197,Pune,411004,F,37,2024-03-31,False,False,WF-017,Silver
C-000198,Mumbai,400053,F,54,2026-03-01,True,True,WF-003,Silver
C-000199,Navi Mumbai,400703,M,45,2025-08-05,False,False,WF-025,Bronze
C-000200,Navi Mumbai,400709,M,44,2025-08-19,False,False,WF-024,Bronze
C-000201,Mumbai,400053,F,51,2023-10-21,False,False,WF-005,Platinum
C-000202,Mumbai,400064,F,18,2025-01-12,False,False,WF-012,Silver
C-000203,Goa,403001,M,35,2023-12-08,False,False,WF-028,Bronze
C-000204,Pune,411038,M,35,2024-09-06,False,False,WF-014,Bronze
C-000205,Nashik,422005,F,53,2025-05-23,True,True,WF-026,Silver
C-000206,Mumbai,400086,F,38,2023-09-02,False,False,WF-005,Bronze
C-000207,Mumbai,400092,F,18,2025-03-30,False,False,WF-001,Bronze
C-000208,Pune,411038,M,61,2023-06-22,False,False,WF-018,Bronze
C-000209,Goa,403001,M,37,2023-09-28,False,True,WF-028,Bronze
C-000210,Mumbai,400053,M,18,2025-01-03,False,False,WF-001,Gold
C-000211,Bengaluru,560034,F,25,2024-08-05,False,False,WF-029,Platinum
C-000212,Pune,411045,M,45,2023-07-17,False,False,WF-018,Gold
C-000213,Thane,400610,M,37,2024-02-20,False,False,WF-020,Silver
C-000214,Nashik,422001,M,18,2025-08-15,False,False,WF-027,Silver
C-000215,Thane,400610,F,19,2024-11-19,True,False,WF-021,Silver
C-000216,Nashik,422005,M,48,2025-01-13,False,False,WF-026,Platinum
C-000217,Mumbai,400076,M,27,2024-10-01,False,False,WF-003,Silver
C-000218,Mumbai,400072,F,49,2024-02-25,False,False,WF-010,Silver
C-000219,Pune,411038,F,47,2025-12-01,True,False,WF-018,Bronze
C-000220,Thane,400610,F,18,2025-07-31,False,False,WF-019,Silver
C-000221,Pune,411004,F,26,2025-12-13,False,False,WF-015,Gold
C-000222,Nashik,422001,M,38,2023-10-07,False,False,WF-026,Bronze
C-000223,Bengaluru,560034,F,44,2023-10-25,False,False,WF-030,Bronze
C-000224,Mumbai,400064,F,45,2023-10-01,True,False,WF-011,Bronze
C-000225,Navi Mumbai,400703,M,23,2024-06-08,True,False,WF-023,Silver
C-000226,Mumbai,400086,Other,58,2024-02-08,False,True,WF-002,Bronze
C-000227,Mumbai,400076,M,27,2023-07-19,False,False,WF-004,Bronze
C-000228,Goa,403001,F,30,2023-12-29,False,False,WF-028,Bronze
C-000229,Thane,400602,M,56,2024-11-24,False,False,WF-019,Gold
C-000230,Mumbai,400086,F,45,2024-11-26,False,False,WF-011,Gold
C-000231,Pune,411014,M,41,2025-10-24,False,False,WF-015,Bronze
C-000232,Thane,400607,F,35,2024-09-24,False,False,WF-021,Gold
C-000233,Navi Mumbai,400706,M,22,2025-12-11,False,False,WF-023,Silver
C-000234,Nashik,422005,M,56,2024-01-16,True,False,WF-026,Bronze
C-000235,Mumbai,400050,F,26,2024-03-11,False,True,WF-012,Bronze
C-000236,Mumbai,400086,M,44,2023-11-17,False,False,WF-008,Bronze
C-000237,Goa,403001,F,62,2023-08-23,False,False,WF-028,Bronze
C-000238,Pune,411021,F,39,2023-11-17,False,False,WF-014,Bronze
C-000239,Pune,411038,M,26,2025-12-13,False,False,WF-016,Bronze
C-000240,Navi Mumbai,400709,F,50,2023-06-04,False,False,WF-025,Silver
C-000241,Navi Mumbai,400706,M,21,2026-03-06,True,False,WF-025,Bronze
C-000242,Mumbai,400064,F,20,2024-11-27,True,False,WF-007,Silver
C-000243,Thane,400601,M,64,2023-07-23,False,True,WF-020,Bronze
C-000244,Mumbai,400050,Other,25,2026-03-02,False,False,WF-005,Bronze
C-000245,Mumbai,400050,M,18,2023-09-24,False,False,WF-001,Bronze
C-000246,Pune,411021,F,32,2023-12-03,False,False,WF-015,Bronze
C-000247,Mumbai,400001,M,42,2024-07-25,False,False,WF-005,Bronze
C-000248,Pune,411004,M,34,2025-01-11,False,False,WF-017,Bronze
C-000249,Mumbai,400076,M,51,2024-12-20,False,False,WF-002,Bronze
C-000250,Mumbai,400097,M,47,2023-06-19,False,True,WF-012,Bronze
C-000251,Mumbai,400086,M,39,2023-10-19,False,False,WF-004,Bronze
C-000252,Thane,400610,F,51,2023-12-23,True,False,WF-022,Silver
C-000253,Nashik,422005,M,40,2025-10-15,False,False,WF-027,Bronze
C-000254,Nashik,422005,F,32,2023-08-31,False,True,WF-026,Bronze
C-000255,Goa,403001,M,29,2025-06-17,True,False,WF-028,Bronze
C-000256,Thane,400601,M,38,2024-01-26,False,False,WF-020,Bronze
C-000257,Thane,400601,M,41,2023-11-27,False,False,WF-021,Silver
C-000258,Pune,411038,M,31,2023-08-10,False,False,WF-013,Silver
C-000259,Navi Mumbai,400709,F,40,2024-11-24,True,False,WF-025,Bronze
C-000260,Mumbai,400064,F,29,2026-01-30,False,False,WF-004,Bronze
C-000261,Navi Mumbai,400703,F,35,2023-05-09,True,True,WF-025,Bronze
C-000262,Mumbai,400086,F,33,2023-05-18,False,False,WF-011,Bronze
C-000263,Goa,403001,M,25,2025-09-26,False,False,WF-028,Platinum
C-000264,Thane,400601,M,43,2023-11-15,False,False,WF-019,Platinum
C-000265,Mumbai,400069,M,41,2023-08-10,True,False,WF-001,Bronze
C-000266,Mumbai,400086,F,29,2023-11-06,False,False,WF-010,Bronze
C-000267,Mumbai,400080,M,30,2023-07-28,False,False,WF-012,Silver
C-000268,Mumbai,400086,M,46,2025-01-18,False,False,WF-012,Bronze
C-000269,Navi Mumbai,400703,M,42,2024-03-08,True,False,WF-025,Platinum
C-000270,Navi Mumbai,400709,F,29,2024-07-25,False,False,WF-023,Bronze
C-000271,Pune,411001,M,30,2025-11-29,False,False,WF-013,Bronze
C-000272,Thane,400602,F,45,2023-07-12,False,False,WF-021,Bronze
C-000273,Navi Mumbai,400706,F,35,2025-04-09,False,False,WF-025,Bronze
C-000274,Pune,411021,F,53,2023-05-14,False,False,WF-018,Silver
C-000275,Mumbai,400069,M,49,2024-06-11,False,False,WF-011,Bronze
C-000276,Navi Mumbai,400709,M,48,2025-06-11,False,False,WF-024,Platinum
C-000277,Mumbai,400069,M,33,2025-05-28,False,True,WF-002,Platinum
C-000278,Pune,411004,F,30,2024-08-01,True,False,WF-013,Gold
C-000279,Pune,411001,M,38,2025-07-14,False,False,WF-015,Bronze
C-000280,Navi Mumbai,400706,M,30,2026-03-23,False,False,WF-025,Bronze
C-000281,Pune,411014,F,29,2025-03-14,False,False,WF-015,Silver
C-000282,Navi Mumbai,400703,M,18,2026-02-05,False,False,WF-023,Silver
C-000283,Mumbai,400001,M,27,2023-05-12,False,False,WF-010,Silver
C-000284,Mumbai,400001,M,31,2024-02-27,False,False,WF-008,Gold
C-000285,Pune,411038,F,30,2023-05-26,True,False,WF-014,Gold
C-000286,Navi Mumbai,400703,M,32,2025-01-23,True,False,WF-025,Gold
C-000287,Mumbai,400058,M,34,2024-07-25,False,False,WF-011,Bronze
C-000288,Pune,411045,F,48,2024-06-28,False,False,WF-017,Silver
C-000289,Mumbai,400050,F,18,2023-08-24,False,False,WF-005,Bronze
C-000290,Mumbai,400076,Other,25,2025-10-02,True,False,WF-007,Bronze
C-000291,Pune,411021,F,37,2025-02-28,False,False,WF-017,Bronze
C-000292,Mumbai,400080,M,36,2023-07-04,False,False,WF-010,Silver
C-000293,Mumbai,400064,M,45,2025-10-07,True,False,WF-010,Platinum
C-000294,Navi Mumbai,400706,M,45,2026-03-11,False,False,WF-024,Gold
C-000295,Nashik,422001,M,24,2023-12-09,True,False,WF-027,Silver
C-000296,Bengaluru,560034,F,47,2024-02-04,False,False,WF-030,Bronze
C-000297,Mumbai,400064,M,45,2025-04-01,False,False,WF-005,Gold
C-000298,Pune,411021,F,18,2024-10-17,False,False,WF-017,Gold
C-000299,Pune,411045,M,46,2025-05-08,False,False,WF-014,Bronze
C-000300,Pune,411021,F,45,2025-12-07,False,True,WF-013,Gold
C-000301,Mumbai,400064,F,68,2025-12-13,False,False,WF-004,Silver
C-000302,Navi Mumbai,400709,F,18,2025-11-28,False,False,WF-025,Bronze
C-000303,Navi Mumbai,400703,F,22,2023-11-14,False,False,WF-025,Bronze
C-000304,Pune,411045,F,32,2024-12-24,False,False,WF-015,Platinum
C-000305,Navi Mumbai,400706,M,39,2025-03-21,False,False,WF-025,Gold
C-000306,Goa,403001,M,28,2024-02-24,False,False,WF-028,Silver
C-000307,Mumbai,400064,Other,48,2024-11-24,False,False,WF-008,Bronze
C-000308,Thane,400601,F,48,2024-06-20,False,False,WF-022,Bronze
C-000309,Mumbai,400092,M,28,2023-09-03,False,False,WF-003,Bronze
C-000310,Navi Mumbai,400706,M,39,2024-09-19,False,False,WF-024,Bronze
C-000311,Mumbai,400076,F,57,2025-06-23,False,False,WF-009,Silver
C-000312,Navi Mumbai,400709,F,49,2023-10-30,False,False,WF-023,Bronze
C-000313,Mumbai,400064,M,31,2025-02-02,False,False,WF-010,Bronze
C-000314,Pune,411038,M,18,2023-05-11,True,False,WF-016,Bronze
C-000315,Bengaluru,560001,M,39,2026-03-05,False,False,WF-029,Bronze
C-000316,Mumbai,400069,F,38,2023-09-28,False,False,WF-010,Bronze
C-000317,Thane,400601,F,25,2024-02-14,False,False,WF-020,Platinum
C-000318,Bengaluru,560001,M,29,2023-11-20,False,False,WF-030,Silver
C-000319,Mumbai,400080,M,47,2025-11-06,False,False,WF-005,Bronze
C-000320,Mumbai,400092,M,52,2024-01-05,False,False,WF-001,Silver
C-000321,Mumbai,400086,F,44,2023-07-06,True,False,WF-011,Silver
C-000322,Mumbai,400064,F,43,2024-06-21,False,False,WF-005,Silver
C-000323,Nashik,422005,M,37,2025-04-01,False,False,WF-027,Bronze
C-000324,Mumbai,400097,F,26,2023-09-03,True,False,WF-002,Bronze
C-000325,Nashik,422001,F,35,2026-01-07,False,False,WF-026,Bronze
C-000326,Mumbai,400080,F,18,2025-03-27,False,False,WF-011,Bronze
C-000327,Pune,411014,M,61,2025-03-16,False,False,WF-013,Bronze
C-000328,Thane,400602,F,37,2025-03-10,False,False,WF-019,Platinum
C-000329,Bengaluru,560001,M,54,2024-07-28,True,False,WF-029,Bronze
C-000330,Pune,411014,M,38,2026-01-09,False,False,WF-017,Bronze
C-000331,Thane,400607,F,34,2023-06-03,False,False,WF-019,Silver
C-000332,Pune,411038,F,55,2023-06-26,False,False,WF-016,Bronze
C-000333,Goa,403001,M,37,2024-12-29,False,True,WF-028,Silver
C-000334,Navi Mumbai,400709,M,46,2025-01-21,False,False,WF-024,Bronze
C-000335,Mumbai,400092,M,44,2025-01-24,False,False,WF-004,Gold
C-000336,Pune,411004,F,27,2023-06-07,False,False,WF-017,Silver
C-000337,Mumbai,400097,M,72,2025-03-28,False,False,WF-004,Bronze
C-000338,Thane,400602,F,44,2025-12-24,False,False,WF-019,Bronze
C-000339,Navi Mumbai,400703,F,51,2023-10-20,False,False,WF-025,Gold
C-000340,Navi Mumbai,400706,F,20,2024-08-29,False,False,WF-025,Bronze
C-000341,Mumbai,400064,F,33,2024-03-25,False,False,WF-012,Bronze
C-000342,Mumbai,400053,M,18,2023-05-13,False,False,WF-012,Gold
C-000343,Navi Mumbai,400703,F,46,2023-09-24,False,False,WF-025,Bronze
C-000344,Navi Mumbai,400703,M,28,2024-12-21,False,False,WF-024,Bronze
C-000345,Mumbai,400097,F,30,2023-08-14,False,False,WF-010,Bronze
C-000346,Nashik,422001,M,37,2023-12-18,False,False,WF-026,Bronze
C-000347,Mumbai,400050,M,38,2023-12-13,False,False,WF-004,Bronze
C-000348,Pune,411021,F,45,2025-05-09,False,False,WF-014,Bronze
C-000349,Nashik,422005,M,34,2024-10-19,False,False,WF-027,Bronze
C-000350,Nashik,422005,M,33,2023-08-30,False,False,WF-027,Silver
C-000351,Mumbai,400069,M,47,2025-03-28,False,False,WF-003,Silver
C-000352,Bengaluru,560001,M,18,2023-12-08,False,False,WF-030,Gold
C-000353,Mumbai,400072,F,40,2026-03-20,False,True,WF-005,Bronze
C-000354,Bengaluru,560034,M,45,2025-12-27,False,False,WF-029,Gold
C-000355,Nashik,422005,F,48,2023-10-10,False,False,WF-026,Bronze
C-000356,Bengaluru,560001,M,45,2026-02-12,True,False,WF-029,Bronze
C-000357,Mumbai,400076,M,46,2023-12-29,False,False,WF-004,Bronze
C-000358,Mumbai,400080,M,51,2024-05-21,False,False,WF-007,Bronze
C-000359,Mumbai,400050,M,45,2024-02-12,False,False,WF-012,Bronze
C-000360,Mumbai,400097,F,18,2026-04-29,True,False,WF-001,Bronze
C-000361,Thane,400601,F,39,2024-07-26,False,False,WF-019,Bronze
C-000362,Bengaluru,560034,M,31,2025-02-18,False,False,WF-029,Silver
C-000363,Mumbai,400069,F,56,2023-10-06,False,False,WF-006,Gold
C-000364,Bengaluru,560034,F,28,2025-02-04,False,False,WF-029,Bronze
C-000365,Mumbai,400064,F,42,2024-11-17,False,False,WF-011,Silver
C-000366,Navi Mumbai,400709,F,52,2023-08-25,False,False,WF-025,Bronze
C-000367,Mumbai,400080,M,18,2024-10-20,False,False,WF-012,Silver
C-000368,Pune,411038,F,46,2026-03-15,False,False,WF-015,Silver
C-000369,Mumbai,400058,M,33,2026-01-11,False,False,WF-005,Gold
C-000370,Bengaluru,560001,F,18,2024-03-13,False,False,WF-030,Bronze
C-000371,Thane,400607,M,28,2023-12-14,True,False,WF-021,Silver
C-000372,Mumbai,400076,F,34,2024-06-26,False,False,WF-010,Bronze
C-000373,Bengaluru,560034,M,56,2024-08-14,False,False,WF-030,Silver
C-000374,Navi Mumbai,400703,F,24,2023-10-13,False,False,WF-023,Bronze
C-000375,Pune,411001,F,38,2023-12-05,False,False,WF-014,Bronze
C-000376,Bengaluru,560001,F,46,2024-06-22,False,False,WF-029,Bronze
C-000377,Pune,411038,M,38,2024-11-25,True,False,WF-014,Bronze
C-000378,Navi Mumbai,400703,F,18,2025-01-10,False,False,WF-025,Bronze
C-000379,Pune,411021,M,27,2024-03-12,True,False,WF-017,Bronze
C-000380,Pune,411021,F,54,2023-11-04,False,False,WF-016,Silver
C-000381,Pune,411001,M,35,2025-11-28,False,False,WF-017,Silver
C-000382,Bengaluru,560001,F,34,2024-07-01,False,False,WF-029,Gold
C-000383,Goa,403001,F,67,2024-11-21,False,False,WF-028,Silver
C-000384,Navi Mumbai,400703,F,32,2023-10-11,False,False,WF-025,Silver
C-000385,Pune,411014,F,45,2023-12-22,False,False,WF-014,Bronze
C-000386,Pune,411021,M,35,2024-12-22,False,False,WF-014,Bronze
C-000387,Mumbai,400053,M,40,2025-07-28,False,False,WF-009,Bronze
C-000388,Mumbai,400064,M,47,2023-11-19,False,False,WF-008,Bronze
C-000389,Nashik,422001,F,52,2025-09-27,False,False,WF-026,Bronze
C-000390,Mumbai,400058,F,69,2024-07-28,False,False,WF-005,Bronze
C-000391,Bengaluru,560001,F,48,2026-01-14,False,False,WF-030,Bronze
C-000392,Pune,411038,F,63,2025-10-04,False,False,WF-017,Bronze
C-000393,Thane,400610,F,30,2026-04-02,False,False,WF-022,Silver
C-000394,Mumbai,400080,F,18,2023-06-10,False,False,WF-006,Bronze
C-000395,Mumbai,400050,F,61,2023-08-10,False,True,WF-011,Silver
C-000396,Navi Mumbai,400703,F,33,2024-03-19,False,False,WF-023,Gold
C-000397,Pune,411045,F,33,2025-12-16,False,False,WF-018,Bronze
C-000398,Nashik,422005,M,43,2024-09-05,False,False,WF-026,Bronze
C-000399,Mumbai,400076,M,41,2024-02-14,False,False,WF-005,Bronze
C-000400,Bengaluru,560001,F,18,2026-01-23,False,False,WF-030,Silver
C-000401,Thane,400602,F,18,2025-02-01,False,False,WF-020,Gold
C-000402,Goa,403001,F,31,2025-10-30,False,False,WF-028,Bronze
C-000403,Mumbai,400069,M,45,2023-06-14,False,False,WF-007,Silver
C-000404,Thane,400601,F,28,2025-04-02,False,False,WF-021,Silver
C-000405,Mumbai,400069,F,21,2023-11-12,False,False,WF-006,Gold
C-000406,Navi Mumbai,400703,F,65,2024-12-07,False,False,WF-023,Silver
C-000407,Navi Mumbai,400703,M,47,2025-08-18,False,False,WF-025,Bronze
C-000408,Pune,411001,M,42,2024-10-03,False,False,WF-013,Gold
C-000409,Mumbai,400064,F,40,2024-01-27,False,False,WF-008,Silver
C-000410,Thane,400610,F,65,2023-06-25,False,True,WF-019,Silver
C-000411,Pune,411014,F,47,2025-10-01,False,False,WF-016,Silver
C-000412,Mumbai,400072,M,18,2025-12-24,False,False,WF-009,Bronze
C-000413,Mumbai,400001,M,32,2023-11-16,False,False,WF-012,Bronze
C-000414,Mumbai,400001,F,37,2025-03-06,False,False,WF-009,Bronze
C-000415,Mumbai,400001,F,55,2024-03-01,True,False,WF-007,Platinum
C-000416,Mumbai,400072,Other,47,2025-05-24,False,False,WF-004,Bronze
C-000417,Navi Mumbai,400706,Other,45,2023-09-24,False,False,WF-024,Bronze
C-000418,Bengaluru,560034,M,18,2023-06-15,False,False,WF-030,Silver
C-000419,Mumbai,400086,M,32,2023-08-12,False,False,WF-001,Bronze
C-000420,Navi Mumbai,400703,M,46,2025-02-25,False,False,WF-025,Gold
C-000421,Mumbai,400053,F,49,2023-10-10,False,False,WF-001,Bronze
C-000422,Thane,400601,F,18,2024-11-15,False,False,WF-019,Bronze
C-000423,Pune,411038,M,23,2023-12-06,False,False,WF-018,Silver
C-000424,Mumbai,400069,F,30,2024-01-28,False,False,WF-006,Silver
C-000425,Mumbai,400050,F,31,2025-10-04,False,False,WF-004,Silver
C-000426,Pune,411021,M,26,2024-01-16,False,False,WF-015,Platinum
C-000427,Mumbai,400080,M,31,2025-03-25,False,True,WF-011,Bronze
C-000428,Thane,400601,M,30,2023-09-24,False,False,WF-022,Bronze
C-000429,Mumbai,400086,M,57,2024-09-10,False,False,WF-010,Gold
C-000430,Mumbai,400086,F,56,2025-08-17,False,False,WF-012,Gold
C-000431,Pune,411045,M,47,2023-09-29,False,False,WF-013,Bronze
C-000432,Thane,400602,M,23,2024-01-25,True,False,WF-020,Silver
C-000433,Navi Mumbai,400703,M,48,2023-12-17,False,False,WF-024,Gold
C-000434,Pune,411021,F,25,2025-05-24,False,False,WF-013,Bronze
C-000435,Mumbai,400069,F,23,2025-04-22,False,False,WF-001,Bronze
C-000436,Bengaluru,560001,M,49,2023-10-22,False,False,WF-029,Silver
C-000437,Goa,403001,M,22,2024-01-26,False,False,WF-028,Gold
C-000438,Bengaluru,560034,F,32,2024-05-17,False,False,WF-030,Bronze
C-000439,Pune,411004,F,40,2025-05-27,False,False,WF-013,Silver
C-000440,Bengaluru,560034,M,58,2025-09-30,False,False,WF-029,Gold
C-000441,Pune,411045,F,60,2023-06-25,False,False,WF-018,Bronze
C-000442,Thane,400601,F,18,2025-12-28,True,False,WF-020,Bronze
C-000443,Bengaluru,560034,M,37,2024-02-27,False,False,WF-029,Silver
C-000444,Mumbai,400076,F,45,2023-07-20,False,False,WF-004,Bronze
C-000445,Mumbai,400050,M,46,2024-02-01,False,False,WF-012,Bronze
C-000446,Thane,400607,M,41,2023-06-26,True,False,WF-020,Silver
C-000447,Mumbai,400058,M,27,2024-02-02,False,False,WF-008,Bronze
C-000448,Navi Mumbai,400703,M,49,2025-12-13,False,False,WF-024,Silver
C-000449,Pune,411038,F,19,2024-10-29,False,False,WF-014,Gold
C-000450,Goa,403001,F,18,2023-09-11,False,False,WF-028,Bronze
C-000451,Mumbai,400092,M,45,2025-11-04,True,False,WF-007,Bronze
C-000452,Thane,400601,F,40,2023-05-25,False,False,WF-020,Bronze
C-000453,Nashik,422001,M,40,2023-12-15,False,False,WF-026,Silver
C-000454,Nashik,422005,M,38,2026-02-08,False,False,WF-026,Bronze
C-000455,Mumbai,400076,M,48,2025-03-17,False,False,WF-004,Bronze
C-000456,Navi Mumbai,400709,F,39,2024-09-18,False,False,WF-024,Bronze
C-000457,Navi Mumbai,400706,M,34,2025-11-30,False,False,WF-023,Bronze
C-000458,Thane,400602,F,31,2026-02-28,False,False,WF-021,Silver
C-000459,Pune,411014,M,48,2024-01-07,False,True,WF-017,Silver
C-000460,Pune,411014,F,59,2023-10-02,False,False,WF-017,Bronze
C-000461,Mumbai,400072,F,61,2024-09-07,False,False,WF-005,Bronze
C-000462,Goa,403001,F,40,2025-05-17,False,False,WF-028,Silver
C-000463,Mumbai,400080,M,51,2023-08-31,False,False,WF-006,Bronze
C-000464,Nashik,422005,F,27,2026-01-29,False,False,WF-027,Bronze
C-000465,Navi Mumbai,400703,F,30,2025-06-15,False,False,WF-024,Silver
C-000466,Navi Mumbai,400706,F,45,2023-08-01,True,True,WF-025,Gold
C-000467,Pune,411038,F,24,2024-05-15,False,False,WF-013,Gold
C-000468,Thane,400601,F,68,2025-04-19,False,False,WF-022,Silver
C-000469,Mumbai,400001,F,36,2024-12-26,False,False,WF-007,Bronze
C-000470,Mumbai,400097,F,45,2024-02-28,True,False,WF-008,Bronze
C-000471,Thane,400601,F,18,2024-11-18,False,False,WF-021,Silver
C-000472,Bengaluru,560001,F,44,2023-12-07,False,False,WF-030,Silver
C-000473,Mumbai,400050,M,48,2026-03-08,False,False,WF-009,Bronze
C-000474,Goa,403001,F,18,2023-11-07,False,False,WF-028,Silver
C-000475,Mumbai,400069,M,21,2024-06-11,True,False,WF-001,Bronze
C-000476,Goa,403001,F,54,2024-02-26,False,False,WF-028,Bronze
C-000477,Bengaluru,560034,F,35,2025-11-11,False,False,WF-030,Silver
C-000478,Bengaluru,560034,M,44,2024-03-12,False,True,WF-030,Bronze
C-000479,Mumbai,400092,M,28,2023-08-05,False,False,WF-011,Gold
C-000480,Goa,403001,F,44,2025-12-30,False,False,WF-028,Gold
C-000481,Pune,411038,Other,30,2025-03-03,True,False,WF-016,Bronze
C-000482,Bengaluru,560034,M,69,2026-01-28,False,False,WF-029,Gold
C-000483,Thane,400610,F,41,2026-04-26,False,False,WF-022,Silver
C-000484,Goa,403001,F,24,2023-08-03,False,False,WF-028,Bronze
C-000485,Mumbai,400050,M,56,2024-01-12,False,False,WF-006,Bronze
C-000486,Mumbai,400001,F,67,2025-02-07,False,False,WF-012,Bronze
C-000487,Mumbai,400069,M,41,2023-11-06,False,False,WF-007,Bronze
C-000488,Thane,400607,F,18,2024-03-18,False,False,WF-019,Silver
C-000489,Mumbai,400076,F,42,2025-08-07,False,True,WF-002,Bronze
C-000490,Goa,403001,M,40,2025-09-01,False,True,WF-028,Platinum
C-000491,Mumbai,400076,F,30,2024-06-15,True,False,WF-004,Bronze
C-000492,Mumbai,400050,F,37,2025-12-11,False,False,WF-004,Silver
C-000493,Goa,403001,M,33,2024-07-11,False,True,WF-028,Bronze
C-000494,Pune,411045,M,44,2025-08-09,True,False,WF-017,Gold
C-000495,Mumbai,400053,M,37,2025-07-31,False,False,WF-003,Bronze
C-000496,Nashik,422001,M,18,2024-06-08,False,False,WF-026,Bronze
C-000497,Thane,400610,M,35,2024-02-19,False,False,WF-022,Silver
C-000498,Nashik,422001,M,35,2023-12-12,False,False,WF-026,Platinum
C-000499,Navi Mumbai,400706,F,35,2024-07-11,False,False,WF-025,Gold
C-000500,Nashik,422001,F,62,2025-12-12,False,False,WF-027,Bronze
C-000501,Goa,403001,F,31,2023-09-02,False,False,WF-028,Bronze
C-000502,Goa,403001,M,69,2023-12-04,False,False,WF-028,Gold
C-000503,Mumbai,400092,F,36,2025-08-11,False,False,WF-009,Platinum
C-000504,Mumbai,400050,F,18,2025-04-19,False,True,WF-010,Bronze
C-000505,Goa,403001,M,28,2024-06-14,False,False,WF-028,Gold
C-000506,Mumbai,400097,M,25,2023-10-30,False,False,WF-012,Bronze
C-000507,Thane,400601,F,24,2024-05-26,False,False,WF-019,Platinum
C-000508,Navi Mumbai,400709,M,18,2025-01-22,False,False,WF-025,Bronze
C-000509,Navi Mumbai,400706,M,32,2025-02-10,False,False,WF-025,Silver
C-000510,Mumbai,400001,M,36,2023-09-02,True,False,WF-012,Bronze
C-000511,Bengaluru,560034,M,26,2023-12-02,False,False,WF-029,Bronze
C-000512,Pune,411021,M,39,2023-12-13,False,False,WF-018,Silver
C-000513,Mumbai,400050,M,50,2024-10-11,True,False,WF-009,Gold
C-000514,Mumbai,400080,M,32,2023-10-17,False,False,WF-001,Bronze
C-000515,Mumbai,400001,F,26,2025-02-15,False,False,WF-008,Bronze
C-000516,Pune,411045,M,34,2024-07-31,False,False,WF-017,Silver
C-000517,Pune,411004,Other,19,2026-02-16,False,False,WF-016,Bronze
C-000518,Goa,403001,F,37,2024-11-29,False,False,WF-028,Gold
C-000519,Goa,403001,F,47,2023-11-02,True,False,WF-028,Silver
C-000520,Mumbai,400097,F,67,2025-04-16,False,False,WF-001,Silver
C-000521,Thane,400610,M,46,2024-06-05,False,False,WF-022,Bronze
C-000522,Pune,411045,F,46,2023-07-23,False,False,WF-016,Bronze
C-000523,Navi Mumbai,400706,F,18,2026-02-28,False,False,WF-024,Silver
C-000524,Pune,411045,M,25,2024-12-16,True,False,WF-014,Platinum
C-000525,Mumbai,400072,F,60,2025-10-06,False,False,WF-002,Gold
C-000526,Nashik,422001,M,24,2026-02-08,False,False,WF-026,Silver
C-000527,Bengaluru,560034,F,32,2025-10-13,False,False,WF-029,Silver
C-000528,Goa,403001,F,23,2023-10-29,False,False,WF-028,Bronze
C-000529,Bengaluru,560034,F,26,2024-11-02,False,False,WF-029,Silver
C-000530,Mumbai,400086,M,49,2024-05-03,True,False,WF-005,Silver
C-000531,Thane,400601,M,52,2023-05-27,False,False,WF-021,Silver
C-000532,Mumbai,400097,M,29,2024-05-09,False,False,WF-008,Bronze
C-000533,Bengaluru,560034,F,39,2024-02-02,False,False,WF-029,Gold
C-000534,Pune,411038,M,36,2025-09-11,False,False,WF-013,Gold
C-000535,Nashik,422001,M,30,2024-05-23,False,False,WF-026,Bronze
C-000536,Pune,411001,M,25,2023-06-17,False,False,WF-016,Bronze
C-000537,Bengaluru,560034,M,49,2025-10-26,False,False,WF-030,Bronze
C-000538,Mumbai,400069,M,44,2024-06-15,False,False,WF-012,Gold
C-000539,Pune,411045,Other,74,2023-08-15,False,False,WF-013,Silver
C-000540,Thane,400610,M,19,2026-04-26,False,False,WF-021,Silver
C-000541,Mumbai,400053,F,20,2023-05-27,False,False,WF-006,Bronze
C-000542,Mumbai,400072,M,21,2023-09-19,False,False,WF-004,Bronze
C-000543,Thane,400607,M,18,2026-04-22,False,True,WF-022,Silver
C-000544,Mumbai,400080,M,26,2026-03-25,False,False,WF-009,Silver
C-000545,Mumbai,400080,M,18,2025-11-04,False,False,WF-006,Platinum
C-000546,Navi Mumbai,400709,F,36,2025-04-22,False,False,WF-025,Silver
C-000547,Pune,411004,F,29,2023-10-09,False,False,WF-017,Bronze
C-000548,Navi Mumbai,400709,M,37,2024-02-19,False,False,WF-023,Bronze
C-000549,Navi Mumbai,400706,F,39,2023-12-26,True,False,WF-024,Bronze
C-000550,Goa,403001,M,45,2023-06-03,False,True,WF-028,Gold
C-000551,Nashik,422005,F,62,2023-09-16,False,False,WF-027,Bronze
C-000552,Thane,400602,F,35,2023-08-16,False,False,WF-022,Silver
C-000553,Bengaluru,560034,M,25,2023-07-01,True,False,WF-030,Bronze
C-000554,Goa,403001,M,29,2025-02-13,False,False,WF-028,Bronze
C-000555,Goa,403001,F,18,2024-03-16,False,False,WF-028,Bronze
C-000556,Mumbai,400064,F,56,2023-10-16,False,False,WF-008,Bronze
C-000557,Pune,411045,F,65,2023-07-04,False,False,WF-017,Bronze
C-000558,Pune,411004,F,48,2023-05-12,False,False,WF-013,Bronze
C-000559,Bengaluru,560034,M,33,2023-12-29,False,False,WF-030,Silver
C-000560,Bengaluru,560034,F,45,2024-03-12,False,False,WF-030,Bronze
C-000561,Nashik,422001,M,34,2023-06-05,False,False,WF-027,Bronze
C-000562,Pune,411045,F,40,2023-12-16,True,False,WF-014,Silver
C-000563,Nashik,422005,M,19,2023-12-07,False,False,WF-027,Silver
C-000564,Navi Mumbai,400703,M,27,2025-12-13,False,False,WF-023,Bronze
C-000565,Bengaluru,560034,F,18,2025-09-10,True,False,WF-029,Bronze
C-000566,Thane,400601,M,39,2024-09-06,False,True,WF-022,Bronze
C-000567,Mumbai,400064,F,50,2023-08-14,False,True,WF-002,Bronze
C-000568,Thane,400601,F,40,2025-02-02,True,False,WF-022,Bronze
C-000569,Navi Mumbai,400709,M,31,2024-06-27,False,False,WF-024,Silver
C-000570,Mumbai,400053,F,45,2023-11-22,False,False,WF-012,Bronze
C-000571,Thane,400602,M,44,2024-07-05,False,False,WF-019,Gold
C-000572,Mumbai,400072,F,19,2023-07-02,False,False,WF-001,Bronze
C-000573,Pune,411038,F,46,2025-04-25,False,False,WF-016,Bronze
C-000574,Mumbai,400072,F,53,2024-03-23,False,False,WF-002,Bronze
C-000575,Thane,400607,M,37,2024-08-14,False,False,WF-021,Gold
C-000576,Goa,403001,M,34,2024-06-01,False,False,WF-028,Bronze
C-000577,Thane,400602,F,35,2025-05-05,False,False,WF-021,Silver
C-000578,Mumbai,400058,F,37,2025-06-16,False,False,WF-012,Bronze
C-000579,Goa,403001,F,60,2023-07-01,False,False,WF-028,Gold
C-000580,Bengaluru,560034,M,27,2026-03-26,False,False,WF-030,Bronze
C-000581,Bengaluru,560034,M,54,2025-03-30,False,False,WF-030,Silver
C-000582,Thane,400601,M,49,2023-09-29,False,False,WF-022,Bronze
C-000583,Nashik,422001,M,25,2025-05-06,False,False,WF-027,Gold
C-000584,Thane,400602,F,45,2026-03-02,False,False,WF-021,Silver
C-000585,Goa,403001,F,40,2025-08-30,False,False,WF-028,Gold
C-000586,Navi Mumbai,400709,F,18,2023-12-11,False,False,WF-024,Bronze
C-000587,Thane,400610,M,55,2026-04-23,True,False,WF-021,Bronze
C-000588,Mumbai,400058,M,36,2024-10-13,False,False,WF-012,Bronze
C-000589,Mumbai,400001,F,18,2025-10-12,False,False,WF-008,Gold
C-000590,Mumbai,400072,F,32,2023-11-09,False,False,WF-008,Bronze
C-000591,Goa,403001,F,36,2025-02-01,False,False,WF-028,Bronze
C-000592,Mumbai,400076,M,32,2023-09-08,False,False,WF-009,Silver
C-000593,Navi Mumbai,400709,M,39,2023-06-05,False,False,WF-023,Bronze
C-000594,Mumbai,400072,F,50,2024-03-27,False,False,WF-004,Bronze
C-000595,Navi Mumbai,400703,M,40,2023-11-14,False,False,WF-025,Bronze
C-000596,Nashik,422005,M,58,2025-04-21,False,False,WF-027,Bronze
C-000597,Thane,400610,M,48,2025-11-28,False,False,WF-020,Silver
C-000598,Bengaluru,560034,F,45,2025-08-22,False,False,WF-030,Platinum
C-000599,Nashik,422001,F,47,2024-03-11,True,False,WF-027,Gold
C-000600,Mumbai,400050,F,28,2025-05-30,False,False,WF-005,Silver
C-000601,Navi Mumbai,400709,M,51,2023-09-02,False,False,WF-024,Bronze
C-000602,Mumbai,400058,F,31,2025-09-06,False,False,WF-010,Bronze
C-000603,Mumbai,400076,M,30,2023-11-02,False,False,WF-007,Bronze
C-000604,Thane,400601,F,24,2023-11-22,False,False,WF-020,Silver
C-000605,Mumbai,400069,F,49,2025-01-16,False,False,WF-012,Platinum
C-000606,Mumbai,400097,M,47,2025-10-10,False,False,WF-012,Silver
C-000607,Navi Mumbai,400706,M,31,2023-09-26,False,False,WF-024,Bronze
C-000608,Pune,411004,F,47,2023-12-13,False,False,WF-015,Bronze
C-000609,Navi Mumbai,400706,F,31,2025-12-15,False,False,WF-024,Bronze
C-000610,Goa,403001,M,38,2023-12-07,False,False,WF-028,Bronze
C-000611,Pune,411038,F,62,2023-07-28,False,False,WF-018,Bronze
C-000612,Nashik,422005,F,44,2024-01-16,False,False,WF-027,Silver
C-000613,Goa,403001,F,48,2024-06-14,False,False,WF-028,Bronze
C-000614,Mumbai,400086,F,48,2023-06-19,True,False,WF-004,Bronze
C-000615,Thane,400601,M,19,2023-07-22,False,False,WF-019,Gold
C-000616,Mumbai,400058,M,45,2025-09-10,False,False,WF-004,Bronze
C-000617,Bengaluru,560001,Other,57,2023-11-08,False,False,WF-030,Silver
C-000618,Pune,411004,M,36,2023-08-13,False,False,WF-014,Bronze
C-000619,Pune,411004,M,35,2026-02-27,False,False,WF-013,Bronze
C-000620,Goa,403001,M,40,2025-10-10,False,False,WF-028,Bronze
C-000621,Bengaluru,560001,F,34,2026-04-04,False,False,WF-029,Silver
C-000622,Mumbai,400092,M,33,2023-11-22,False,False,WF-010,Bronze
C-000623,Mumbai,400097,F,42,2025-02-22,False,False,WF-002,Gold
C-000624,Pune,411001,F,37,2026-04-06,False,False,WF-016,Bronze
C-000625,Mumbai,400069,F,19,2025-08-01,False,False,WF-002,Silver
C-000626,Mumbai,400076,F,22,2024-08-29,False,False,WF-008,Gold
C-000627,Pune,411045,F,20,2023-05-14,False,False,WF-016,Bronze
C-000628,Mumbai,400064,M,43,2023-07-18,False,False,WF-011,Bronze
C-000629,Bengaluru,560034,F,31,2024-12-15,True,False,WF-030,Silver
C-000630,Bengaluru,560034,M,53,2025-03-15,False,False,WF-029,Gold
C-000631,Mumbai,400086,M,49,2024-07-18,False,False,WF-008,Silver
C-000632,Mumbai,400001,M,66,2023-08-20,False,False,WF-004,Bronze
C-000633,Mumbai,400086,F,55,2023-09-12,True,False,WF-007,Gold
C-000634,Mumbai,400097,F,21,2025-12-04,False,False,WF-008,Bronze
C-000635,Pune,411038,M,39,2024-12-08,False,False,WF-015,Silver
C-000636,Navi Mumbai,400709,F,27,2025-03-28,False,False,WF-023,Bronze
C-000637,Mumbai,400069,Other,47,2026-04-26,False,False,WF-006,Bronze
C-000638,Mumbai,400072,M,33,2024-08-18,True,False,WF-006,Gold
C-000639,Nashik,422001,F,60,2023-08-14,False,False,WF-027,Gold
C-000640,Thane,400602,F,27,2023-10-06,False,False,WF-022,Bronze
C-000641,Thane,400610,F,26,2025-09-07,False,False,WF-020,Bronze
C-000642,Pune,411001,F,55,2025-11-08,False,False,WF-013,Silver
C-000643,Goa,403001,F,18,2024-02-20,False,False,WF-028,Bronze
C-000644,Pune,411014,M,30,2023-07-25,False,False,WF-013,Gold
C-000645,Mumbai,400053,F,18,2026-03-10,False,False,WF-010,Silver
C-000646,Mumbai,400069,M,47,2026-02-28,False,False,WF-008,Bronze
C-000647,Mumbai,400092,F,39,2023-09-14,True,False,WF-007,Bronze
C-000648,Navi Mumbai,400703,F,58,2023-09-25,False,False,WF-025,Bronze
C-000649,Mumbai,400086,F,26,2023-11-02,False,False,WF-001,Bronze
C-000650,Mumbai,400072,F,18,2024-09-13,False,False,WF-002,Bronze
C-000651,Navi Mumbai,400709,M,44,2024-06-01,False,False,WF-023,Silver
C-000652,Mumbai,400086,M,49,2024-08-22,False,False,WF-012,Bronze
C-000653,Pune,411021,F,32,2025-05-08,True,False,WF-015,Gold
C-000654,Bengaluru,560034,F,59,2026-01-04,False,False,WF-030,Platinum
C-000655,Mumbai,400001,M,42,2023-09-28,False,False,WF-002,Silver
C-000656,Pune,411045,M,45,2023-06-26,False,False,WF-018,Bronze
C-000657,Navi Mumbai,400709,M,19,2024-03-04,False,False,WF-024,Bronze
C-000658,Mumbai,400072,F,50,2026-02-21,False,False,WF-007,Bronze
C-000659,Thane,400602,F,52,2024-02-07,True,False,WF-022,Silver
C-000660,Mumbai,400050,M,42,2025-12-17,True,False,WF-003,Platinum
C-000661,Mumbai,400064,F,18,2026-04-25,True,False,WF-005,Gold
C-000662,Mumbai,400069,F,44,2026-04-23,False,False,WF-011,Platinum
C-000663,Nashik,422005,M,31,2025-07-29,False,False,WF-027,Gold
C-000664,Goa,403001,F,33,2025-04-28,False,False,WF-028,Bronze
C-000665,Pune,411021,F,27,2023-09-01,False,False,WF-017,Bronze
C-000666,Mumbai,400058,F,28,2026-02-23,False,False,WF-005,Silver
C-000667,Pune,411021,F,53,2024-11-12,False,False,WF-014,Bronze
C-000668,Pune,411014,Other,36,2025-02-09,False,False,WF-015,Bronze
C-000669,Bengaluru,560034,F,31,2024-11-29,False,False,WF-030,Bronze
C-000670,Bengaluru,560001,F,32,2023-08-08,False,False,WF-029,Gold
C-000671,Mumbai,400086,F,44,2023-07-13,False,False,WF-002,Silver
C-000672,Goa,403001,F,47,2023-11-20,False,True,WF-028,Bronze
C-000673,Bengaluru,560001,M,43,2024-01-04,True,False,WF-030,Gold
C-000674,Navi Mumbai,400703,M,59,2025-01-15,False,False,WF-025,Silver
C-000675,Thane,400607,Other,18,2025-07-17,False,False,WF-022,Bronze
C-000676,Mumbai,400072,M,23,2024-03-24,False,True,WF-004,Platinum
C-000677,Bengaluru,560001,M,54,2023-09-27,False,False,WF-029,Bronze
C-000678,Goa,403001,F,61,2026-01-27,True,True,WF-028,Silver
C-000679,Nashik,422005,F,18,2023-06-03,True,False,WF-026,Gold
C-000680,Bengaluru,560001,F,26,2025-01-09,False,False,WF-030,Bronze
C-000681,Mumbai,400001,M,33,2025-01-29,False,False,WF-007,Gold
C-000682,Navi Mumbai,400706,M,61,2024-06-11,False,False,WF-024,Bronze
C-000683,Mumbai,400064,M,45,2023-12-20,False,False,WF-008,Bronze
C-000684,Navi Mumbai,400703,M,32,2023-11-16,True,False,WF-025,Silver
C-000685,Bengaluru,560034,F,31,2025-07-02,False,False,WF-030,Silver
C-000686,Pune,411001,M,49,2026-02-03,False,False,WF-013,Gold
C-000687,Pune,411038,F,18,2023-07-18,True,True,WF-016,Bronze
C-000688,Mumbai,400072,M,34,2025-10-07,False,False,WF-002,Bronze
C-000689,Goa,403001,M,35,2026-04-05,False,False,WF-028,Silver
C-000690,Bengaluru,560034,M,43,2025-12-10,False,False,WF-029,Gold
C-000691,Mumbai,400064,F,26,2024-03-17,False,False,WF-002,Platinum
C-000692,Pune,411001,M,28,2023-10-26,False,False,WF-015,Bronze
C-000693,Nashik,422005,F,39,2023-06-17,False,False,WF-027,Bronze
C-000694,Goa,403001,M,52,2025-08-27,False,False,WF-028,Silver
C-000695,Mumbai,400086,M,43,2025-07-18,False,False,WF-007,Bronze
C-000696,Thane,400610,M,68,2023-10-14,False,False,WF-021,Bronze
C-000697,Thane,400610,F,18,2025-12-21,False,False,WF-022,Bronze
C-000698,Nashik,422001,F,31,2024-01-01,False,True,WF-027,Bronze
C-000699,Pune,411001,M,48,2023-09-13,False,False,WF-015,Silver
C-000700,Navi Mumbai,400706,M,56,2025-12-12,False,False,WF-024,Bronze
C-000701,Pune,411014,M,42,2023-12-04,False,False,WF-013,Bronze
C-000702,Goa,403001,F,29,2024-12-11,False,False,WF-028,Bronze
C-000703,Bengaluru,560034,M,69,2023-12-01,False,False,WF-030,Bronze
C-000704,Nashik,422001,F,27,2025-12-15,True,False,WF-027,Bronze
C-000705,Thane,400607,M,31,2023-06-23,False,False,WF-021,Silver
C-000706,Nashik,422001,F,18,2023-06-05,False,False,WF-026,Silver
C-000707,Pune,411004,M,18,2025-05-11,True,True,WF-018,Bronze
C-000708,Pune,411014,M,32,2024-07-24,False,False,WF-016,Silver
C-000709,Pune,411001,F,40,2023-11-20,False,True,WF-017,Bronze
C-000710,Bengaluru,560001,F,46,2026-01-30,False,False,WF-029,Bronze
C-000711,Nashik,422005,M,18,2025-09-27,False,False,WF-027,Silver
C-000712,Pune,411014,M,52,2023-09-25,False,False,WF-013,Bronze
C-000713,Pune,411021,M,47,2023-11-15,False,False,WF-015,Silver
C-000714,Thane,400601,F,31,2023-06-26,False,True,WF-021,Bronze
C-000715,Mumbai,400001,M,35,2023-10-27,False,False,WF-001,Silver
C-000716,Mumbai,400086,F,34,2024-11-25,False,False,WF-012,Bronze
C-000717,Navi Mumbai,400709,M,46,2024-08-03,False,False,WF-023,Bronze
C-000718,Goa,403001,F,54,2025-05-03,False,False,WF-028,Platinum
C-000719,Mumbai,400086,M,51,2023-09-13,False,False,WF-006,Silver
C-000720,Goa,403001,M,27,2024-12-05,False,False,WF-028,Bronze
C-000721,Pune,411038,F,18,2023-05-14,False,False,WF-014,Silver
C-000722,Thane,400607,F,52,2024-01-26,False,False,WF-019,Bronze
C-000723,Mumbai,400072,F,44,2024-03-14,True,False,WF-008,Gold
C-000724,Mumbai,400076,F,37,2024-04-01,False,False,WF-012,Silver
C-000725,Nashik,422005,M,20,2024-08-22,False,False,WF-026,Bronze
C-000726,Mumbai,400050,M,54,2024-10-29,False,False,WF-003,Silver
C-000727,Mumbai,400080,F,30,2025-06-08,False,False,WF-009,Silver
C-000728,Mumbai,400058,F,43,2023-09-25,False,False,WF-008,Silver
C-000729,Pune,411021,F,47,2025-12-25,False,False,WF-013,Gold
C-000730,Navi Mumbai,400703,F,18,2023-09-23,False,False,WF-024,Silver
C-000731,Navi Mumbai,400706,M,41,2023-08-03,False,False,WF-025,Bronze
C-000732,Bengaluru,560034,F,18,2024-09-03,False,False,WF-030,Bronze
C-000733,Mumbai,400092,F,51,2024-05-24,False,False,WF-005,Silver
C-000734,Pune,411004,F,53,2025-10-15,False,False,WF-014,Bronze
C-000735,Mumbai,400001,M,40,2025-05-13,False,False,WF-012,Silver
C-000736,Mumbai,400058,F,37,2026-03-21,False,True,WF-008,Silver
C-000737,Mumbai,400064,F,26,2024-01-02,False,False,WF-002,Silver
C-000738,Thane,400610,F,31,2023-05-06,False,False,WF-019,Bronze
C-000739,Mumbai,400050,M,43,2023-09-08,False,False,WF-011,Bronze
C-000740,Pune,411004,M,49,2024-06-24,False,True,WF-018,Bronze
C-000741,Nashik,422001,F,29,2025-06-13,True,True,WF-027,Gold
C-000742,Pune,411038,F,22,2023-10-19,False,False,WF-017,Bronze
C-000743,Pune,411021,M,25,2025-04-01,False,False,WF-017,Gold
C-000744,Mumbai,400072,M,23,2023-10-10,False,False,WF-002,Bronze
C-000745,Bengaluru,560001,M,18,2024-01-09,False,False,WF-030,Bronze
C-000746,Pune,411001,F,56,2025-01-24,False,False,WF-017,Bronze
C-000747,Mumbai,400064,F,48,2025-11-17,True,False,WF-010,Silver
C-000748,Goa,403001,F,18,2025-05-22,False,False,WF-028,Silver
C-000749,Goa,403001,M,46,2025-02-12,False,False,WF-028,Bronze
C-000750,Mumbai,400058,F,66,2023-08-22,False,False,WF-005,Gold
C-000751,Mumbai,400050,F,42,2023-10-31,False,False,WF-003,Bronze
C-000752,Mumbai,400069,F,65,2024-03-30,False,False,WF-012,Bronze
C-000753,Mumbai,400076,M,71,2023-12-30,False,False,WF-011,Silver
C-000754,Navi Mumbai,400706,Other,48,2025-06-12,False,False,WF-023,Gold
C-000755,Bengaluru,560001,M,23,2023-12-28,False,False,WF-029,Bronze
C-000756,Mumbai,400080,M,27,2024-12-17,False,False,WF-008,Bronze
C-000757,Navi Mumbai,400703,F,21,2023-12-05,False,False,WF-024,Bronze
C-000758,Mumbai,400053,M,33,2025-03-04,False,True,WF-010,Silver
C-000759,Navi Mumbai,400706,F,18,2023-10-04,False,False,WF-024,Bronze
C-000760,Thane,400601,M,28,2024-08-18,False,False,WF-020,Bronze
C-000761,Navi Mumbai,400709,F,19,2025-10-16,False,False,WF-025,Bronze
C-000762,Thane,400602,F,31,2024-12-14,False,False,WF-020,Bronze
C-000763,Pune,411014,M,30,2024-05-18,False,True,WF-018,Bronze
C-000764,Nashik,422001,M,42,2024-11-18,False,False,WF-027,Bronze
C-000765,Mumbai,400080,M,50,2024-07-08,True,False,WF-009,Silver
C-000766,Bengaluru,560001,F,51,2023-12-19,False,False,WF-030,Gold
C-000767,Thane,400607,F,59,2023-05-03,False,False,WF-020,Gold
C-000768,Nashik,422001,F,43,2025-03-04,False,False,WF-026,Bronze
C-000769,Mumbai,400001,M,20,2023-11-19,False,False,WF-008,Bronze
C-000770,Nashik,422005,F,63,2025-08-20,False,False,WF-027,Silver
C-000771,Thane,400602,M,37,2025-12-16,False,False,WF-021,Bronze
C-000772,Mumbai,400072,F,35,2024-03-06,False,False,WF-003,Bronze
C-000773,Mumbai,400092,M,61,2024-12-02,False,False,WF-011,Bronze
C-000774,Thane,400607,M,35,2023-06-15,False,False,WF-019,Silver
C-000775,Bengaluru,560034,M,21,2025-11-04,False,False,WF-030,Silver
C-000776,Mumbai,400097,M,38,2026-01-20,True,False,WF-003,Silver
C-000777,Mumbai,400053,F,37,2025-12-06,False,False,WF-003,Bronze
C-000778,Mumbai,400097,F,45,2025-01-06,False,False,WF-001,Bronze
C-000779,Mumbai,400064,M,18,2025-11-24,True,False,WF-002,Silver
C-000780,Mumbai,400092,F,45,2024-05-31,False,False,WF-005,Gold
C-000781,Pune,411004,M,36,2023-05-10,False,False,WF-014,Gold
C-000782,Nashik,422005,F,45,2025-02-11,True,False,WF-026,Silver
C-000783,Navi Mumbai,400709,M,26,2024-03-18,False,False,WF-025,Gold
C-000784,Mumbai,400076,F,34,2026-01-23,False,False,WF-010,Gold
C-000785,Thane,400607,F,37,2026-02-05,False,False,WF-020,Silver
C-000786,Navi Mumbai,400709,F,54,2024-02-15,False,False,WF-024,Bronze
C-000787,Thane,400610,F,41,2024-06-28,True,False,WF-022,Bronze
C-000788,Mumbai,400064,M,57,2024-02-11,False,True,WF-006,Silver
C-000789,Thane,400610,M,32,2024-01-14,True,False,WF-019,Silver
C-000790,Thane,400602,F,39,2023-06-05,False,False,WF-022,Bronze
C-000791,Pune,411045,F,19,2023-10-12,False,False,WF-018,Bronze
C-000792,Thane,400610,M,46,2023-07-26,False,False,WF-021,Gold
C-000793,Mumbai,400053,M,52,2024-02-28,False,False,WF-003,Silver
C-000794,Goa,403001,M,28,2025-11-30,True,False,WF-028,Bronze
C-000795,Mumbai,400080,F,32,2024-02-21,False,False,WF-004,Silver
C-000796,Bengaluru,560001,M,32,2025-03-26,False,False,WF-029,Silver
C-000797,Thane,400601,M,29,2023-12-12,False,False,WF-020,Bronze
C-000798,Thane,400601,F,27,2025-10-24,False,False,WF-022,Gold
C-000799,Mumbai,400086,F,43,2025-11-30,False,False,WF-008,Bronze
C-000800,Navi Mumbai,400703,M,24,2023-11-02,False,False,WF-024,Bronze
C-000801,Thane,400601,F,49,2023-08-18,False,False,WF-019,Silver
C-000802,Nashik,422001,F,39,2023-07-23,False,False,WF-027,Bronze
C-000803,Nashik,422001,M,41,2025-03-30,False,False,WF-027,Bronze
C-000804,Bengaluru,560034,Other,32,2025-12-01,False,True,WF-030,Bronze
C-000805,Nashik,422005,F,19,2023-11-23,False,False,WF-026,Bronze
C-000806,Thane,400607,F,59,2026-01-01,False,False,WF-022,Bronze
C-000807,Mumbai,400050,F,41,2024-07-11,False,False,WF-010,Bronze
C-000808,Navi Mumbai,400703,F,20,2026-01-11,False,False,WF-025,Bronze
C-000809,Pune,411021,M,42,2023-05-14,False,False,WF-013,Bronze
C-000810,Pune,411001,M,30,2024-06-21,True,False,WF-018,Silver
C-000811,Thane,400602,F,33,2025-12-25,True,False,WF-021,Silver
C-000812,Pune,411038,M,28,2024-09-10,False,False,WF-018,Platinum
C-000813,Mumbai,400097,M,52,2025-12-19,False,False,WF-006,Platinum
C-000814,Bengaluru,560001,F,40,2024-09-02,False,True,WF-030,Bronze
C-000815,Bengaluru,560034,M,27,2023-07-02,False,False,WF-029,Bronze
C-000816,Navi Mumbai,400706,F,56,2024-06-10,True,False,WF-023,Bronze
C-000817,Pune,411001,M,51,2024-09-15,False,False,WF-014,Bronze
C-000818,Mumbai,400050,M,44,2023-06-09,False,False,WF-007,Silver
C-000819,Mumbai,400001,M,19,2025-07-31,False,False,WF-001,Bronze
C-000820,Mumbai,400076,M,49,2025-05-26,False,False,WF-006,Platinum
C-000821,Pune,411004,F,19,2023-06-22,False,False,WF-018,Platinum
C-000822,Goa,403001,M,32,2024-07-27,False,False,WF-028,Gold
C-000823,Bengaluru,560034,F,31,2024-07-17,False,False,WF-030,Gold
C-000824,Pune,411045,M,23,2025-05-19,False,False,WF-015,Bronze
C-000825,Mumbai,400069,F,25,2025-02-18,True,False,WF-008,Silver
C-000826,Thane,400610,F,56,2024-09-01,False,False,WF-019,Bronze
C-000827,Mumbai,400086,M,23,2024-01-04,False,False,WF-009,Bronze
C-000828,Navi Mumbai,400709,M,35,2023-09-16,False,False,WF-024,Silver
C-000829,Goa,403001,M,46,2023-05-09,False,False,WF-028,Bronze
C-000830,Mumbai,400050,F,44,2023-10-27,False,False,WF-003,Bronze
C-000831,Goa,403001,F,32,2025-10-22,False,False,WF-028,Bronze
C-000832,Goa,403001,F,47,2024-10-23,False,True,WF-028,Gold
C-000833,Mumbai,400064,M,27,2024-11-14,False,False,WF-002,Bronze
C-000834,Pune,411021,F,68,2025-07-17,True,False,WF-013,Bronze
C-000835,Thane,400601,M,35,2023-05-08,False,False,WF-019,Bronze
C-000836,Mumbai,400086,M,31,2025-02-16,False,False,WF-004,Silver
C-000837,Navi Mumbai,400703,F,34,2023-07-15,False,False,WF-023,Bronze
C-000838,Mumbai,400092,F,48,2024-02-03,False,False,WF-012,Bronze
C-000839,Nashik,422001,M,46,2023-12-14,False,False,WF-026,Bronze
C-000840,Pune,411045,M,23,2023-09-17,False,False,WF-014,Bronze
C-000841,Goa,403001,M,54,2023-10-25,False,False,WF-028,Silver
C-000842,Mumbai,400053,F,41,2025-06-28,False,False,WF-001,Bronze
C-000843,Pune,411045,F,51,2026-03-05,False,False,WF-013,Bronze
C-000844,Bengaluru,560034,M,63,2026-02-24,False,False,WF-029,Bronze
C-000845,Goa,403001,F,39,2023-05-09,False,False,WF-028,Gold
C-000846,Mumbai,400050,M,35,2024-10-24,False,False,WF-009,Gold
C-000847,Bengaluru,560001,F,38,2024-07-05,True,False,WF-030,Silver
C-000848,Mumbai,400050,M,18,2024-12-03,False,False,WF-004,Gold
C-000849,Bengaluru,560001,F,55,2023-05-20,True,False,WF-030,Bronze
C-000850,Mumbai,400069,F,52,2023-06-30,False,False,WF-001,Bronze
C-000851,Mumbai,400050,M,48,2024-05-19,False,False,WF-001,Bronze
C-000852,Thane,400607,F,42,2024-10-07,False,False,WF-021,Bronze
C-000853,Pune,411045,M,54,2023-11-06,False,False,WF-013,Gold
C-000854,Mumbai,400092,M,18,2026-03-31,False,False,WF-007,Bronze
C-000855,Bengaluru,560001,M,49,2023-06-17,False,False,WF-030,Bronze
C-000856,Mumbai,400069,M,42,2024-11-09,False,False,WF-007,Silver
C-000857,Thane,400601,M,40,2023-11-11,False,False,WF-020,Bronze
C-000858,Navi Mumbai,400703,M,30,2025-01-23,False,False,WF-023,Bronze
C-000859,Pune,411004,M,37,2026-02-06,False,False,WF-018,Silver
C-000860,Mumbai,400076,F,30,2025-10-15,False,False,WF-006,Silver
C-000861,Thane,400602,F,25,2024-05-15,False,False,WF-020,Bronze
C-000862,Pune,411001,M,27,2023-10-09,False,False,WF-016,Silver
C-000863,Thane,400602,F,18,2023-08-12,False,False,WF-020,Silver
C-000864,Thane,400601,M,23,2025-06-02,True,False,WF-019,Bronze
C-000865,Mumbai,400050,F,18,2024-09-07,False,False,WF-010,Gold
C-000866,Pune,411001,F,51,2023-10-31,False,False,WF-017,Bronze
C-000867,Pune,411014,Other,24,2023-05-30,False,False,WF-017,Silver
C-000868,Navi Mumbai,400709,M,73,2024-01-20,False,False,WF-025,Silver
C-000869,Pune,411001,M,32,2024-02-04,False,False,WF-015,Silver
C-000870,Mumbai,400080,M,41,2026-01-28,False,False,WF-005,Bronze
C-000871,Mumbai,400072,F,47,2024-11-10,False,False,WF-008,Bronze
C-000872,Navi Mumbai,400706,F,50,2023-12-17,True,False,WF-023,Silver
C-000873,Navi Mumbai,400709,F,26,2025-06-04,False,True,WF-025,Bronze
C-000874,Pune,411045,M,31,2023-06-11,False,False,WF-018,Silver
C-000875,Mumbai,400058,F,45,2026-04-17,False,False,WF-002,Silver
C-000876,Navi Mumbai,400703,Other,47,2024-02-29,True,False,WF-024,Silver
C-000877,Mumbai,400097,F,22,2025-05-10,False,False,WF-002,Bronze
C-000878,Mumbai,400097,F,49,2023-07-22,False,False,WF-005,Silver
C-000879,Mumbai,400069,M,24,2023-12-19,True,False,WF-003,Gold
C-000880,Mumbai,400097,M,23,2024-05-09,False,False,WF-004,Bronze
C-000881,Mumbai,400001,F,33,2026-04-27,False,True,WF-001,Silver
C-000882,Pune,411001,M,33,2023-08-19,True,False,WF-013,Bronze
C-000883,Mumbai,400072,F,41,2025-03-26,False,False,WF-011,Bronze
C-000884,Goa,403001,M,34,2025-07-01,False,False,WF-028,Gold
C-000885,Goa,403001,M,38,2024-09-05,True,False,WF-028,Silver
C-000886,Mumbai,400086,F,18,2024-06-21,False,False,WF-005,Bronze
C-000887,Mumbai,400069,M,38,2023-07-04,False,False,WF-010,Bronze
C-000888,Mumbai,400001,M,21,2025-06-24,False,False,WF-009,Bronze
C-000889,Pune,411014,M,22,2025-05-15,True,False,WF-017,Gold
C-000890,Mumbai,400058,F,32,2024-10-20,False,False,WF-006,Bronze
C-000891,Pune,411004,F,22,2023-11-11,False,False,WF-018,Silver
C-000892,Pune,411001,F,18,2023-07-05,False,True,WF-018,Bronze
C-000893,Bengaluru,560034,F,45,2024-01-02,False,False,WF-030,Bronze
C-000894,Mumbai,400001,M,24,2025-11-13,False,True,WF-008,Gold
C-000895,Navi Mumbai,400706,M,42,2024-01-04,True,False,WF-025,Silver
C-000896,Pune,411014,F,29,2025-08-01,False,False,WF-013,Silver
C-000897,Navi Mumbai,400703,M,33,2024-12-20,False,False,WF-025,Bronze
C-000898,Nashik,422001,M,48,2025-10-25,False,False,WF-027,Silver
C-000899,Goa,403001,M,50,2023-09-20,True,False,WF-028,Bronze
C-000900,Bengaluru,560001,M,63,2024-02-12,False,False,WF-030,Bronze
C-000901,Mumbai,400076,M,39,2025-03-30,False,False,WF-009,Bronze
C-000902,Navi Mumbai,400706,F,41,2025-11-24,False,False,WF-024,Bronze
C-000903,Mumbai,400064,M,55,2025-04-23,False,False,WF-001,Bronze
C-000904,Pune,411014,M,33,2023-07-23,True,False,WF-013,Bronze
C-000905,Mumbai,400064,M,21,2024-09-10,False,False,WF-006,Gold
C-000906,Pune,411038,Other,59,2025-08-10,False,False,WF-017,Gold
C-000907,Bengaluru,560001,M,29,2023-09-06,False,False,WF-030,Bronze
C-000908,Mumbai,400086,M,46,2023-09-04,False,False,WF-001,Bronze
C-000909,Pune,411021,F,46,2025-11-09,False,False,WF-016,Silver
C-000910,Bengaluru,560001,M,38,2023-05-08,False,False,WF-030,Silver
C-000911,Mumbai,400001,M,22,2023-10-19,False,False,WF-005,Bronze
C-000912,Navi Mumbai,400703,M,45,2023-06-16,False,False,WF-023,Silver
C-000913,Mumbai,400001,F,34,2026-04-21,False,False,WF-006,Bronze
C-000914,Navi Mumbai,400706,M,18,2024-12-14,False,True,WF-024,Silver
C-000915,Mumbai,400053,M,73,2025-04-26,True,False,WF-008,Gold
C-000916,Pune,411004,M,46,2025-01-26,False,False,WF-015,Silver
C-000917,Navi Mumbai,400703,F,59,2023-06-14,False,False,WF-023,Bronze
C-000918,Nashik,422005,F,24,2023-05-29,False,False,WF-027,Bronze
C-000919,Bengaluru,560001,F,37,2023-07-01,False,False,WF-030,Bronze
C-000920,Mumbai,400058,M,39,2025-04-20,False,False,WF-011,Silver
C-000921,Navi Mumbai,400703,F,51,2023-10-06,False,False,WF-024,Silver
C-000922,Mumbai,400053,F,36,2023-08-08,True,False,WF-003,Bronze
C-000923,Mumbai,400076,M,50,2023-08-16,False,False,WF-003,Bronze
C-000924,Navi Mumbai,400706,M,18,2023-09-28,False,False,WF-025,Bronze
C-000925,Nashik,422001,F,34,2025-12-10,False,False,WF-027,Silver
C-000926,Pune,411021,F,53,2023-05-06,False,False,WF-016,Silver
C-000927,Mumbai,400001,F,39,2023-10-06,False,False,WF-011,Bronze
C-000928,Pune,411014,M,50,2023-07-26,False,False,WF-013,Silver
C-000929,Thane,400607,F,57,2023-11-13,False,False,WF-022,Silver
C-000930,Goa,403001,M,52,2024-02-12,False,False,WF-028,Silver
C-000931,Mumbai,400080,F,67,2023-09-11,True,False,WF-010,Bronze
C-000932,Navi Mumbai,400706,M,33,2026-01-02,False,False,WF-025,Bronze
C-000933,Mumbai,400097,M,54,2024-01-08,False,False,WF-008,Bronze
C-000934,Mumbai,400058,M,63,2023-08-28,False,False,WF-001,Platinum
C-000935,Nashik,422001,F,49,2024-01-22,False,False,WF-026,Bronze
C-000936,Pune,411004,M,62,2024-11-20,False,False,WF-016,Bronze
C-000937,Nashik,422001,F,47,2024-12-09,False,False,WF-026,Platinum
C-000938,Bengaluru,560001,M,38,2023-10-06,False,False,WF-030,Bronze
C-000939,Pune,411001,M,46,2025-05-26,False,False,WF-013,Bronze
C-000940,Navi Mumbai,400703,F,65,2023-12-16,False,False,WF-025,Platinum
C-000941,Mumbai,400076,F,46,2025-09-13,False,False,WF-011,Silver
C-000942,Nashik,422001,M,33,2024-01-13,False,False,WF-027,Silver
C-000943,Navi Mumbai,400703,F,38,2025-04-08,False,False,WF-023,Bronze
C-000944,Thane,400602,M,46,2025-06-27,False,False,WF-022,Bronze
C-000945,Mumbai,400086,M,20,2025-07-21,False,False,WF-004,Bronze
C-000946,Pune,411001,F,18,2024-06-01,False,False,WF-018,Bronze
C-000947,Bengaluru,560001,M,21,2025-03-24,True,False,WF-029,Gold
C-000948,Bengaluru,560001,F,31,2024-01-10,False,False,WF-029,Bronze
C-000949,Thane,400601,M,31,2026-03-23,False,False,WF-022,Bronze
C-000950,Mumbai,400064,F,41,2023-05-13,False,False,WF-012,Silver
C-000951,Bengaluru,560034,F,49,2023-08-01,False,True,WF-029,Gold
C-000952,Bengaluru,560034,M,49,2023-12-10,False,False,WF-029,Bronze
C-000953,Mumbai,400069,M,46,2025-01-07,False,False,WF-005,Bronze
C-000954,Pune,411038,M,37,2026-02-10,False,False,WF-015,Platinum
C-000955,Mumbai,400072,M,30,2025-06-29,False,False,WF-005,Bronze
C-000956,Mumbai,400058,M,43,2024-01-26,False,False,WF-011,Gold
C-000957,Bengaluru,560034,F,38,2025-01-17,False,False,WF-029,Silver
C-000958,Mumbai,400072,M,42,2024-11-26,False,False,WF-002,Bronze
C-000959,Pune,411001,M,44,2024-09-04,False,False,WF-018,Bronze
C-000960,Mumbai,400001,M,42,2024-08-25,True,False,WF-002,Bronze
C-000961,Pune,411038,F,47,2025-07-17,False,False,WF-016,Bronze
C-000962,Mumbai,400072,M,40,2025-11-22,False,True,WF-001,Silver
C-000963,Pune,411014,F,53,2025-03-04,False,False,WF-016,Platinum
C-000964,Mumbai,400080,F,33,2023-09-25,False,False,WF-012,Bronze
C-000965,Navi Mumbai,400709,M,42,2024-02-23,False,False,WF-024,Bronze
C-000966,Navi Mumbai,400706,F,43,2026-03-22,False,False,WF-024,Platinum
C-000967,Navi Mumbai,400703,M,22,2023-06-11,False,False,WF-023,Gold
C-000968,Navi Mumbai,400703,F,63,2026-02-08,False,False,WF-024,Bronze
C-000969,Pune,411004,M,33,2023-05-24,False,False,WF-017,Silver
C-000970,Mumbai,400072,M,43,2025-04-09,True,False,WF-011,Bronze
C-000971,Mumbai,400072,F,33,2024-01-22,False,False,WF-005,Bronze
C-000972,Thane,400601,Other,22,2025-12-27,True,False,WF-020,Bronze
C-000973,Mumbai,400001,M,55,2025-02-26,False,False,WF-008,Gold
C-000974,Mumbai,400058,M,46,2023-05-10,False,False,WF-010,Silver
C-000975,Pune,411001,F,44,2023-10-08,True,True,WF-018,Silver
C-000976,Nashik,422001,M,65,2024-09-03,True,False,WF-026,Gold
C-000977,Thane,400602,M,53,2026-01-28,False,False,WF-022,Silver
C-000978,Mumbai,400072,F,37,2025-02-02,False,True,WF-004,Silver
C-000979,Thane,400601,F,18,2024-11-15,False,False,WF-021,Silver
C-000980,Mumbai,400080,M,36,2025-05-06,False,False,WF-002,Silver
C-000981,Pune,411021,F,41,2024-01-30,True,False,WF-015,Silver
C-000982,Mumbai,400080,F,61,2025-07-16,False,False,WF-007,Bronze
C-000983,Thane,400610,F,18,2023-08-30,True,False,WF-022,Bronze
C-000984,Mumbai,400053,M,43,2024-02-12,False,False,WF-012,Bronze
C-000985,Pune,411045,F,45,2025-03-08,False,False,WF-014,Silver
C-000986,Nashik,422001,M,45,2025-08-21,False,False,WF-026,Silver
C-000987,Mumbai,400064,M,29,2024-12-11,False,False,WF-002,Bronze
C-000988,Thane,400607,M,20,2024-06-10,False,False,WF-019,Gold
C-000989,Pune,411021,F,53,2024-05-10,False,False,WF-017,Gold
C-000990,Navi Mumbai,400709,M,42,2024-03-05,False,True,WF-023,Gold
C-000991,Mumbai,400080,F,34,2024-03-29,False,False,WF-009,Gold
C-000992,Pune,411038,M,37,2023-05-04,False,False,WF-016,Bronze
C-000993,Pune,411021,F,30,2023-09-01,False,False,WF-018,Bronze
C-000994,Navi Mumbai,400706,M,23,2024-10-05,False,False,WF-024,Bronze
C-000995,Thane,400601,F,18,2024-11-28,True,False,WF-022,Silver
C-000996,Thane,400602,F,59,2023-09-13,True,False,WF-022,Bronze
C-000997,Mumbai,400058,F,49,2026-03-01,False,False,WF-003,Gold
C-000998,Pune,411001,F,40,2024-03-13,False,False,WF-013,Bronze
C-000999,Pune,411038,M,46,2025-05-25,True,False,WF-017,Bronze
C-001000,Nashik,422001,F,18,2023-10-16,False,False,WF-027,Silver
C-001001,Pune,411004,M,62,2023-06-23,False,False,WF-017,Silver
C-001002,Goa,403001,M,18,2023-05-19,True,False,WF-028,Silver
C-001003,Thane,400607,F,30,2026-02-02,False,False,WF-019,Bronze
C-001004,Thane,400601,Other,25,2023-06-29,False,True,WF-020,Bronze
C-001005,Bengaluru,560034,M,42,2023-07-02,False,False,WF-029,Platinum
C-001006,Pune,411045,F,61,2025-10-17,False,False,WF-015,Bronze
C-001007,Goa,403001,M,33,2026-04-08,False,False,WF-028,Bronze
C-001008,Thane,400610,F,40,2024-12-11,True,False,WF-021,Bronze
C-001009,Mumbai,400069,F,46,2025-06-08,True,False,WF-007,Gold
C-001010,Nashik,422001,M,24,2024-01-26,False,False,WF-027,Bronze
C-001011,Pune,411021,M,32,2023-09-19,False,True,WF-014,Bronze
C-001012,Thane,400601,M,34,2024-03-17,False,False,WF-022,Bronze
C-001013,Navi Mumbai,400709,M,25,2024-02-06,False,False,WF-024,Silver
C-001014,Pune,411045,M,34,2024-09-10,False,False,WF-016,Bronze
C-001015,Mumbai,400069,M,53,2025-08-14,False,True,WF-012,Bronze
C-001016,Mumbai,400086,M,40,2024-06-23,False,False,WF-012,Bronze
C-001017,Mumbai,400053,M,25,2026-03-23,False,False,WF-001,Bronze
C-001018,Navi Mumbai,400703,F,34,2024-01-22,False,False,WF-024,Silver
C-001019,Pune,411004,M,23,2025-10-31,True,True,WF-014,Platinum
C-001020,Mumbai,400076,M,48,2023-12-06,False,False,WF-001,Silver
C-001021,Mumbai,400058,M,61,2023-10-21,False,False,WF-009,Silver
C-001022,Mumbai,400076,F,35,2024-12-25,False,False,WF-005,Bronze
C-001023,Mumbai,400053,F,25,2026-01-05,True,False,WF-002,Platinum
C-001024,Mumbai,400058,M,28,2024-10-05,False,False,WF-009,Silver
C-001025,Mumbai,400053,M,37,2025-12-06,False,False,WF-009,Bronze
C-001026,Mumbai,400076,F,34,2025-11-16,False,False,WF-010,Bronze
C-001027,Mumbai,400058,M,44,2025-10-18,False,False,WF-010,Bronze
C-001028,Mumbai,400058,F,52,2023-08-14,False,False,WF-007,Platinum
C-001029,Bengaluru,560034,F,35,2023-12-03,False,False,WF-029,Platinum
C-001030,Pune,411004,M,50,2025-12-26,False,False,WF-017,Silver
C-001031,Pune,411001,F,23,2025-05-29,False,False,WF-017,Bronze
C-001032,Mumbai,400092,F,40,2025-10-14,False,True,WF-010,Silver
C-001033,Pune,411014,M,62,2024-10-09,False,False,WF-014,Bronze
C-001034,Thane,400610,M,23,2024-07-26,False,False,WF-022,Bronze
C-001035,Goa,403001,F,22,2026-03-17,False,False,WF-028,Bronze
C-001036,Goa,403001,M,54,2025-07-27,False,False,WF-028,Bronze
C-001037,Thane,400607,F,42,2024-07-14,True,False,WF-022,Silver
C-001038,Pune,411021,M,33,2025-05-26,False,False,WF-016,Platinum
C-001039,Pune,411038,M,39,2023-08-30,False,False,WF-018,Bronze
C-001040,Navi Mumbai,400709,M,47,2024-02-20,False,True,WF-024,Silver
C-001041,Pune,411004,M,26,2023-11-03,False,False,WF-018,Silver
C-001042,Thane,400601,M,43,2025-07-30,False,False,WF-019,Gold
C-001043,Pune,411001,M,20,2024-11-23,False,False,WF-017,Gold
C-001044,Navi Mumbai,400709,F,32,2024-05-09,False,False,WF-023,Gold
C-001045,Navi Mumbai,400703,M,58,2024-01-19,False,False,WF-024,Silver
C-001046,Navi Mumbai,400703,F,18,2024-12-17,False,False,WF-024,Bronze
C-001047,Goa,403001,M,18,2024-03-25,True,True,WF-028,Bronze
C-001048,Mumbai,400050,M,44,2024-12-16,False,False,WF-002,Bronze
C-001049,Mumbai,400080,F,47,2025-03-29,False,True,WF-006,Bronze
C-001050,Pune,411045,F,41,2025-03-04,False,False,WF-018,Silver
C-001051,Thane,400602,M,32,2024-10-02,False,False,WF-020,Bronze
C-001052,Thane,400610,M,18,2024-03-29,False,False,WF-022,Bronze
C-001053,Nashik,422001,M,49,2024-11-09,False,False,WF-027,Silver
C-001054,Thane,400602,M,30,2024-12-12,False,False,WF-019,Silver
C-001055,Bengaluru,560034,M,19,2023-09-27,False,False,WF-030,Silver
C-001056,Bengaluru,560001,F,44,2023-07-13,False,False,WF-030,Bronze
C-001057,Mumbai,400092,M,23,2024-03-10,False,False,WF-008,Bronze
C-001058,Mumbai,400086,F,57,2024-03-25,False,False,WF-011,Bronze
C-001059,Pune,411014,F,52,2024-08-22,False,False,WF-016,Platinum
C-001060,Goa,403001,F,32,2023-06-15,False,False,WF-028,Silver
C-001061,Bengaluru,560001,Other,52,2025-05-20,False,False,WF-029,Silver
C-001062,Nashik,422005,M,22,2025-06-07,False,False,WF-026,Bronze
C-001063,Nashik,422005,F,38,2024-02-16,False,False,WF-027,Silver
C-001064,Mumbai,400050,M,50,2025-10-31,False,False,WF-008,Platinum
C-001065,Mumbai,400072,M,37,2024-07-28,False,False,WF-001,Bronze
C-001066,Mumbai,400080,M,28,2025-05-21,True,True,WF-011,Bronze
C-001067,Thane,400610,M,32,2023-11-13,False,False,WF-020,Bronze
C-001068,Mumbai,400050,F,28,2025-07-13,False,False,WF-007,Silver
C-001069,Bengaluru,560001,Other,18,2023-08-19,False,False,WF-029,Bronze
C-001070,Navi Mumbai,400706,M,64,2025-03-12,False,False,WF-023,Platinum
C-001071,Navi Mumbai,400703,M,38,2025-09-15,True,False,WF-025,Bronze
C-001072,Pune,411014,F,32,2023-06-26,False,False,WF-018,Bronze
C-001073,Nashik,422005,F,29,2023-06-29,True,False,WF-027,Silver
C-001074,Pune,411004,F,29,2025-10-04,False,False,WF-013,Silver
C-001075,Navi Mumbai,400709,M,29,2024-09-29,False,False,WF-023,Silver
C-001076,Mumbai,400069,Other,51,2025-11-04,False,False,WF-003,Bronze
C-001077,Navi Mumbai,400703,F,34,2024-06-23,False,False,WF-025,Silver
C-001078,Navi Mumbai,400709,M,31,2026-02-23,False,False,WF-024,Bronze
C-001079,Pune,411014,F,44,2023-10-23,False,True,WF-013,Bronze
C-001080,Mumbai,400001,F,56,2024-07-10,True,False,WF-009,Silver
C-001081,Mumbai,400050,M,31,2024-07-18,False,False,WF-002,Silver
C-001082,Bengaluru,560001,M,22,2026-01-06,False,False,WF-029,Silver
C-001083,Thane,400601,M,55,2026-01-07,False,False,WF-020,Silver
C-001084,Pune,411021,F,35,2025-02-04,False,False,WF-014,Bronze
C-001085,Mumbai,400076,F,51,2025-12-30,False,False,WF-010,Bronze
C-001086,Mumbai,400086,M,68,2025-08-07,False,False,WF-002,Silver
C-001087,Pune,411001,F,52,2023-12-01,False,False,WF-014,Bronze
C-001088,Mumbai,400086,M,28,2024-09-25,False,False,WF-005,Gold
C-001089,Mumbai,400050,F,48,2023-09-01,False,False,WF-004,Bronze
C-001090,Bengaluru,560001,M,18,2025-08-29,False,False,WF-030,Bronze
C-001091,Mumbai,400053,M,18,2024-02-25,True,False,WF-010,Silver
C-001092,Bengaluru,560001,M,43,2023-11-29,False,False,WF-030,Bronze
C-001093,Mumbai,400058,M,41,2023-06-20,False,False,WF-002,Bronze
C-001094,Mumbai,400076,M,18,2023-09-09,False,False,WF-009,Bronze
C-001095,Thane,400602,M,33,2024-07-01,False,True,WF-022,Bronze
C-001096,Pune,411021,F,49,2026-04-21,False,False,WF-016,Bronze
C-001097,Mumbai,400076,M,18,2024-08-11,True,False,WF-005,Gold
C-001098,Thane,400607,M,35,2024-01-20,False,False,WF-020,Bronze
C-001099,Mumbai,400058,M,28,2024-02-12,True,False,WF-002,Bronze
C-001100,Mumbai,400076,M,29,2026-03-16,False,False,WF-006,Gold
C-001101,Nashik,422001,F,34,2023-08-27,False,False,WF-027,Bronze
C-001102,Mumbai,400050,F,37,2023-12-19,True,False,WF-001,Gold
C-001103,Pune,411038,M,23,2024-10-13,False,False,WF-014,Silver
C-001104,Bengaluru,560034,M,41,2025-01-14,False,False,WF-029,Bronze
C-001105,Mumbai,400001,Other,41,2023-08-31,False,False,WF-005,Bronze
C-001106,Pune,411038,F,44,2026-01-10,False,True,WF-018,Bronze
C-001107,Mumbai,400069,M,52,2024-06-30,False,False,WF-001,Platinum
C-001108,Mumbai,400097,F,42,2025-09-10,False,False,WF-005,Gold
C-001109,Mumbai,400064,F,51,2025-10-25,False,True,WF-007,Platinum
C-001110,Mumbai,400072,M,50,2023-09-29,True,False,WF-004,Platinum
C-001111,Mumbai,400069,F,65,2024-07-06,True,False,WF-009,Silver
C-001112,Mumbai,400097,M,36,2024-08-20,False,False,WF-007,Silver
C-001113,Nashik,422001,F,18,2024-01-24,True,False,WF-026,Bronze
C-001114,Mumbai,400050,F,25,2025-07-16,False,False,WF-002,Silver
C-001115,Goa,403001,F,32,2024-12-20,False,False,WF-028,Bronze
C-001116,Thane,400607,F,37,2023-09-08,False,False,WF-022,Bronze
C-001117,Thane,400602,F,48,2025-06-24,False,False,WF-019,Bronze
C-001118,Goa,403001,Other,18,2025-05-25,False,False,WF-028,Gold
C-001119,Mumbai,400072,F,25,2023-11-10,False,False,WF-011,Silver
C-001120,Mumbai,400092,F,60,2025-05-01,True,False,WF-008,Silver
C-001121,Navi Mumbai,400703,F,40,2023-08-06,False,False,WF-024,Silver
C-001122,Mumbai,400050,M,30,2024-01-03,False,False,WF-004,Bronze
C-001123,Navi Mumbai,400706,M,37,2023-08-21,True,False,WF-025,Platinum
C-001124,Pune,411001,M,44,2026-02-25,False,True,WF-018,Bronze
C-001125,Thane,400602,F,32,2023-07-16,False,False,WF-021,Bronze
C-001126,Nashik,422001,F,32,2023-11-15,False,False,WF-027,Silver
C-001127,Mumbai,400097,M,40,2026-03-29,False,False,WF-006,Bronze
C-001128,Thane,400610,M,57,2025-09-11,False,False,WF-020,Silver
C-001129,Goa,403001,F,29,2025-11-05,False,False,WF-028,Bronze
C-001130,Bengaluru,560034,F,32,2024-01-28,False,False,WF-029,Silver
C-001131,Nashik,422005,F,35,2023-08-11,False,False,WF-026,Bronze
C-001132,Mumbai,400069,F,42,2024-05-05,True,False,WF-009,Silver
C-001133,Mumbai,400069,M,43,2024-05-02,False,False,WF-003,Bronze
C-001134,Navi Mumbai,400703,M,36,2025-02-16,False,False,WF-025,Platinum
C-001135,Goa,403001,M,53,2024-05-15,False,False,WF-028,Silver
C-001136,Mumbai,400072,M,47,2023-07-31,False,False,WF-005,Silver
C-001137,Mumbai,400053,M,31,2024-01-07,False,False,WF-001,Platinum
C-001138,Thane,400607,F,61,2024-05-25,False,False,WF-022,Silver
C-001139,Mumbai,400069,M,19,2025-08-12,False,False,WF-012,Bronze
C-001140,Thane,400607,Other,39,2023-05-24,False,True,WF-019,Gold
C-001141,Goa,403001,M,22,2023-08-24,False,False,WF-028,Silver
C-001142,Pune,411004,M,27,2023-08-31,False,False,WF-018,Bronze
C-001143,Thane,400607,F,38,2024-06-05,False,False,WF-020,Platinum
C-001144,Nashik,422001,F,18,2024-08-18,False,False,WF-027,Bronze
C-001145,Thane,400607,F,40,2023-05-17,False,False,WF-022,Silver
C-001146,Navi Mumbai,400703,M,46,2023-11-24,False,False,WF-023,Silver
C-001147,Mumbai,400072,F,43,2025-01-10,True,False,WF-002,Gold
C-001148,Mumbai,400069,M,38,2025-04-18,False,False,WF-005,Bronze
C-001149,Mumbai,400050,M,45,2025-11-04,False,False,WF-001,Bronze
C-001150,Pune,411004,M,35,2023-05-09,False,False,WF-016,Bronze
C-001151,Mumbai,400072,M,22,2026-02-20,False,False,WF-004,Platinum
C-001152,Thane,400610,F,43,2025-02-27,False,False,WF-021,Bronze
C-001153,Mumbai,400072,F,31,2025-04-22,False,False,WF-001,Silver
C-001154,Navi Mumbai,400703,M,29,2023-12-24,False,False,WF-023,Bronze
C-001155,Mumbai,400069,F,33,2023-10-15,False,False,WF-012,Silver
C-001156,Navi Mumbai,400703,M,53,2025-12-23,False,False,WF-024,Bronze
C-001157,Pune,411004,M,52,2024-03-16,False,False,WF-016,Silver
C-001158,Mumbai,400092,M,30,2023-08-15,True,False,WF-008,Gold
C-001159,Thane,400610,F,46,2023-08-03,False,False,WF-020,Gold
C-001160,Thane,400602,F,48,2023-07-01,False,False,WF-022,Bronze
C-001161,Navi Mumbai,400706,M,18,2025-12-28,True,False,WF-024,Bronze
C-001162,Mumbai,400058,M,38,2024-12-09,False,False,WF-002,Bronze
C-001163,Mumbai,400050,F,49,2024-08-26,False,True,WF-012,Bronze
C-001164,Pune,411038,F,39,2024-02-07,False,False,WF-018,Bronze
C-001165,Mumbai,400064,M,38,2025-03-10,False,False,WF-011,Silver
C-001166,Nashik,422001,F,45,2025-03-23,False,True,WF-026,Gold
C-001167,Mumbai,400050,M,41,2025-04-10,False,False,WF-010,Bronze
C-001168,Mumbai,400080,M,60,2023-10-01,False,False,WF-005,Bronze
C-001169,Pune,411001,M,44,2023-06-13,False,True,WF-018,Gold
C-001170,Navi Mumbai,400706,M,28,2023-12-01,False,False,WF-023,Gold
C-001171,Mumbai,400064,M,26,2026-04-10,False,False,WF-007,Bronze
C-001172,Nashik,422001,F,41,2023-12-02,False,False,WF-027,Bronze
C-001173,Navi Mumbai,400709,F,68,2023-06-07,False,False,WF-025,Silver
C-001174,Mumbai,400072,M,53,2025-06-13,False,True,WF-004,Bronze
C-001175,Bengaluru,560001,M,33,2024-03-03,False,False,WF-029,Bronze
C-001176,Bengaluru,560001,M,76,2025-07-13,False,False,WF-030,Silver
C-001177,Mumbai,400001,F,24,2023-07-05,False,False,WF-012,Bronze
C-001178,Mumbai,400058,M,18,2026-04-11,False,False,WF-010,Bronze
C-001179,Pune,411045,M,46,2026-02-01,False,False,WF-014,Silver
C-001180,Thane,400602,F,44,2025-10-26,False,False,WF-022,Bronze
C-001181,Mumbai,400092,M,40,2023-05-07,True,False,WF-001,Silver
C-001182,Thane,400602,M,46,2023-11-02,False,False,WF-020,Gold
C-001183,Mumbai,400097,M,36,2024-12-11,False,False,WF-003,Silver
C-001184,Pune,411004,M,18,2025-06-18,False,False,WF-014,Bronze
C-001185,Mumbai,400064,M,49,2025-09-21,False,False,WF-010,Gold
C-001186,Pune,411038,F,44,2025-02-09,False,False,WF-016,Silver
C-001187,Goa,403001,F,80,2024-02-15,False,False,WF-028,Bronze
C-001188,Goa,403001,M,38,2023-08-16,True,False,WF-028,Bronze
C-001189,Pune,411045,F,21,2025-07-09,False,False,WF-017,Gold
C-001190,Mumbai,400064,F,37,2023-07-20,False,False,WF-012,Silver
C-001191,Goa,403001,F,56,2023-10-05,False,False,WF-028,Platinum
C-001192,Pune,411038,M,50,2024-01-23,False,False,WF-014,Silver
C-001193,Goa,403001,F,30,2026-04-04,False,False,WF-028,Bronze
C-001194,Mumbai,400097,M,39,2023-12-24,False,False,WF-001,Silver
C-001195,Goa,403001,M,40,2025-11-21,False,False,WF-028,Bronze
C-001196,Thane,400602,M,20,2025-06-23,False,True,WF-022,Bronze
C-001197,Nashik,422005,F,36,2023-09-08,True,False,WF-027,Gold
C-001198,Nashik,422005,F,46,2023-11-17,False,False,WF-027,Silver
C-001199,Mumbai,400001,F,35,2023-10-27,True,False,WF-008,Gold
C-001200,Mumbai,400092,F,28,2023-11-09,False,False,WF-007,Bronze
C-001201,Mumbai,400072,M,50,2025-08-30,False,False,WF-007,Silver
C-001202,Bengaluru,560034,M,34,2023-11-11,False,False,WF-030,Silver
C-001203,Bengaluru,560034,Other,43,2025-03-18,False,False,WF-030,Bronze
C-001204,Mumbai,400092,F,58,2024-05-17,False,True,WF-006,Silver
C-001205,Thane,400602,F,33,2025-11-13,False,False,WF-019,Bronze
C-001206,Goa,403001,M,42,2025-06-24,False,False,WF-028,Gold
C-001207,Mumbai,400086,M,18,2025-02-15,False,False,WF-006,Gold
C-001208,Pune,411045,F,28,2023-11-23,False,False,WF-014,Silver
C-001209,Mumbai,400058,M,18,2026-03-08,False,False,WF-011,Bronze
C-001210,Bengaluru,560001,M,33,2024-12-19,False,False,WF-029,Platinum
C-001211,Mumbai,400072,F,20,2026-02-04,False,False,WF-011,Bronze
C-001212,Mumbai,400053,M,36,2024-06-01,False,False,WF-012,Bronze
C-001213,Nashik,422005,F,20,2025-12-13,False,False,WF-027,Bronze
C-001214,Mumbai,400072,F,48,2023-08-05,False,False,WF-006,Gold
C-001215,Mumbai,400001,M,43,2025-02-23,False,False,WF-007,Bronze
C-001216,Goa,403001,F,39,2023-09-30,False,False,WF-028,Bronze
C-001217,Mumbai,400069,F,70,2024-08-27,False,False,WF-004,Silver
C-001218,Nashik,422001,M,40,2024-10-28,False,False,WF-027,Bronze
C-001219,Thane,400602,F,50,2025-01-29,False,True,WF-020,Platinum
C-001220,Thane,400601,M,30,2026-04-08,False,False,WF-019,Silver
C-001221,Bengaluru,560001,F,41,2025-04-17,True,False,WF-029,Bronze
C-001222,Bengaluru,560034,F,22,2024-11-06,True,False,WF-029,Gold
C-001223,Mumbai,400097,F,43,2025-06-23,False,False,WF-012,Bronze
C-001224,Mumbai,400001,F,43,2025-07-22,False,False,WF-004,Silver
C-001225,Bengaluru,560001,M,39,2024-06-09,False,False,WF-029,Bronze
C-001226,Thane,400602,M,38,2024-02-02,True,False,WF-022,Silver
C-001227,Bengaluru,560034,F,45,2026-03-14,False,False,WF-030,Bronze
C-001228,Mumbai,400058,M,47,2023-11-25,True,False,WF-008,Bronze
C-001229,Thane,400601,M,25,2024-05-30,False,False,WF-022,Bronze
C-001230,Bengaluru,560034,F,18,2025-10-31,True,False,WF-029,Platinum
C-001231,Thane,400607,F,44,2026-01-04,False,False,WF-020,Bronze
C-001232,Bengaluru,560034,F,50,2025-03-31,False,False,WF-030,Bronze
C-001233,Thane,400607,F,49,2023-12-23,False,False,WF-020,Silver
C-001234,Pune,411038,F,40,2025-01-13,False,False,WF-017,Silver
C-001235,Pune,411045,M,46,2024-02-05,False,True,WF-016,Bronze
C-001236,Mumbai,400069,M,23,2023-08-25,True,True,WF-004,Bronze
C-001237,Mumbai,400064,F,34,2025-12-19,False,False,WF-012,Bronze
C-001238,Navi Mumbai,400709,F,42,2025-10-01,False,False,WF-025,Bronze
C-001239,Mumbai,400053,F,18,2026-02-07,True,False,WF-002,Bronze
C-001240,Bengaluru,560001,F,55,2025-06-01,False,False,WF-030,Bronze
C-001241,Mumbai,400053,M,42,2025-10-24,False,False,WF-009,Silver
C-001242,Mumbai,400072,F,29,2023-09-23,False,False,WF-010,Silver
C-001243,Navi Mumbai,400709,M,46,2024-07-07,False,False,WF-025,Silver
C-001244,Nashik,422005,F,20,2025-08-07,True,False,WF-026,Silver
C-001245,Pune,411001,M,44,2025-04-26,False,False,WF-014,Bronze
C-001246,Nashik,422005,M,18,2025-01-18,False,False,WF-026,Bronze
C-001247,Thane,400602,M,18,2025-04-17,False,False,WF-021,Silver
C-001248,Pune,411004,F,35,2023-06-29,True,False,WF-014,Bronze
C-001249,Mumbai,400072,F,57,2025-12-22,False,False,WF-007,Gold
C-001250,Pune,411045,M,44,2024-05-08,True,False,WF-014,Silver
C-001251,Pune,411038,M,18,2024-05-06,False,False,WF-016,Bronze
C-001252,Mumbai,400080,M,37,2025-11-13,False,False,WF-005,Bronze
C-001253,Navi Mumbai,400706,F,41,2025-12-14,False,False,WF-025,Bronze
C-001254,Mumbai,400086,F,33,2025-08-24,False,False,WF-005,Bronze
C-001255,Mumbai,400050,M,25,2026-01-05,False,False,WF-004,Gold
C-001256,Pune,411045,M,49,2025-05-10,False,False,WF-016,Silver
C-001257,Mumbai,400050,F,47,2025-01-20,False,False,WF-012,Gold
C-001258,Nashik,422005,M,29,2023-08-16,False,False,WF-026,Silver
C-001259,Nashik,422005,M,48,2024-03-07,False,False,WF-026,Bronze
C-001260,Mumbai,400072,M,48,2024-09-24,False,True,WF-006,Platinum
C-001261,Pune,411038,F,43,2025-10-03,False,False,WF-014,Bronze
C-001262,Bengaluru,560034,Other,46,2025-08-19,False,True,WF-029,Silver
C-001263,Navi Mumbai,400709,F,66,2024-07-21,False,False,WF-025,Bronze
C-001264,Pune,411001,Other,35,2025-05-10,False,False,WF-014,Gold
C-001265,Pune,411014,M,23,2025-07-06,False,False,WF-016,Platinum
C-001266,Mumbai,400053,Other,33,2024-01-01,False,False,WF-011,Bronze
C-001267,Thane,400602,M,47,2025-02-13,False,False,WF-020,Bronze
C-001268,Pune,411045,F,57,2024-03-18,False,False,WF-016,Gold
C-001269,Thane,400602,F,56,2024-11-01,False,False,WF-022,Silver
C-001270,Pune,411045,M,39,2023-08-02,True,False,WF-017,Silver
C-001271,Pune,411004,M,59,2025-08-06,True,False,WF-016,Platinum
C-001272,Bengaluru,560034,F,26,2024-12-27,False,False,WF-029,Gold
C-001273,Mumbai,400086,F,35,2024-10-07,False,False,WF-006,Silver
C-001274,Mumbai,400086,M,44,2023-11-27,False,False,WF-002,Bronze
C-001275,Nashik,422001,M,40,2024-05-05,False,False,WF-027,Silver
C-001276,Thane,400610,F,55,2026-01-02,False,False,WF-020,Bronze
C-001277,Thane,400602,M,36,2024-12-08,True,False,WF-019,Bronze
C-001278,Mumbai,400080,F,26,2026-01-14,False,False,WF-004,Silver
C-001279,Mumbai,400058,F,29,2023-11-04,False,False,WF-010,Silver
C-001280,Mumbai,400001,F,31,2025-03-28,True,False,WF-010,Bronze
C-001281,Pune,411045,M,36,2023-12-22,False,False,WF-013,Bronze
C-001282,Thane,400610,F,31,2023-12-16,False,False,WF-019,Silver
C-001283,Thane,400610,F,37,2026-02-15,False,False,WF-021,Bronze
C-001284,Mumbai,400097,F,61,2024-01-10,False,False,WF-005,Silver
C-001285,Mumbai,400058,Other,23,2023-10-19,False,False,WF-001,Bronze
C-001286,Bengaluru,560001,M,27,2026-04-19,False,False,WF-029,Silver
C-001287,Pune,411021,M,33,2025-07-10,False,False,WF-013,Silver
C-001288,Goa,403001,M,38,2023-09-05,False,False,WF-028,Platinum
C-001289,Bengaluru,560034,F,19,2024-05-29,True,True,WF-030,Bronze
C-001290,Thane,400601,M,38,2024-12-18,False,False,WF-021,Bronze
C-001291,Pune,411001,F,24,2024-11-23,False,False,WF-017,Gold
C-001292,Pune,411001,M,31,2023-08-06,False,False,WF-015,Silver
C-001293,Pune,411001,M,40,2024-02-09,False,False,WF-015,Bronze
C-001294,Pune,411021,F,18,2024-06-05,False,False,WF-018,Bronze
C-001295,Mumbai,400097,F,32,2023-08-10,True,False,WF-012,Bronze
C-001296,Thane,400607,M,51,2025-06-10,True,False,WF-019,Bronze
C-001297,Thane,400607,F,53,2025-05-23,False,False,WF-020,Gold
C-001298,Mumbai,400069,M,18,2025-06-05,False,False,WF-004,Bronze
C-001299,Pune,411014,F,39,2023-12-20,False,True,WF-017,Bronze
C-001300,Mumbai,400064,F,27,2023-12-15,False,False,WF-006,Gold
C-001301,Mumbai,400086,F,44,2025-02-20,True,False,WF-001,Bronze
C-001302,Navi Mumbai,400703,F,22,2024-10-26,False,False,WF-024,Bronze
C-001303,Thane,400607,F,47,2023-12-27,False,False,WF-020,Bronze
C-001304,Mumbai,400092,M,30,2024-03-07,False,False,WF-011,Bronze
C-001305,Mumbai,400076,M,47,2025-01-14,False,True,WF-002,Bronze
C-001306,Thane,400602,F,50,2025-09-18,False,False,WF-021,Gold
C-001307,Mumbai,400097,F,37,2023-08-09,True,False,WF-007,Silver
C-001308,Mumbai,400050,M,20,2023-10-16,False,False,WF-005,Platinum
C-001309,Mumbai,400069,F,18,2023-12-04,False,False,WF-005,Bronze
C-001310,Navi Mumbai,400709,M,44,2024-09-28,False,False,WF-025,Bronze
C-001311,Thane,400610,F,48,2025-03-26,False,False,WF-021,Bronze
C-001312,Bengaluru,560001,M,39,2025-01-12,False,False,WF-030,Gold
C-001313,Mumbai,400001,M,28,2024-02-27,False,False,WF-008,Silver
C-001314,Mumbai,400086,M,62,2023-11-18,False,False,WF-001,Bronze
C-001315,Pune,411038,M,40,2023-11-09,False,False,WF-018,Bronze
C-001316,Mumbai,400050,F,32,2024-05-13,False,False,WF-007,Platinum
C-001317,Thane,400602,F,50,2024-01-06,False,False,WF-022,Bronze
C-001318,Mumbai,400086,M,64,2024-05-23,False,False,WF-006,Platinum
C-001319,Mumbai,400076,M,24,2024-06-02,False,False,WF-009,Silver
C-001320,Pune,411014,M,57,2023-06-19,False,False,WF-015,Bronze
C-001321,Mumbai,400076,M,18,2025-08-14,False,False,WF-005,Bronze
C-001322,Thane,400601,F,55,2026-01-23,False,True,WF-021,Bronze
C-001323,Mumbai,400058,F,20,2024-08-01,False,False,WF-003,Bronze
C-001324,Mumbai,400064,Other,42,2026-02-26,False,False,WF-009,Silver
C-001325,Goa,403001,M,46,2024-12-18,False,False,WF-028,Bronze
C-001326,Nashik,422001,F,44,2024-08-18,False,False,WF-026,Silver
C-001327,Pune,411021,F,34,2024-09-26,False,False,WF-017,Silver
C-001328,Goa,403001,M,29,2023-10-22,False,False,WF-028,Bronze
C-001329,Bengaluru,560034,F,49,2025-01-08,False,False,WF-029,Gold
C-001330,Goa,403001,M,47,2026-03-08,False,False,WF-028,Bronze
C-001331,Pune,411038,M,48,2024-03-20,True,False,WF-015,Bronze
C-001332,Bengaluru,560001,F,37,2026-04-13,True,False,WF-029,Bronze
C-001333,Mumbai,400050,M,18,2024-09-23,False,False,WF-012,Silver
C-001334,Nashik,422005,M,37,2026-04-23,True,False,WF-027,Bronze
C-001335,Mumbai,400072,M,41,2023-08-16,False,False,WF-006,Bronze
C-001336,Navi Mumbai,400706,Other,43,2024-07-18,False,False,WF-023,Silver
C-001337,Pune,411038,F,42,2023-09-14,False,False,WF-016,Bronze
C-001338,Navi Mumbai,400706,M,34,2025-12-02,False,False,WF-023,Bronze
C-001339,Pune,411001,F,47,2026-04-18,False,False,WF-017,Platinum
C-001340,Bengaluru,560034,M,53,2023-07-29,False,False,WF-029,Gold
C-001341,Bengaluru,560001,M,59,2024-04-01,False,False,WF-030,Bronze
C-001342,Mumbai,400086,M,21,2025-08-22,False,False,WF-007,Bronze
C-001343,Mumbai,400058,F,59,2025-03-10,False,False,WF-003,Bronze
C-001344,Navi Mumbai,400703,M,42,2024-01-17,False,False,WF-023,Silver
C-001345,Navi Mumbai,400703,F,29,2023-12-17,True,False,WF-025,Silver
C-001346,Pune,411021,M,31,2025-06-17,False,False,WF-017,Bronze
C-001347,Mumbai,400072,F,26,2024-03-02,True,False,WF-004,Silver
C-001348,Bengaluru,560034,F,53,2024-03-24,False,False,WF-030,Bronze
C-001349,Navi Mumbai,400709,M,31,2024-01-04,False,False,WF-025,Gold
C-001350,Thane,400601,F,26,2025-11-05,False,False,WF-021,Bronze
C-001351,Pune,411038,F,64,2023-07-15,False,False,WF-014,Bronze
C-001352,Mumbai,400064,M,44,2024-03-16,False,False,WF-006,Bronze
C-001353,Pune,411004,M,44,2026-02-18,True,False,WF-015,Bronze
C-001354,Mumbai,400069,F,51,2024-11-18,False,False,WF-010,Silver
C-001355,Mumbai,400097,M,27,2025-03-14,False,False,WF-001,Bronze
C-001356,Nashik,422001,M,33,2025-09-09,False,False,WF-026,Silver
C-001357,Mumbai,400092,M,53,2024-01-30,False,False,WF-008,Silver
C-001358,Mumbai,400092,M,47,2023-07-12,False,False,WF-008,Bronze
C-001359,Mumbai,400069,M,46,2023-06-25,False,False,WF-003,Silver
C-001360,Thane,400610,F,52,2024-06-09,True,False,WF-019,Gold
C-001361,Thane,400602,M,42,2025-12-21,False,False,WF-021,Silver
C-001362,Bengaluru,560001,M,31,2025-05-20,False,False,WF-030,Bronze
C-001363,Pune,411045,M,49,2024-02-03,True,False,WF-016,Bronze
C-001364,Bengaluru,560034,M,64,2023-08-02,False,False,WF-029,Silver
C-001365,Pune,411021,F,40,2023-11-24,False,False,WF-015,Bronze
C-001366,Nashik,422005,M,53,2023-10-25,False,True,WF-026,Silver
C-001367,Navi Mumbai,400703,F,33,2023-11-09,False,False,WF-023,Bronze
C-001368,Nashik,422001,M,44,2024-02-05,False,False,WF-026,Bronze
C-001369,Goa,403001,M,28,2024-07-14,False,False,WF-028,Silver
C-001370,Mumbai,400076,F,45,2024-09-10,True,True,WF-004,Gold
C-001371,Mumbai,400076,M,32,2026-01-18,False,False,WF-012,Bronze
C-001372,Mumbai,400092,F,66,2024-07-12,False,False,WF-002,Silver
C-001373,Thane,400602,F,57,2025-04-28,False,False,WF-021,Silver
C-001374,Thane,400601,M,18,2026-01-22,False,False,WF-022,Platinum
C-001375,Navi Mumbai,400703,M,39,2023-12-24,True,False,WF-024,Bronze
C-001376,Thane,400607,F,18,2024-03-16,False,False,WF-019,Gold
C-001377,Bengaluru,560034,F,58,2023-08-07,False,False,WF-029,Bronze
C-001378,Bengaluru,560034,M,26,2023-06-09,False,False,WF-030,Bronze
C-001379,Pune,411045,F,44,2025-06-06,False,False,WF-018,Bronze
C-001380,Thane,400607,F,32,2024-02-23,False,False,WF-020,Gold
C-001381,Pune,411021,M,41,2026-02-15,False,False,WF-017,Bronze
C-001382,Mumbai,400097,F,25,2023-12-31,False,False,WF-008,Silver
C-001383,Mumbai,400072,M,74,2026-03-14,False,False,WF-002,Silver
C-001384,Mumbai,400053,M,38,2023-08-26,False,False,WF-012,Bronze
C-001385,Pune,411045,F,41,2023-09-21,True,True,WF-015,Silver
C-001386,Pune,411014,M,40,2025-05-31,False,True,WF-013,Bronze
C-001387,Thane,400610,M,45,2023-08-07,False,False,WF-020,Silver
C-001388,Pune,411004,M,57,2023-06-21,False,False,WF-013,Gold
C-001389,Mumbai,400076,F,23,2025-06-19,False,False,WF-010,Bronze
C-001390,Mumbai,400072,M,52,2024-01-11,False,False,WF-002,Gold
C-001391,Goa,403001,M,52,2025-04-04,False,False,WF-028,Silver
C-001392,Thane,400607,F,50,2024-09-07,False,False,WF-022,Silver
C-001393,Mumbai,400053,F,44,2023-11-20,False,False,WF-012,Platinum
C-001394,Bengaluru,560001,F,29,2024-05-19,False,False,WF-030,Platinum
C-001395,Nashik,422001,Other,42,2024-12-23,True,True,WF-026,Bronze
C-001396,Goa,403001,M,40,2025-03-17,False,False,WF-028,Silver
C-001397,Goa,403001,F,54,2025-02-11,False,False,WF-028,Gold
C-001398,Navi Mumbai,400703,F,28,2024-09-01,False,True,WF-025,Bronze
C-001399,Mumbai,400080,F,58,2023-05-20,False,False,WF-002,Gold
C-001400,Goa,403001,F,33,2025-07-18,False,False,WF-028,Bronze
C-001401,Thane,400607,F,60,2025-12-18,False,False,WF-022,Bronze
C-001402,Pune,411021,M,35,2023-10-05,False,True,WF-013,Silver
C-001403,Mumbai,400069,M,46,2024-03-16,False,True,WF-001,Silver
C-001404,Thane,400601,M,18,2024-06-23,False,False,WF-021,Platinum
C-001405,Bengaluru,560001,M,35,2023-05-25,False,False,WF-030,Bronze
C-001406,Mumbai,400050,M,55,2023-06-15,False,False,WF-012,Gold
C-001407,Mumbai,400076,F,37,2025-03-28,True,False,WF-002,Silver
C-001408,Mumbai,400069,M,25,2024-12-17,False,False,WF-004,Bronze
C-001409,Nashik,422001,F,37,2023-08-06,True,False,WF-027,Bronze
C-001410,Pune,411004,F,27,2025-12-06,False,False,WF-013,Silver
C-001411,Goa,403001,F,46,2024-05-01,False,False,WF-028,Bronze
C-001412,Mumbai,400050,M,32,2023-09-06,False,True,WF-007,Silver
C-001413,Thane,400610,F,50,2024-06-06,False,False,WF-022,Bronze
C-001414,Pune,411004,M,54,2025-04-26,False,True,WF-018,Bronze
C-001415,Nashik,422001,M,32,2024-10-26,False,False,WF-027,Bronze
C-001416,Thane,400601,F,37,2024-12-01,False,False,WF-021,Bronze
C-001417,Goa,403001,F,56,2023-10-19,False,False,WF-028,Bronze
C-001418,Thane,400602,M,26,2023-11-29,False,False,WF-021,Gold
C-001419,Pune,411045,M,55,2026-03-10,False,False,WF-017,Bronze
C-001420,Navi Mumbai,400709,F,34,2025-01-18,False,False,WF-024,Bronze
C-001421,Bengaluru,560001,F,44,2023-06-10,False,False,WF-029,Bronze
C-001422,Bengaluru,560001,M,60,2025-10-12,False,False,WF-029,Bronze
C-001423,Navi Mumbai,400706,M,46,2025-02-16,False,False,WF-025,Silver
C-001424,Bengaluru,560034,M,36,2024-01-03,False,False,WF-030,Gold
C-001425,Mumbai,400064,F,52,2023-12-08,False,False,WF-005,Bronze
C-001426,Bengaluru,560034,F,48,2024-08-04,True,False,WF-029,Gold
C-001427,Pune,411038,F,40,2024-09-01,False,False,WF-017,Gold
C-001428,Mumbai,400050,M,18,2024-12-25,True,False,WF-002,Gold
C-001429,Navi Mumbai,400703,F,45,2024-08-14,False,False,WF-023,Bronze
C-001430,Nashik,422005,M,53,2024-02-25,False,False,WF-026,Silver
C-001431,Pune,411004,M,24,2026-04-18,True,False,WF-013,Platinum
C-001432,Mumbai,400092,M,35,2025-07-05,False,False,WF-010,Silver
C-001433,Thane,400607,M,20,2026-04-24,False,False,WF-021,Silver
C-001434,Bengaluru,560001,F,29,2025-10-17,False,False,WF-030,Platinum
C-001435,Bengaluru,560034,M,41,2024-03-29,False,False,WF-030,Bronze
C-001436,Mumbai,400086,M,47,2024-02-03,True,False,WF-002,Bronze
C-001437,Bengaluru,560001,M,50,2024-02-01,False,False,WF-030,Silver
C-001438,Navi Mumbai,400703,F,55,2026-04-07,False,False,WF-025,Bronze
C-001439,Thane,400610,M,53,2026-01-14,True,False,WF-022,Bronze
C-001440,Mumbai,400092,M,60,2024-05-28,True,False,WF-004,Silver
C-001441,Pune,411004,M,18,2023-09-06,False,False,WF-018,Gold
C-001442,Thane,400610,F,34,2023-11-26,False,False,WF-020,Bronze
C-001443,Thane,400610,M,18,2024-06-17,True,False,WF-020,Silver
C-001444,Mumbai,400086,M,48,2026-03-07,False,False,WF-011,Bronze
C-001445,Mumbai,400069,F,25,2025-02-20,False,False,WF-002,Silver
C-001446,Mumbai,400058,M,23,2023-08-21,True,False,WF-004,Gold
C-001447,Mumbai,400001,M,31,2024-08-15,False,True,WF-008,Gold
C-001448,Bengaluru,560001,F,21,2024-08-10,False,False,WF-029,Silver
C-001449,Bengaluru,560034,F,50,2024-11-21,False,False,WF-029,Silver
C-001450,Nashik,422001,M,22,2024-10-02,False,False,WF-027,Bronze
C-001451,Thane,400610,F,43,2023-05-28,False,False,WF-021,Bronze
C-001452,Pune,411001,M,27,2024-01-10,False,False,WF-013,Bronze
C-001453,Mumbai,400058,F,22,2026-02-22,False,False,WF-012,Bronze
C-001454,Bengaluru,560001,F,31,2024-07-30,False,True,WF-030,Platinum
C-001455,Navi Mumbai,400703,M,25,2024-03-24,False,False,WF-024,Bronze
C-001456,Mumbai,400080,M,54,2025-08-23,False,False,WF-008,Gold
C-001457,Mumbai,400076,F,54,2026-03-24,False,False,WF-003,Bronze
C-001458,Pune,411021,M,47,2024-02-13,False,False,WF-016,Bronze
C-001459,Pune,411014,F,39,2024-03-06,False,False,WF-018,Bronze
C-001460,Pune,411004,F,39,2025-05-17,False,False,WF-017,Bronze
C-001461,Navi Mumbai,400709,F,25,2025-10-08,False,False,WF-023,Platinum
C-001462,Nashik,422005,F,31,2024-03-01,True,False,WF-027,Silver
C-001463,Mumbai,400001,M,41,2024-06-14,False,False,WF-009,Bronze
C-001464,Goa,403001,F,28,2025-04-24,False,False,WF-028,Bronze
C-001465,Mumbai,400092,M,54,2025-08-25,False,False,WF-008,Silver
C-001466,Bengaluru,560034,M,18,2025-02-03,True,True,WF-029,Bronze
C-001467,Bengaluru,560001,F,47,2024-12-05,False,False,WF-030,Silver
C-001468,Nashik,422005,M,18,2024-03-25,False,False,WF-026,Bronze
C-001469,Mumbai,400097,F,43,2025-06-06,False,False,WF-004,Platinum
C-001470,Navi Mumbai,400709,M,31,2025-12-06,False,False,WF-025,Silver
C-001471,Bengaluru,560034,F,47,2024-06-27,False,False,WF-029,Bronze
C-001472,Pune,411045,M,48,2024-03-04,False,False,WF-014,Silver
C-001473,Pune,411014,F,18,2024-05-12,False,False,WF-013,Gold
C-001474,Mumbai,400076,M,29,2025-12-01,False,True,WF-006,Platinum
C-001475,Bengaluru,560034,F,32,2023-12-05,False,False,WF-029,Gold
C-001476,Pune,411001,F,29,2024-01-27,False,False,WF-016,Gold
C-001477,Navi Mumbai,400706,M,56,2024-02-22,False,False,WF-023,Silver
C-001478,Thane,400601,M,22,2023-10-12,False,False,WF-019,Silver
C-001479,Bengaluru,560034,M,37,2025-08-30,False,False,WF-030,Gold
C-001480,Mumbai,400097,M,31,2023-09-18,False,False,WF-003,Silver
C-001481,Mumbai,400058,F,25,2025-06-18,False,False,WF-010,Silver
C-001482,Pune,411004,M,18,2023-09-24,False,False,WF-014,Silver
C-001483,Thane,400607,M,54,2025-01-15,False,True,WF-019,Bronze
C-001484,Mumbai,400064,F,54,2024-02-13,False,True,WF-012,Silver
C-001485,Nashik,422001,M,49,2026-02-08,True,False,WF-026,Bronze
C-001486,Mumbai,400086,M,33,2023-12-05,False,True,WF-011,Bronze
C-001487,Pune,411045,F,43,2025-01-24,False,False,WF-018,Bronze
C-001488,Navi Mumbai,400706,M,29,2024-02-11,False,False,WF-024,Bronze
C-001489,Pune,411004,F,47,2023-10-25,False,False,WF-016,Bronze
C-001490,Mumbai,400076,F,25,2023-10-26,True,False,WF-009,Silver
C-001491,Mumbai,400080,M,25,2024-03-01,False,False,WF-011,Bronze
C-001492,Navi Mumbai,400703,F,49,2025-11-19,False,True,WF-023,Bronze
C-001493,Goa,403001,M,49,2023-11-09,True,True,WF-028,Bronze
C-001494,Bengaluru,560034,M,60,2025-03-08,False,False,WF-029,Gold
C-001495,Mumbai,400092,M,45,2026-02-08,False,False,WF-007,Silver
C-001496,Pune,411045,F,23,2023-07-19,False,False,WF-013,Gold
C-001497,Thane,400607,M,41,2023-09-08,True,False,WF-022,Platinum
C-001498,Thane,400610,M,39,2025-05-27,False,True,WF-020,Bronze
C-001499,Pune,411014,F,52,2024-02-28,False,False,WF-018,Bronze
C-001500,Navi Mumbai,400703,M,37,2024-11-14,False,False,WF-023,Bronze
C-001501,Mumbai,400076,F,35,2025-09-19,False,True,WF-012,Bronze
C-001502,Mumbai,400072,M,65,2023-08-30,True,False,WF-009,Silver
C-001503,Navi Mumbai,400706,M,53,2024-08-20,False,False,WF-024,Silver
C-001504,Mumbai,400072,M,18,2023-11-29,False,True,WF-004,Bronze
C-001505,Navi Mumbai,400709,M,22,2025-12-17,False,False,WF-023,Bronze
C-001506,Nashik,422001,F,55,2026-03-19,False,False,WF-027,Bronze
C-001507,Thane,400607,M,33,2023-12-26,True,False,WF-021,Bronze
C-001508,Goa,403001,M,22,2023-12-28,False,False,WF-028,Silver
C-001509,Thane,400607,M,23,2026-03-24,False,False,WF-020,Bronze
C-001510,Mumbai,400086,M,18,2023-10-18,False,False,WF-005,Bronze
C-001511,Bengaluru,560034,F,18,2024-03-01,False,False,WF-030,Bronze
C-001512,Mumbai,400072,F,44,2024-05-08,False,False,WF-004,Silver
C-001513,Mumbai,400064,M,72,2025-06-23,False,False,WF-005,Bronze
C-001514,Bengaluru,560034,M,46,2024-08-25,False,False,WF-029,Gold
C-001515,Pune,411045,M,29,2025-11-26,False,False,WF-015,Bronze
C-001516,Thane,400607,M,63,2024-06-07,False,False,WF-019,Gold
C-001517,Mumbai,400092,F,45,2024-03-25,False,False,WF-011,Bronze
C-001518,Pune,411038,F,32,2025-08-28,False,False,WF-017,Silver
C-001519,Pune,411014,F,55,2023-10-16,False,True,WF-015,Silver
C-001520,Thane,400601,F,28,2025-10-01,True,False,WF-022,Silver
C-001521,Navi Mumbai,400709,M,66,2026-02-24,False,False,WF-025,Bronze
C-001522,Mumbai,400050,M,46,2026-01-29,False,False,WF-011,Silver
C-001523,Bengaluru,560001,M,30,2025-10-07,False,False,WF-029,Silver
C-001524,Mumbai,400001,M,50,2025-06-16,False,False,WF-005,Bronze
C-001525,Mumbai,400053,M,36,2024-06-01,False,False,WF-003,Platinum
C-001526,Mumbai,400001,M,26,2023-05-18,True,False,WF-002,Bronze
C-001527,Mumbai,400001,F,60,2023-08-31,False,False,WF-005,Bronze
C-001528,Mumbai,400092,F,18,2025-06-30,False,False,WF-006,Silver
C-001529,Bengaluru,560034,F,57,2025-06-09,False,False,WF-029,Bronze
C-001530,Navi Mumbai,400703,M,18,2026-02-11,False,False,WF-023,Bronze
C-001531,Pune,411038,F,46,2025-06-23,False,False,WF-015,Bronze
C-001532,Bengaluru,560001,M,24,2023-06-02,False,False,WF-030,Gold
C-001533,Bengaluru,560034,M,28,2024-09-05,False,False,WF-029,Bronze
C-001534,Nashik,422001,M,31,2024-06-20,False,False,WF-027,Gold
C-001535,Goa,403001,M,30,2025-05-23,False,False,WF-028,Bronze
C-001536,Mumbai,400001,M,18,2026-04-20,False,False,WF-003,Bronze
C-001537,Mumbai,400072,M,22,2023-05-18,False,False,WF-006,Platinum
C-001538,Goa,403001,M,19,2023-10-16,True,False,WF-028,Bronze
C-001539,Navi Mumbai,400706,M,46,2025-08-10,True,False,WF-024,Bronze
C-001540,Mumbai,400072,F,18,2023-06-11,False,False,WF-001,Gold
C-001541,Mumbai,400064,F,49,2025-10-25,False,False,WF-010,Gold
C-001542,Navi Mumbai,400703,M,47,2024-07-17,False,False,WF-024,Silver
C-001543,Thane,400602,M,65,2025-01-16,False,True,WF-022,Bronze
C-001544,Pune,411045,F,48,2024-08-25,False,False,WF-013,Bronze
C-001545,Pune,411045,M,38,2025-12-17,False,False,WF-014,Bronze
C-001546,Thane,400607,M,27,2025-10-12,False,False,WF-022,Bronze
C-001547,Mumbai,400076,F,44,2025-05-27,False,False,WF-005,Platinum
C-001548,Mumbai,400080,M,52,2024-06-12,True,False,WF-008,Platinum
C-001549,Bengaluru,560001,F,21,2025-12-05,False,True,WF-029,Gold
C-001550,Mumbai,400072,M,43,2024-01-06,False,False,WF-006,Bronze
C-001551,Nashik,422005,M,65,2023-11-01,False,False,WF-027,Bronze
C-001552,Mumbai,400050,F,36,2026-02-21,False,False,WF-011,Silver
C-001553,Bengaluru,560001,F,50,2024-02-05,False,False,WF-029,Bronze
C-001554,Thane,400607,F,19,2025-01-29,False,False,WF-020,Gold
C-001555,Mumbai,400080,M,46,2025-06-29,False,False,WF-010,Gold
C-001556,Navi Mumbai,400706,F,41,2025-07-29,True,False,WF-023,Silver
C-001557,Mumbai,400080,Other,38,2024-09-05,False,False,WF-007,Silver
C-001558,Navi Mumbai,400706,F,50,2024-08-11,False,False,WF-024,Gold
C-001559,Pune,411045,F,58,2024-11-11,False,False,WF-017,Gold
C-001560,Pune,411001,F,33,2023-08-23,False,False,WF-013,Gold
C-001561,Nashik,422001,M,23,2026-04-06,False,False,WF-027,Bronze
C-001562,Thane,400601,M,24,2023-08-18,True,False,WF-022,Bronze
C-001563,Thane,400607,M,39,2024-05-06,False,False,WF-020,Silver
C-001564,Goa,403001,F,46,2024-03-26,False,False,WF-028,Gold
C-001565,Thane,400601,Other,28,2023-07-07,False,False,WF-022,Gold
C-001566,Thane,400610,M,50,2023-07-07,False,False,WF-021,Gold
C-001567,Nashik,422005,F,50,2025-09-19,False,False,WF-026,Bronze
C-001568,Mumbai,400076,F,38,2025-02-10,False,False,WF-012,Platinum
C-001569,Pune,411045,F,27,2024-03-11,False,False,WF-015,Silver
C-001570,Mumbai,400092,M,54,2023-11-13,False,False,WF-010,Bronze
C-001571,Nashik,422001,F,19,2025-12-29,False,False,WF-026,Bronze
C-001572,Nashik,422001,M,45,2025-08-11,False,False,WF-027,Silver
C-001573,Mumbai,400076,F,33,2023-06-05,True,False,WF-004,Bronze
C-001574,Goa,403001,M,34,2026-04-08,False,False,WF-028,Bronze
C-001575,Mumbai,400053,Other,43,2023-07-15,False,False,WF-004,Bronze
C-001576,Nashik,422001,M,30,2025-05-19,False,False,WF-026,Bronze
C-001577,Mumbai,400001,F,27,2024-10-14,True,False,WF-007,Bronze
C-001578,Thane,400610,F,34,2025-01-25,False,True,WF-022,Bronze
C-001579,Pune,411045,F,57,2024-05-10,False,False,WF-018,Silver
C-001580,Navi Mumbai,400709,M,48,2025-08-27,False,False,WF-023,Bronze
C-001581,Nashik,422005,F,33,2026-01-10,False,False,WF-026,Silver
C-001582,Pune,411001,F,47,2025-07-30,False,False,WF-013,Silver
C-001583,Pune,411001,M,51,2023-11-25,False,False,WF-014,Bronze
C-001584,Mumbai,400086,M,18,2024-12-29,False,False,WF-004,Silver
C-001585,Pune,411004,M,42,2024-02-13,False,False,WF-017,Bronze
C-001586,Mumbai,400001,M,49,2025-03-18,True,False,WF-004,Silver
C-001587,Thane,400610,M,51,2025-01-27,True,False,WF-022,Bronze
C-001588,Mumbai,400076,F,31,2024-10-19,False,False,WF-006,Silver
C-001589,Navi Mumbai,400706,F,33,2023-06-18,False,False,WF-024,Silver
C-001590,Mumbai,400080,M,37,2026-01-08,False,False,WF-012,Bronze
C-001591,Bengaluru,560034,F,18,2024-03-02,False,False,WF-029,Gold
C-001592,Thane,400610,M,37,2024-10-25,True,False,WF-022,Bronze
C-001593,Navi Mumbai,400706,M,48,2025-03-07,True,False,WF-023,Silver
C-001594,Mumbai,400050,F,56,2024-03-31,False,False,WF-010,Bronze
C-001595,Nashik,422005,M,28,2025-12-28,True,False,WF-027,Bronze
C-001596,Bengaluru,560034,M,42,2025-04-05,False,False,WF-030,Bronze
C-001597,Mumbai,400053,F,40,2025-04-16,False,False,WF-009,Bronze
C-001598,Mumbai,400064,M,46,2026-03-16,False,False,WF-001,Silver
C-001599,Mumbai,400058,F,44,2025-08-28,False,False,WF-009,Gold
C-001600,Mumbai,400069,F,31,2023-10-06,False,False,WF-003,Gold
C-001601,Thane,400602,M,50,2023-09-29,False,False,WF-019,Silver
C-001602,Nashik,422001,M,38,2023-05-14,False,False,WF-027,Gold
C-001603,Mumbai,400086,F,36,2024-11-04,False,False,WF-009,Silver
C-001604,Goa,403001,F,25,2023-12-18,True,False,WF-028,Silver
C-001605,Mumbai,400053,M,54,2025-11-15,False,False,WF-009,Gold
C-001606,Mumbai,400086,M,25,2024-08-13,False,False,WF-009,Bronze
C-001607,Mumbai,400001,F,38,2026-02-27,False,False,WF-010,Bronze
C-001608,Thane,400601,F,43,2024-01-29,True,False,WF-021,Silver
C-001609,Pune,411001,F,39,2023-08-18,False,False,WF-018,Gold
C-001610,Goa,403001,Other,42,2024-05-04,False,False,WF-028,Gold
C-001611,Mumbai,400080,M,54,2023-08-16,True,False,WF-007,Bronze
C-001612,Thane,400610,M,29,2023-11-03,False,False,WF-022,Bronze
C-001613,Goa,403001,M,26,2025-12-10,False,False,WF-028,Bronze
C-001614,Bengaluru,560034,M,48,2023-06-01,False,False,WF-030,Bronze
C-001615,Navi Mumbai,400703,F,49,2024-01-20,False,False,WF-024,Gold
C-001616,Mumbai,400001,F,42,2024-01-30,False,False,WF-002,Bronze
C-001617,Mumbai,400001,M,32,2025-11-17,False,False,WF-002,Silver
C-001618,Pune,411038,F,50,2025-09-12,False,True,WF-016,Platinum
C-001619,Pune,411001,M,42,2024-09-23,False,True,WF-018,Silver
C-001620,Mumbai,400080,M,40,2025-06-27,False,False,WF-005,Silver
C-001621,Mumbai,400092,F,24,2025-04-08,False,False,WF-005,Silver
C-001622,Nashik,422001,M,37,2025-11-11,False,False,WF-027,Bronze
C-001623,Thane,400610,M,24,2025-05-11,False,False,WF-022,Bronze
C-001624,Mumbai,400064,M,33,2024-05-22,False,False,WF-010,Bronze
C-001625,Goa,403001,M,39,2024-06-18,False,False,WF-028,Bronze
C-001626,Mumbai,400050,F,32,2025-01-04,False,True,WF-005,Platinum
C-001627,Bengaluru,560001,F,40,2023-06-01,False,False,WF-029,Platinum
C-001628,Pune,411021,F,18,2024-08-22,False,False,WF-016,Bronze
C-001629,Bengaluru,560001,M,67,2025-10-31,False,True,WF-029,Bronze
C-001630,Navi Mumbai,400706,M,40,2024-07-04,False,False,WF-025,Platinum
C-001631,Mumbai,400097,F,21,2023-06-07,True,True,WF-012,Bronze
C-001632,Mumbai,400080,M,31,2025-12-28,False,False,WF-009,Gold
C-001633,Nashik,422005,F,24,2024-03-01,False,False,WF-026,Bronze
C-001634,Pune,411014,F,35,2024-08-16,False,False,WF-018,Bronze
C-001635,Pune,411001,M,52,2025-07-08,False,False,WF-018,Bronze
C-001636,Mumbai,400072,M,20,2025-07-22,False,True,WF-005,Gold
C-001637,Navi Mumbai,400703,F,30,2026-01-18,False,False,WF-023,Silver
C-001638,Mumbai,400058,F,29,2024-08-11,True,False,WF-006,Platinum
C-001639,Pune,411045,F,58,2024-02-20,False,False,WF-015,Bronze
C-001640,Mumbai,400097,F,34,2023-10-02,False,False,WF-005,Bronze
C-001641,Mumbai,400069,M,54,2025-01-25,False,False,WF-010,Silver
C-001642,Mumbai,400058,M,25,2024-06-01,False,False,WF-011,Bronze
C-001643,Navi Mumbai,400703,F,40,2024-03-20,True,False,WF-023,Gold
C-001644,Mumbai,400076,F,36,2023-11-30,False,False,WF-012,Gold
C-001645,Navi Mumbai,400703,F,33,2025-06-03,False,False,WF-023,Silver
C-001646,Nashik,422005,M,26,2025-04-07,False,False,WF-026,Silver
C-001647,Thane,400607,Other,29,2025-10-16,False,False,WF-020,Bronze
C-001648,Thane,400601,F,57,2025-05-25,False,False,WF-021,Bronze
C-001649,Pune,411014,M,26,2023-06-11,False,False,WF-016,Silver
C-001650,Mumbai,400001,M,18,2023-06-06,True,True,WF-004,Bronze
C-001651,Pune,411021,F,28,2024-10-04,False,False,WF-015,Bronze
C-001652,Navi Mumbai,400709,F,51,2024-03-06,False,False,WF-025,Bronze
C-001653,Navi Mumbai,400703,M,51,2025-07-27,False,False,WF-023,Bronze
C-001654,Thane,400601,F,38,2023-08-01,True,False,WF-019,Bronze
C-001655,Nashik,422005,M,20,2026-01-28,False,False,WF-026,Bronze
C-001656,Pune,411014,M,62,2026-01-01,False,False,WF-018,Bronze
C-001657,Pune,411004,F,55,2023-12-27,True,False,WF-014,Silver
C-001658,Pune,411021,F,32,2024-07-10,True,False,WF-013,Silver
C-001659,Mumbai,400080,F,62,2023-07-06,False,True,WF-010,Silver
C-001660,Mumbai,400050,M,45,2026-02-16,False,False,WF-002,Bronze
C-001661,Mumbai,400058,M,35,2025-05-17,False,False,WF-004,Gold
C-001662,Mumbai,400092,M,43,2023-06-17,False,False,WF-008,Silver
C-001663,Mumbai,400097,F,46,2025-03-04,False,False,WF-009,Bronze
C-001664,Mumbai,400072,F,58,2025-11-14,False,False,WF-003,Silver
C-001665,Goa,403001,M,18,2024-02-21,False,False,WF-028,Bronze
C-001666,Bengaluru,560001,M,40,2025-12-07,False,False,WF-030,Bronze
C-001667,Bengaluru,560034,M,26,2025-07-02,True,False,WF-029,Bronze
C-001668,Thane,400601,M,65,2026-03-10,False,False,WF-020,Bronze
C-001669,Pune,411004,F,32,2025-05-12,False,True,WF-017,Bronze
C-001670,Pune,411004,M,32,2023-05-21,False,False,WF-018,Silver
C-001671,Pune,411014,M,44,2025-01-09,True,False,WF-014,Silver
C-001672,Navi Mumbai,400706,M,59,2023-08-06,False,False,WF-025,Silver
C-001673,Goa,403001,M,40,2023-09-20,False,False,WF-028,Bronze
C-001674,Mumbai,400053,M,43,2025-06-07,False,False,WF-006,Bronze
C-001675,Pune,411038,F,45,2023-12-14,True,False,WF-017,Gold
C-001676,Thane,400610,F,45,2025-10-15,False,False,WF-021,Silver
C-001677,Mumbai,400080,M,36,2025-09-16,False,False,WF-004,Silver
C-001678,Bengaluru,560001,F,42,2023-10-11,False,False,WF-029,Bronze
C-001679,Mumbai,400072,F,44,2024-10-11,False,False,WF-005,Bronze
C-001680,Thane,400607,F,21,2026-03-04,False,False,WF-019,Bronze
C-001681,Navi Mumbai,400706,M,18,2025-02-21,False,False,WF-024,Bronze
C-001682,Mumbai,400064,M,47,2024-07-22,False,False,WF-009,Bronze
C-001683,Thane,400607,M,41,2024-10-06,False,False,WF-019,Silver
C-001684,Mumbai,400058,F,33,2024-05-07,True,False,WF-003,Bronze
C-001685,Thane,400601,M,52,2025-01-31,False,False,WF-021,Platinum
C-001686,Goa,403001,F,35,2023-09-22,False,False,WF-028,Gold
C-001687,Nashik,422005,F,24,2023-09-29,False,False,WF-026,Bronze
C-001688,Bengaluru,560001,M,33,2024-05-31,False,False,WF-030,Bronze
C-001689,Pune,411001,M,42,2025-01-05,False,False,WF-016,Silver
C-001690,Goa,403001,F,18,2023-05-03,False,False,WF-028,Bronze
C-001691,Pune,411038,F,29,2024-11-11,True,False,WF-018,Bronze
C-001692,Bengaluru,560034,M,27,2023-09-14,False,False,WF-029,Gold
C-001693,Mumbai,400092,F,55,2024-07-22,False,False,WF-002,Gold
C-001694,Mumbai,400001,F,27,2024-05-21,False,False,WF-012,Gold
C-001695,Bengaluru,560001,F,42,2025-12-30,False,False,WF-030,Gold
C-001696,Mumbai,400086,M,27,2024-03-09,False,False,WF-001,Bronze
C-001697,Mumbai,400064,F,56,2026-03-12,False,False,WF-004,Bronze
C-001698,Mumbai,400050,F,28,2023-07-13,False,False,WF-001,Silver
C-001699,Mumbai,400001,F,31,2024-03-12,False,False,WF-011,Silver
C-001700,Mumbai,400076,M,55,2024-12-10,False,False,WF-003,Gold
C-001701,Nashik,422005,F,39,2025-03-12,False,False,WF-026,Bronze
C-001702,Pune,411021,M,18,2023-06-09,True,False,WF-015,Gold
C-001703,Mumbai,400058,F,54,2023-12-07,False,False,WF-002,Silver
C-001704,Nashik,422005,F,18,2024-08-06,False,True,WF-027,Bronze
C-001705,Goa,403001,M,29,2025-06-10,False,False,WF-028,Silver
C-001706,Goa,403001,F,45,2025-12-01,False,False,WF-028,Silver
C-001707,Navi Mumbai,400703,M,53,2025-06-11,False,False,WF-023,Gold
C-001708,Mumbai,400072,F,18,2023-09-20,False,False,WF-007,Bronze
C-001709,Mumbai,400086,F,65,2024-05-15,False,False,WF-003,Silver
C-001710,Pune,411045,F,52,2023-11-12,False,False,WF-013,Silver
C-001711,Bengaluru,560034,M,37,2025-01-22,False,False,WF-030,Silver
C-001712,Thane,400607,M,40,2024-04-01,False,False,WF-022,Silver
C-001713,Mumbai,400080,M,44,2023-11-10,True,False,WF-012,Silver
C-001714,Navi Mumbai,400706,M,29,2023-11-13,False,False,WF-023,Silver
C-001715,Mumbai,400080,F,45,2023-08-02,True,False,WF-008,Bronze
C-001716,Bengaluru,560034,F,52,2025-11-05,False,False,WF-029,Gold
C-001717,Mumbai,400064,F,34,2025-04-13,False,False,WF-012,Silver
C-001718,Pune,411038,M,47,2023-10-20,False,False,WF-017,Silver
C-001719,Thane,400601,M,45,2026-02-07,False,False,WF-019,Bronze
C-001720,Bengaluru,560001,F,29,2023-11-27,False,False,WF-029,Silver
C-001721,Pune,411021,F,33,2025-09-25,False,False,WF-018,Silver
C-001722,Navi Mumbai,400706,M,36,2023-12-22,False,False,WF-023,Bronze
C-001723,Mumbai,400072,F,27,2023-12-12,False,False,WF-001,Silver
C-001724,Pune,411014,F,22,2024-04-01,False,False,WF-016,Bronze
C-001725,Thane,400602,M,55,2025-06-11,False,False,WF-019,Platinum
C-001726,Bengaluru,560034,F,26,2025-04-27,False,False,WF-030,Bronze
C-001727,Nashik,422005,M,20,2023-10-28,True,False,WF-027,Silver
C-001728,Mumbai,400086,F,36,2024-09-28,False,False,WF-003,Bronze
C-001729,Mumbai,400058,M,39,2024-07-19,False,False,WF-008,Bronze
C-001730,Navi Mumbai,400703,F,32,2025-04-04,False,False,WF-025,Bronze
C-001731,Pune,411038,F,46,2023-12-22,False,True,WF-014,Gold
C-001732,Pune,411021,M,18,2023-10-04,False,False,WF-017,Bronze
C-001733,Mumbai,400092,F,52,2023-06-30,False,False,WF-004,Bronze
C-001734,Thane,400610,F,25,2025-08-05,True,False,WF-020,Bronze
C-001735,Mumbai,400072,F,33,2026-01-02,True,False,WF-005,Bronze
C-001736,Thane,400601,F,64,2024-10-24,False,False,WF-021,Platinum
C-001737,Pune,411004,M,30,2025-06-03,False,False,WF-016,Gold
C-001738,Bengaluru,560001,M,38,2024-12-17,False,False,WF-029,Silver
C-001739,Mumbai,400092,M,53,2024-03-16,False,False,WF-003,Silver
C-001740,Mumbai,400072,F,29,2024-08-17,False,False,WF-007,Gold
C-001741,Nashik,422001,F,31,2024-03-28,False,False,WF-027,Bronze
C-001742,Thane,400610,M,23,2025-05-01,False,False,WF-019,Bronze
C-001743,Mumbai,400001,M,35,2025-04-25,True,False,WF-001,Silver
C-001744,Thane,400602,M,47,2026-03-07,False,False,WF-020,Silver
C-001745,Nashik,422001,F,58,2023-12-18,False,False,WF-026,Bronze
C-001746,Thane,400610,M,34,2025-08-30,False,False,WF-021,Silver
C-001747,Thane,400610,M,20,2025-06-07,False,False,WF-022,Bronze
C-001748,Goa,403001,M,18,2023-05-20,False,False,WF-028,Gold
C-001749,Mumbai,400064,F,38,2023-11-23,False,False,WF-004,Bronze
C-001750,Navi Mumbai,400709,F,18,2025-02-03,True,False,WF-023,Bronze
C-001751,Nashik,422005,F,28,2024-12-11,False,False,WF-027,Bronze
C-001752,Goa,403001,M,61,2023-07-06,False,False,WF-028,Bronze
C-001753,Thane,400601,F,57,2023-07-20,False,False,WF-022,Bronze
C-001754,Nashik,422005,M,50,2025-08-17,False,False,WF-027,Gold
C-001755,Pune,411038,F,18,2026-02-26,False,False,WF-014,Bronze
C-001756,Thane,400610,F,27,2025-08-02,False,False,WF-020,Bronze
C-001757,Mumbai,400092,F,44,2024-02-01,True,False,WF-001,Bronze
C-001758,Nashik,422001,M,39,2024-06-17,False,False,WF-026,Bronze
C-001759,Pune,411014,F,44,2024-01-30,False,False,WF-018,Bronze
C-001760,Pune,411021,M,43,2023-09-11,False,False,WF-017,Gold
C-001761,Bengaluru,560001,F,33,2023-11-25,False,False,WF-030,Bronze
C-001762,Thane,400602,M,47,2023-07-31,False,False,WF-021,Bronze
C-001763,Pune,411014,M,23,2023-10-18,False,False,WF-015,Silver
C-001764,Navi Mumbai,400703,M,28,2026-01-21,False,False,WF-023,Bronze
C-001765,Bengaluru,560034,M,45,2023-12-07,False,False,WF-030,Bronze
C-001766,Mumbai,400053,M,61,2023-08-25,False,False,WF-005,Bronze
C-001767,Mumbai,400080,F,18,2025-10-20,True,False,WF-004,Gold
C-001768,Navi Mumbai,400703,F,55,2025-02-22,False,False,WF-023,Bronze
C-001769,Mumbai,400080,M,25,2026-04-21,False,False,WF-012,Silver
C-001770,Mumbai,400064,M,27,2023-11-26,False,True,WF-003,Bronze
C-001771,Nashik,422001,M,27,2025-04-19,False,True,WF-026,Bronze
C-001772,Navi Mumbai,400706,M,18,2025-03-13,False,False,WF-025,Bronze
C-001773,Mumbai,400050,M,33,2024-04-01,False,False,WF-005,Silver
C-001774,Nashik,422005,F,39,2024-06-21,False,False,WF-026,Gold
C-001775,Mumbai,400072,F,39,2025-04-08,False,False,WF-005,Bronze
C-001776,Nashik,422001,F,31,2024-05-30,False,False,WF-026,Bronze
C-001777,Nashik,422001,F,20,2024-01-16,False,False,WF-027,Bronze
C-001778,Mumbai,400001,M,54,2025-06-23,False,False,WF-009,Bronze
C-001779,Nashik,422001,F,45,2023-05-17,False,False,WF-027,Silver
C-001780,Navi Mumbai,400706,M,49,2025-01-16,False,False,WF-023,Silver
C-001781,Pune,411038,F,18,2026-01-13,False,True,WF-013,Bronze
C-001782,Bengaluru,560001,F,21,2024-10-20,True,False,WF-029,Bronze
C-001783,Pune,411038,Other,45,2024-07-14,False,False,WF-017,Gold
C-001784,Mumbai,400076,M,21,2025-01-28,False,False,WF-006,Gold
C-001785,Pune,411045,M,66,2026-01-09,False,True,WF-013,Bronze
C-001786,Goa,403001,F,30,2025-04-06,True,False,WF-028,Bronze
C-001787,Pune,411014,M,57,2025-07-12,False,False,WF-013,Bronze
C-001788,Goa,403001,F,43,2023-05-04,True,False,WF-028,Gold
C-001789,Nashik,422001,M,45,2024-06-26,False,False,WF-027,Bronze
C-001790,Mumbai,400064,F,33,2023-06-04,False,False,WF-001,Bronze
C-001791,Mumbai,400092,M,50,2023-09-15,True,False,WF-006,Bronze
C-001792,Mumbai,400072,M,35,2025-07-24,False,False,WF-004,Silver
C-001793,Pune,411014,F,18,2024-08-23,False,False,WF-016,Bronze
C-001794,Pune,411045,Other,67,2024-07-21,False,False,WF-017,Silver
C-001795,Pune,411021,M,18,2026-01-15,False,False,WF-013,Bronze
C-001796,Thane,400607,F,21,2024-03-27,False,False,WF-019,Bronze
C-001797,Thane,400607,M,27,2023-07-11,False,False,WF-021,Bronze
C-001798,Mumbai,400058,M,48,2024-09-20,False,False,WF-007,Platinum
C-001799,Mumbai,400080,F,36,2026-03-30,False,False,WF-004,Platinum
C-001800,Goa,403001,M,41,2024-01-22,False,False,WF-028,Bronze
C-001801,Navi Mumbai,400706,F,29,2025-11-01,False,False,WF-025,Silver
C-001802,Goa,403001,M,49,2023-11-08,False,False,WF-028,Bronze
C-001803,Mumbai,400086,F,25,2023-08-28,False,False,WF-009,Bronze
C-001804,Mumbai,400050,F,49,2023-10-18,False,False,WF-010,Silver
C-001805,Thane,400610,F,32,2025-03-30,True,False,WF-022,Gold
C-001806,Thane,400602,F,32,2025-01-08,False,False,WF-019,Gold
C-001807,Mumbai,400064,M,41,2025-05-18,False,False,WF-012,Bronze
C-001808,Pune,411021,F,42,2023-07-23,False,False,WF-014,Bronze
C-001809,Pune,411021,F,37,2025-08-31,False,False,WF-017,Silver
C-001810,Navi Mumbai,400709,M,54,2025-03-31,False,False,WF-025,Silver
C-001811,Nashik,422005,M,42,2023-05-29,False,False,WF-027,Silver
C-001812,Thane,400601,M,58,2024-03-07,False,False,WF-019,Bronze
C-001813,Pune,411014,M,25,2024-05-25,False,True,WF-016,Silver
C-001814,Navi Mumbai,400709,F,18,2025-01-03,False,False,WF-025,Bronze
C-001815,Mumbai,400001,M,20,2023-10-17,False,False,WF-008,Bronze
C-001816,Nashik,422005,M,43,2024-09-18,False,False,WF-026,Bronze
C-001817,Thane,400610,M,47,2026-01-16,False,True,WF-020,Bronze
C-001818,Mumbai,400053,Other,22,2023-09-03,False,False,WF-010,Silver
C-001819,Navi Mumbai,400709,F,47,2025-04-12,False,False,WF-025,Silver
C-001820,Pune,411001,M,27,2024-11-13,False,False,WF-017,Silver
C-001821,Goa,403001,M,30,2025-02-04,False,False,WF-028,Gold
C-001822,Navi Mumbai,400706,F,48,2024-07-02,False,False,WF-024,Bronze
C-001823,Bengaluru,560034,M,51,2025-11-11,False,False,WF-029,Bronze
C-001824,Mumbai,400086,F,50,2023-08-05,False,False,WF-011,Bronze
C-001825,Mumbai,400069,M,60,2024-10-07,False,False,WF-010,Bronze
C-001826,Thane,400610,M,63,2026-01-25,False,False,WF-021,Silver
C-001827,Mumbai,400080,F,43,2025-03-15,True,False,WF-012,Bronze
C-001828,Goa,403001,F,49,2024-10-14,False,False,WF-028,Platinum
C-001829,Navi Mumbai,400709,F,56,2024-08-14,False,False,WF-023,Silver
C-001830,Mumbai,400086,F,48,2024-01-23,False,False,WF-005,Gold
C-001831,Pune,411004,M,49,2023-07-15,False,False,WF-018,Bronze
C-001832,Thane,400610,F,51,2025-07-08,False,False,WF-021,Gold
C-001833,Mumbai,400080,M,53,2024-05-16,False,False,WF-011,Gold
C-001834,Thane,400607,M,59,2023-10-30,False,False,WF-022,Gold
C-001835,Thane,400610,F,67,2026-02-04,True,False,WF-020,Silver
C-001836,Mumbai,400058,F,20,2024-09-14,False,False,WF-006,Silver
C-001837,Mumbai,400001,M,44,2023-09-07,True,False,WF-004,Silver
C-001838,Nashik,422005,F,32,2024-08-14,False,False,WF-027,Bronze
C-001839,Mumbai,400069,M,53,2023-07-19,False,False,WF-007,Bronze
C-001840,Mumbai,400064,M,30,2023-06-24,False,False,WF-011,Bronze
C-001841,Thane,400602,F,53,2026-01-27,False,False,WF-019,Silver
C-001842,Bengaluru,560034,M,50,2024-05-30,False,False,WF-030,Bronze
C-001843,Navi Mumbai,400709,F,31,2024-03-01,False,False,WF-024,Bronze
C-001844,Mumbai,400097,F,42,2025-01-12,True,False,WF-001,Silver
C-001845,Thane,400601,F,62,2024-06-11,False,False,WF-022,Bronze
C-001846,Mumbai,400086,M,34,2024-08-27,False,False,WF-002,Bronze
C-001847,Mumbai,400064,M,37,2025-06-10,False,False,WF-012,Gold
C-001848,Thane,400610,F,20,2025-02-04,True,False,WF-019,Platinum
C-001849,Mumbai,400064,F,18,2024-10-18,False,False,WF-005,Platinum
C-001850,Mumbai,400069,M,29,2024-08-14,False,False,WF-008,Bronze
C-001851,Nashik,422005,F,30,2023-10-04,False,False,WF-027,Bronze
C-001852,Navi Mumbai,400703,M,34,2025-03-05,False,False,WF-024,Gold
C-001853,Pune,411045,M,55,2025-08-06,False,False,WF-014,Bronze
C-001854,Thane,400610,M,40,2024-05-05,False,False,WF-021,Bronze
C-001855,Mumbai,400053,F,43,2024-02-16,False,False,WF-002,Silver
C-001856,Mumbai,400058,M,45,2023-11-17,False,False,WF-003,Silver
C-001857,Mumbai,400086,M,33,2023-07-17,False,False,WF-011,Bronze
C-001858,Mumbai,400069,F,57,2023-12-25,False,False,WF-010,Bronze
C-001859,Mumbai,400072,M,18,2024-01-04,False,False,WF-005,Bronze
C-001860,Nashik,422005,M,20,2023-10-17,False,False,WF-027,Bronze
C-001861,Pune,411004,F,18,2023-06-06,True,False,WF-015,Silver
C-001862,Goa,403001,M,42,2026-04-23,False,True,WF-028,Bronze
C-001863,Pune,411038,F,62,2024-09-22,False,False,WF-016,Bronze
C-001864,Pune,411004,M,37,2025-11-17,False,False,WF-018,Gold
C-001865,Pune,411004,F,37,2024-11-19,False,False,WF-016,Bronze
C-001866,Mumbai,400053,M,32,2023-06-27,False,False,WF-007,Bronze
C-001867,Mumbai,400069,M,33,2024-03-24,True,False,WF-005,Bronze
C-001868,Thane,400610,F,61,2023-08-19,False,False,WF-020,Bronze
C-001869,Bengaluru,560001,M,31,2023-08-26,False,False,WF-030,Silver
C-001870,Navi Mumbai,400709,F,36,2025-07-10,False,False,WF-025,Silver
C-001871,Thane,400601,M,24,2025-01-01,False,True,WF-020,Silver
C-001872,Goa,403001,M,18,2025-05-04,False,False,WF-028,Bronze
C-001873,Navi Mumbai,400703,M,35,2025-11-09,False,False,WF-025,Silver
C-001874,Mumbai,400097,F,45,2024-07-03,False,False,WF-011,Silver
C-001875,Pune,411014,M,52,2024-07-13,True,True,WF-014,Bronze
C-001876,Mumbai,400050,M,42,2024-08-14,False,False,WF-009,Bronze
C-001877,Pune,411001,M,55,2024-02-14,False,False,WF-015,Bronze
C-001878,Mumbai,400050,M,42,2023-12-02,False,False,WF-001,Bronze
C-001879,Mumbai,400050,F,63,2025-02-13,False,False,WF-006,Gold
C-001880,Mumbai,400001,M,30,2025-03-28,False,False,WF-008,Silver
C-001881,Bengaluru,560034,F,50,2025-05-12,False,False,WF-029,Silver
C-001882,Mumbai,400086,F,37,2024-02-21,False,False,WF-011,Bronze
C-001883,Pune,411004,M,33,2025-11-30,False,False,WF-018,Gold
C-001884,Mumbai,400072,F,47,2024-10-14,False,False,WF-001,Bronze
C-001885,Thane,400610,F,41,2025-04-20,False,False,WF-019,Bronze
C-001886,Thane,400602,F,20,2023-05-26,False,False,WF-021,Bronze
C-001887,Thane,400607,M,52,2025-06-26,False,False,WF-022,Bronze
C-001888,Navi Mumbai,400706,M,47,2025-12-08,True,False,WF-024,Silver
C-001889,Mumbai,400097,F,22,2024-09-06,False,False,WF-006,Gold
C-001890,Mumbai,400080,F,34,2025-02-12,False,False,WF-005,Platinum
C-001891,Pune,411014,F,49,2025-10-06,True,False,WF-016,Bronze
C-001892,Pune,411004,M,79,2026-03-13,False,False,WF-018,Bronze
C-001893,Mumbai,400001,M,18,2025-03-09,False,False,WF-012,Bronze
C-001894,Goa,403001,F,35,2023-05-28,False,False,WF-028,Bronze
C-001895,Goa,403001,M,18,2024-10-17,False,False,WF-028,Silver
C-001896,Mumbai,400086,F,33,2025-06-08,False,False,WF-010,Gold
C-001897,Bengaluru,560001,F,46,2024-07-13,False,False,WF-030,Bronze
C-001898,Pune,411038,M,36,2024-09-19,False,False,WF-014,Gold
C-001899,Pune,411004,M,53,2025-10-08,False,False,WF-014,Bronze
C-001900,Nashik,422001,M,46,2025-05-02,False,False,WF-026,Bronze
C-001901,Pune,411004,F,39,2023-10-17,True,False,WF-017,Bronze
C-001902,Nashik,422001,M,39,2023-12-14,False,False,WF-026,Silver
C-001903,Bengaluru,560034,F,41,2023-06-10,False,False,WF-030,Bronze
C-001904,Pune,411004,M,53,2023-09-25,False,False,WF-018,Silver
C-001905,Bengaluru,560001,M,29,2023-09-09,False,False,WF-029,Bronze
C-001906,Pune,411014,F,32,2024-09-27,False,False,WF-014,Silver
C-001907,Mumbai,400072,F,47,2023-06-07,False,False,WF-003,Silver
C-001908,Nashik,422001,F,40,2026-01-13,False,False,WF-027,Bronze
C-001909,Nashik,422001,M,71,2025-06-26,False,False,WF-026,Silver
C-001910,Pune,411038,M,65,2024-01-24,False,False,WF-017,Silver
C-001911,Mumbai,400080,F,37,2024-12-14,False,False,WF-009,Gold
C-001912,Bengaluru,560001,F,51,2024-12-19,False,False,WF-030,Bronze
C-001913,Mumbai,400053,M,50,2026-03-06,False,False,WF-004,Silver
C-001914,Bengaluru,560001,Other,42,2024-01-05,False,False,WF-030,Bronze
C-001915,Navi Mumbai,400709,M,30,2023-10-14,False,False,WF-023,Silver
C-001916,Thane,400601,M,18,2025-12-29,False,False,WF-019,Bronze
C-001917,Navi Mumbai,400703,F,26,2025-12-12,False,False,WF-024,Bronze
C-001918,Pune,411004,M,24,2025-04-22,False,False,WF-013,Bronze
C-001919,Mumbai,400080,M,37,2025-12-19,False,False,WF-008,Bronze
C-001920,Bengaluru,560034,F,37,2024-01-30,False,False,WF-029,Bronze
C-001921,Navi Mumbai,400709,M,29,2023-06-28,False,False,WF-024,Bronze
C-001922,Thane,400610,F,28,2025-07-19,False,False,WF-022,Bronze
C-001923,Thane,400601,F,39,2023-11-13,False,False,WF-019,Bronze
C-001924,Pune,411045,Other,37,2023-05-05,False,False,WF-018,Silver
C-001925,Bengaluru,560034,F,35,2023-08-07,False,False,WF-029,Gold
C-001926,Navi Mumbai,400709,M,37,2025-12-24,False,False,WF-024,Bronze
C-001927,Nashik,422001,F,38,2026-02-03,False,False,WF-027,Silver
C-001928,Thane,400610,F,42,2023-05-22,False,False,WF-021,Bronze
C-001929,Navi Mumbai,400706,M,40,2026-01-08,False,False,WF-025,Silver
C-001930,Mumbai,400080,F,18,2025-11-26,False,False,WF-002,Bronze
C-001931,Mumbai,400058,M,48,2025-11-02,False,False,WF-012,Bronze
C-001932,Mumbai,400064,M,58,2023-12-08,False,False,WF-003,Bronze
C-001933,Mumbai,400080,M,50,2024-05-23,False,False,WF-009,Silver
C-001934,Pune,411014,F,35,2024-05-31,False,False,WF-015,Gold
C-001935,Mumbai,400069,F,23,2026-01-03,False,False,WF-008,Bronze
C-001936,Mumbai,400069,M,54,2023-09-25,False,False,WF-010,Silver
C-001937,Goa,403001,M,33,2024-05-31,False,False,WF-028,Silver
C-001938,Pune,411001,F,49,2025-01-27,False,False,WF-015,Gold
C-001939,Navi Mumbai,400703,M,21,2025-02-19,False,False,WF-025,Bronze
C-001940,Nashik,422005,M,35,2024-01-25,False,False,WF-026,Bronze
C-001941,Nashik,422001,M,28,2023-11-14,False,False,WF-026,Silver
C-001942,Nashik,422005,M,35,2023-07-22,True,True,WF-026,Bronze
C-001943,Nashik,422005,F,71,2023-05-19,True,False,WF-026,Silver
C-001944,Navi Mumbai,400706,M,38,2023-08-27,False,False,WF-025,Bronze
C-001945,Goa,403001,F,21,2025-11-16,False,False,WF-028,Bronze
C-001946,Mumbai,400086,M,23,2026-04-04,False,False,WF-002,Silver
C-001947,Mumbai,400080,F,45,2025-07-23,False,False,WF-011,Bronze
C-001948,Mumbai,400072,M,45,2024-03-10,False,False,WF-004,Silver
C-001949,Thane,400610,F,24,2023-12-16,False,False,WF-021,Silver
C-001950,Pune,411021,F,59,2024-03-29,False,False,WF-014,Silver
C-001951,Thane,400602,Other,44,2023-08-30,True,True,WF-021,Silver
C-001952,Mumbai,400069,M,40,2023-07-12,False,False,WF-012,Silver
C-001953,Thane,400601,M,52,2025-06-03,True,False,WF-021,Silver
C-001954,Navi Mumbai,400709,F,50,2024-01-13,False,False,WF-024,Bronze
C-001955,Thane,400610,F,18,2023-09-27,False,True,WF-022,Bronze
C-001956,Nashik,422001,F,36,2025-05-04,False,False,WF-027,Bronze
C-001957,Mumbai,400097,M,72,2024-06-23,False,False,WF-009,Platinum
C-001958,Navi Mumbai,400703,M,38,2025-10-14,False,False,WF-024,Platinum
C-001959,Thane,400610,M,20,2025-04-09,False,False,WF-020,Gold
C-001960,Goa,403001,M,50,2023-07-25,True,True,WF-028,Silver
C-001961,Thane,400602,F,31,2023-06-26,False,False,WF-020,Silver
C-001962,Goa,403001,M,21,2023-06-06,False,False,WF-028,Silver
C-001963,Bengaluru,560034,F,44,2026-01-30,False,False,WF-030,Silver
C-001964,Goa,403001,M,18,2023-06-21,False,False,WF-028,Bronze
C-001965,Pune,411038,F,18,2024-03-24,False,False,WF-017,Bronze
C-001966,Mumbai,400080,F,61,2025-07-25,True,False,WF-012,Bronze
C-001967,Goa,403001,M,41,2023-12-06,False,False,WF-028,Bronze
C-001968,Pune,411014,M,30,2023-07-13,False,False,WF-017,Gold
C-001969,Mumbai,400086,F,34,2024-02-20,False,False,WF-006,Bronze
C-001970,Nashik,422005,F,51,2023-12-30,False,False,WF-027,Bronze
C-001971,Thane,400607,Other,41,2026-04-07,False,False,WF-020,Silver
C-001972,Mumbai,400080,M,51,2025-03-11,False,False,WF-011,Silver
C-001973,Thane,400602,F,66,2024-01-03,False,False,WF-021,Bronze
C-001974,Mumbai,400053,M,55,2025-12-27,False,False,WF-007,Bronze
C-001975,Mumbai,400064,M,46,2025-11-21,False,False,WF-006,Bronze
C-001976,Thane,400607,M,39,2023-12-14,True,False,WF-020,Bronze
C-001977,Pune,411038,M,51,2026-02-15,True,False,WF-018,Bronze
C-001978,Pune,411001,F,51,2024-07-11,True,False,WF-014,Silver
C-001979,Navi Mumbai,400706,M,31,2024-05-10,False,False,WF-023,Platinum
C-001980,Nashik,422005,M,29,2026-04-05,False,False,WF-026,Bronze
C-001981,Navi Mumbai,400709,M,43,2024-12-28,False,False,WF-025,Silver
C-001982,Pune,411021,M,44,2024-10-18,False,False,WF-013,Gold
C-001983,Goa,403001,M,51,2025-10-21,False,False,WF-028,Silver
C-001984,Mumbai,400058,F,25,2024-07-31,False,False,WF-002,Gold
C-001985,Bengaluru,560001,F,58,2024-03-02,False,False,WF-030,Silver
C-001986,Mumbai,400092,F,48,2023-08-02,False,False,WF-003,Silver
C-001987,Goa,403001,M,39,2024-01-30,True,False,WF-028,Platinum
C-001988,Nashik,422001,M,18,2024-05-07,False,False,WF-026,Bronze
C-001989,Bengaluru,560034,M,24,2026-03-06,False,False,WF-029,Bronze
C-001990,Mumbai,400092,M,20,2023-08-20,False,False,WF-003,Bronze
C-001991,Pune,411001,F,36,2023-10-05,False,False,WF-017,Bronze
C-001992,Pune,411021,F,50,2023-06-26,False,False,WF-015,Silver
C-001993,Mumbai,400076,M,18,2024-12-30,False,False,WF-010,Bronze
C-001994,Thane,400601,M,25,2024-02-24,False,False,WF-019,Bronze
C-001995,Mumbai,400086,Other,49,2023-07-23,False,False,WF-012,Gold
C-001996,Mumbai,400050,F,18,2024-09-10,False,False,WF-006,Bronze
C-001997,Mumbai,400058,M,41,2025-11-07,False,True,WF-004,Silver
C-001998,Thane,400601,F,40,2026-02-26,False,False,WF-022,Bronze
C-001999,Mumbai,400080,F,46,2026-02-03,False,False,WF-008,Bronze
C-002000,Mumbai,400072,F,58,2026-04-28,False,False,WF-010,Silver
C-002001,Goa,403001,M,32,2025-04-06,True,False,WF-028,Bronze
C-002002,Bengaluru,560001,M,39,2025-05-29,False,False,WF-029,Gold
C-002003,Mumbai,400001,M,57,2024-12-14,False,False,WF-011,Bronze
C-002004,Mumbai,400001,F,33,2024-10-04,False,False,WF-003,Bronze
C-002005,Mumbai,400001,F,48,2025-06-04,False,False,WF-003,Silver
C-002006,Mumbai,400053,F,30,2024-12-28,False,False,WF-011,Bronze
C-002007,Mumbai,400001,M,55,2023-12-28,True,False,WF-012,Silver
C-002008,Pune,411038,M,27,2024-06-12,False,False,WF-014,Bronze
C-002009,Pune,411004,M,34,2023-10-15,False,False,WF-013,Bronze
C-002010,Mumbai,400086,M,33,2026-03-19,False,True,WF-004,Bronze
C-002011,Bengaluru,560034,F,51,2023-06-15,False,False,WF-029,Gold
C-002012,Mumbai,400080,F,46,2024-06-01,False,False,WF-005,Silver
C-002013,Nashik,422001,M,38,2023-08-22,False,False,WF-026,Bronze
C-002014,Thane,400607,F,66,2024-01-06,False,True,WF-019,Silver
C-002015,Bengaluru,560034,F,73,2025-11-27,True,False,WF-030,Bronze
C-002016,Mumbai,400097,M,34,2023-06-23,False,False,WF-002,Bronze
C-002017,Thane,400607,F,48,2024-02-11,False,False,WF-020,Gold
C-002018,Pune,411001,F,28,2023-07-19,True,False,WF-016,Silver
C-002019,Thane,400610,F,34,2025-04-10,False,False,WF-021,Bronze
C-002020,Nashik,422005,F,57,2025-05-16,False,False,WF-026,Gold
C-002021,Pune,411045,F,32,2024-08-01,False,False,WF-017,Bronze
C-002022,Thane,400610,M,48,2024-06-01,False,False,WF-020,Gold
C-002023,Mumbai,400086,M,28,2024-09-17,False,False,WF-003,Platinum
C-002024,Nashik,422001,M,38,2025-12-05,False,False,WF-026,Bronze
C-002025,Navi Mumbai,400706,M,37,2024-02-25,True,False,WF-023,Bronze
C-002026,Mumbai,400080,M,61,2024-02-18,True,False,WF-009,Bronze
C-002027,Goa,403001,F,38,2025-12-15,False,False,WF-028,Bronze
C-002028,Bengaluru,560034,M,54,2024-12-28,True,False,WF-029,Silver
C-002029,Mumbai,400092,M,29,2025-09-24,True,False,WF-010,Gold
C-002030,Mumbai,400092,F,33,2026-03-09,False,False,WF-001,Silver
C-002031,Mumbai,400092,M,32,2025-09-17,False,False,WF-010,Bronze
C-002032,Mumbai,400069,F,32,2023-10-13,False,False,WF-006,Bronze
C-002033,Nashik,422005,F,36,2024-08-30,False,False,WF-026,Platinum
C-002034,Goa,403001,M,55,2025-04-11,False,False,WF-028,Silver
C-002035,Goa,403001,M,18,2024-11-10,True,False,WF-028,Silver
C-002036,Nashik,422005,M,47,2025-06-10,False,False,WF-027,Bronze
C-002037,Navi Mumbai,400703,F,54,2023-12-22,False,False,WF-025,Gold
C-002038,Mumbai,400050,M,45,2025-02-15,True,False,WF-005,Silver
C-002039,Nashik,422005,M,61,2025-05-19,False,True,WF-027,Bronze
C-002040,Pune,411021,F,32,2023-11-19,False,False,WF-013,Silver
C-002041,Thane,400610,M,47,2023-10-26,False,False,WF-019,Bronze
C-002042,Mumbai,400064,M,55,2023-10-18,False,False,WF-001,Bronze
C-002043,Navi Mumbai,400709,F,45,2024-02-03,False,False,WF-024,Gold
C-002044,Goa,403001,M,24,2025-02-17,False,False,WF-028,Silver
C-002045,Thane,400607,M,36,2024-05-20,False,False,WF-019,Bronze
C-002046,Navi Mumbai,400703,M,34,2025-06-27,False,False,WF-025,Silver
C-002047,Goa,403001,M,50,2026-03-10,False,False,WF-028,Bronze
C-002048,Pune,411001,F,50,2025-10-21,True,False,WF-015,Bronze
C-002049,Mumbai,400080,F,65,2023-11-09,False,False,WF-001,Bronze
C-002050,Pune,411038,M,45,2024-08-02,False,False,WF-015,Bronze
C-002051,Navi Mumbai,400703,M,19,2025-09-23,False,True,WF-023,Bronze
C-002052,Navi Mumbai,400706,M,26,2023-09-10,False,False,WF-024,Bronze
C-002053,Mumbai,400053,F,37,2025-10-28,False,False,WF-005,Bronze
C-002054,Bengaluru,560034,M,24,2025-05-02,False,False,WF-029,Gold
C-002055,Mumbai,400072,M,35,2023-12-03,False,False,WF-005,Bronze
C-002056,Mumbai,400080,M,30,2025-05-19,False,False,WF-001,Silver
C-002057,Navi Mumbai,400706,F,41,2025-03-22,True,False,WF-025,Silver
C-002058,Thane,400607,M,23,2026-04-14,False,False,WF-022,Platinum
C-002059,Mumbai,400064,M,46,2024-10-31,True,False,WF-005,Gold
C-002060,Pune,411038,F,19,2023-06-25,False,True,WF-014,Silver
C-002061,Mumbai,400086,M,27,2023-09-09,False,True,WF-009,Silver
C-002062,Goa,403001,M,41,2024-12-07,True,False,WF-028,Platinum
C-002063,Pune,411038,F,29,2025-02-27,False,False,WF-015,Silver
C-002064,Pune,411021,F,24,2025-04-22,False,False,WF-013,Bronze
C-002065,Mumbai,400058,M,23,2025-12-23,True,False,WF-008,Bronze
C-002066,Thane,400602,M,26,2026-02-16,False,False,WF-021,Bronze
C-002067,Thane,400610,F,43,2025-08-08,False,False,WF-021,Bronze
C-002068,Pune,411001,M,31,2024-03-07,True,False,WF-015,Silver
C-002069,Bengaluru,560001,M,27,2026-03-21,True,False,WF-029,Silver
C-002070,Mumbai,400064,F,21,2024-02-02,False,False,WF-010,Silver
C-002071,Bengaluru,560001,M,53,2023-08-23,False,False,WF-029,Silver
C-002072,Mumbai,400069,M,28,2025-03-14,False,False,WF-007,Silver
C-002073,Mumbai,400072,M,21,2024-03-20,False,True,WF-009,Bronze
C-002074,Bengaluru,560034,M,40,2023-08-22,False,False,WF-030,Silver
C-002075,Mumbai,400069,F,27,2024-02-17,False,False,WF-010,Platinum
C-002076,Mumbai,400053,F,18,2023-08-18,False,False,WF-007,Platinum
C-002077,Bengaluru,560001,F,43,2026-01-19,False,False,WF-030,Gold
C-002078,Mumbai,400080,Other,59,2023-12-30,False,False,WF-004,Bronze
C-002079,Thane,400607,F,39,2024-07-21,False,False,WF-020,Bronze
C-002080,Thane,400607,M,42,2023-07-17,False,False,WF-021,Bronze
C-002081,Pune,411004,F,64,2025-04-13,False,False,WF-015,Bronze
C-002082,Mumbai,400092,M,18,2026-02-13,False,False,WF-012,Silver
C-002083,Mumbai,400053,F,58,2025-01-22,False,False,WF-007,Platinum
C-002084,Mumbai,400097,M,26,2023-11-30,False,False,WF-008,Gold
C-002085,Navi Mumbai,400706,M,40,2024-03-28,False,False,WF-023,Platinum
C-002086,Mumbai,400072,M,45,2023-10-03,True,False,WF-005,Silver
C-002087,Goa,403001,Other,36,2026-03-23,False,False,WF-028,Bronze
C-002088,Pune,411001,F,57,2024-08-31,False,False,WF-013,Bronze
C-002089,Mumbai,400001,F,32,2025-08-18,False,False,WF-011,Silver
C-002090,Mumbai,400053,M,37,2024-12-19,False,False,WF-006,Silver
C-002091,Pune,411004,M,48,2024-12-06,True,False,WF-017,Bronze
C-002092,Bengaluru,560001,F,19,2025-08-01,False,False,WF-030,Bronze
C-002093,Navi Mumbai,400706,M,21,2026-01-02,False,False,WF-025,Bronze
C-002094,Navi Mumbai,400706,M,25,2024-09-02,False,False,WF-024,Silver
C-002095,Navi Mumbai,400709,M,27,2024-01-22,False,False,WF-024,Bronze
C-002096,Pune,411045,F,35,2023-11-17,False,False,WF-013,Bronze
C-002097,Nashik,422001,M,46,2024-01-11,False,False,WF-026,Gold
C-002098,Thane,400610,M,24,2025-10-15,False,False,WF-020,Bronze
C-002099,Mumbai,400072,M,47,2024-02-29,False,False,WF-004,Silver
C-002100,Mumbai,400001,M,24,2023-10-10,False,False,WF-012,Gold
C-002101,Mumbai,400086,M,26,2023-10-09,False,False,WF-005,Silver
C-002102,Bengaluru,560034,F,23,2024-09-04,False,False,WF-029,Bronze
C-002103,Mumbai,400076,M,74,2024-07-02,False,True,WF-010,Silver
C-002104,Mumbai,400064,F,23,2025-09-11,False,False,WF-001,Silver
C-002105,Mumbai,400064,F,70,2023-05-15,False,False,WF-003,Silver
C-002106,Bengaluru,560001,M,49,2023-12-07,False,False,WF-029,Bronze
C-002107,Navi Mumbai,400706,M,40,2024-06-12,False,False,WF-025,Silver
C-002108,Goa,403001,F,18,2024-11-24,False,False,WF-028,Silver
C-002109,Pune,411038,F,50,2025-01-06,False,True,WF-017,Silver
C-002110,Pune,411045,F,63,2025-11-21,False,False,WF-014,Bronze
C-002111,Bengaluru,560034,M,59,2025-09-23,False,False,WF-030,Bronze
C-002112,Navi Mumbai,400703,F,21,2024-12-06,False,False,WF-024,Bronze
C-002113,Mumbai,400076,M,30,2025-12-27,False,False,WF-004,Gold
C-002114,Bengaluru,560034,F,46,2026-03-11,False,True,WF-030,Bronze
C-002115,Mumbai,400072,F,33,2023-05-13,False,False,WF-001,Bronze
C-002116,Goa,403001,M,36,2023-06-05,False,False,WF-028,Bronze
C-002117,Pune,411038,Other,36,2023-11-20,False,False,WF-014,Bronze
C-002118,Goa,403001,F,77,2026-01-11,False,False,WF-028,Bronze
C-002119,Pune,411014,F,41,2023-05-16,False,False,WF-013,Gold
C-002120,Mumbai,400058,M,25,2023-10-27,False,False,WF-012,Bronze
C-002121,Mumbai,400064,F,47,2025-10-18,False,False,WF-011,Gold
C-002122,Pune,411014,M,22,2026-01-25,False,False,WF-016,Bronze
C-002123,Mumbai,400072,M,26,2024-03-26,False,True,WF-008,Silver
C-002124,Mumbai,400050,M,30,2025-05-06,False,False,WF-010,Gold
C-002125,Pune,411014,M,31,2024-12-11,False,True,WF-013,Silver
C-002126,Mumbai,400053,F,19,2023-06-11,False,False,WF-004,Silver
C-002127,Thane,400602,F,51,2023-07-19,False,False,WF-019,Bronze
C-002128,Mumbai,400092,M,62,2024-06-26,False,False,WF-008,Bronze
C-002129,Navi Mumbai,400706,F,21,2023-10-29,False,False,WF-023,Silver
C-002130,Navi Mumbai,400703,M,21,2023-07-30,False,True,WF-024,Silver
C-002131,Bengaluru,560034,M,36,2024-02-03,False,False,WF-029,Bronze
C-002132,Pune,411038,F,38,2024-02-17,False,True,WF-015,Bronze
C-002133,Mumbai,400092,M,59,2025-08-10,False,False,WF-008,Bronze
C-002134,Mumbai,400072,F,59,2024-11-23,False,False,WF-002,Bronze
C-002135,Mumbai,400058,M,62,2023-07-21,False,False,WF-006,Bronze
C-002136,Thane,400610,F,34,2026-04-16,False,False,WF-020,Gold
C-002137,Pune,411014,M,22,2023-09-26,False,False,WF-016,Silver
C-002138,Mumbai,400072,M,20,2026-01-16,False,False,WF-012,Bronze
C-002139,Goa,403001,F,25,2025-10-23,False,False,WF-028,Bronze
C-002140,Pune,411004,F,38,2025-05-14,False,False,WF-013,Silver
C-002141,Mumbai,400064,F,58,2025-01-14,False,False,WF-005,Platinum
C-002142,Mumbai,400092,M,37,2023-12-08,False,True,WF-010,Bronze
C-002143,Pune,411014,F,45,2024-12-21,False,False,WF-016,Platinum
C-002144,Mumbai,400053,F,37,2023-12-18,False,False,WF-003,Gold
C-002145,Mumbai,400076,Other,29,2025-08-09,False,False,WF-012,Silver
C-002146,Navi Mumbai,400703,M,64,2024-08-09,False,True,WF-024,Silver
C-002147,Mumbai,400053,M,47,2025-10-15,False,False,WF-007,Bronze
C-002148,Navi Mumbai,400703,M,21,2024-08-25,False,False,WF-023,Silver
C-002149,Navi Mumbai,400706,M,42,2023-08-22,False,True,WF-024,Bronze
C-002150,Mumbai,400072,F,31,2024-06-11,False,False,WF-003,Silver
C-002151,Bengaluru,560001,M,52,2024-03-17,False,False,WF-029,Silver
C-002152,Navi Mumbai,400703,F,33,2025-01-09,False,True,WF-024,Bronze
C-002153,Navi Mumbai,400709,F,52,2023-05-27,True,False,WF-025,Bronze
C-002154,Navi Mumbai,400703,M,41,2023-06-21,False,False,WF-025,Bronze
C-002155,Pune,411001,F,18,2025-08-19,False,False,WF-017,Silver
C-002156,Mumbai,400058,M,42,2024-08-07,False,False,WF-010,Bronze
C-002157,Navi Mumbai,400709,M,47,2026-04-23,False,False,WF-023,Gold
C-002158,Mumbai,400092,M,67,2023-10-07,True,False,WF-010,Silver
C-002159,Bengaluru,560034,M,60,2023-09-30,False,True,WF-029,Silver
C-002160,Nashik,422001,M,39,2024-01-30,False,False,WF-027,Silver
C-002161,Bengaluru,560034,M,53,2024-11-12,False,False,WF-030,Bronze
C-002162,Pune,411045,F,33,2025-06-22,False,False,WF-014,Bronze
C-002163,Bengaluru,560001,Other,42,2023-07-31,False,False,WF-029,Bronze
C-002164,Mumbai,400080,M,45,2023-08-21,False,False,WF-008,Bronze
C-002165,Goa,403001,M,31,2023-09-16,False,False,WF-028,Bronze
C-002166,Goa,403001,M,25,2023-07-29,False,False,WF-028,Platinum
C-002167,Goa,403001,F,38,2025-07-20,False,False,WF-028,Bronze
C-002168,Goa,403001,F,38,2024-03-07,True,False,WF-028,Gold
C-002169,Pune,411001,M,35,2025-09-15,False,False,WF-016,Silver
C-002170,Goa,403001,F,43,2025-04-10,False,True,WF-028,Silver
C-002171,Thane,400610,F,48,2023-07-06,False,False,WF-021,Silver
C-002172,Mumbai,400058,F,19,2025-05-15,False,False,WF-010,Silver
C-002173,Bengaluru,560034,F,18,2024-01-28,True,False,WF-030,Silver
C-002174,Mumbai,400076,M,56,2025-08-02,False,True,WF-001,Bronze
C-002175,Mumbai,400086,Other,23,2025-01-07,False,False,WF-004,Silver
C-002176,Nashik,422005,M,18,2026-03-04,False,False,WF-027,Silver
C-002177,Thane,400602,F,58,2023-10-27,False,False,WF-019,Gold
C-002178,Goa,403001,F,24,2023-10-24,False,False,WF-028,Bronze
C-002179,Mumbai,400097,M,33,2025-06-13,True,False,WF-003,Silver
C-002180,Mumbai,400050,M,44,2023-06-02,False,False,WF-002,Silver
C-002181,Mumbai,400064,F,30,2025-10-02,False,False,WF-005,Platinum
C-002182,Pune,411014,M,24,2026-04-13,False,False,WF-015,Bronze
C-002183,Navi Mumbai,400706,M,46,2024-10-04,False,False,WF-025,Silver
C-002184,Mumbai,400092,F,18,2023-09-01,False,False,WF-009,Bronze
C-002185,Bengaluru,560001,F,38,2025-10-17,False,False,WF-030,Bronze
C-002186,Mumbai,400053,M,22,2024-02-06,False,False,WF-011,Silver
C-002187,Mumbai,400092,M,48,2025-08-10,False,False,WF-007,Bronze
C-002188,Mumbai,400097,M,18,2024-07-16,False,False,WF-007,Bronze
C-002189,Mumbai,400001,M,49,2025-10-09,False,False,WF-008,Bronze
C-002190,Nashik,422001,M,40,2025-12-04,True,False,WF-027,Bronze
C-002191,Navi Mumbai,400703,F,53,2023-11-18,False,False,WF-025,Bronze
C-002192,Mumbai,400072,F,50,2023-09-26,False,False,WF-009,Silver
C-002193,Thane,400601,M,33,2023-12-09,False,False,WF-019,Bronze
C-002194,Pune,411004,Other,65,2026-03-25,False,False,WF-018,Bronze
C-002195,Thane,400610,F,55,2024-06-18,False,True,WF-021,Bronze
C-002196,Goa,403001,M,61,2024-02-26,False,False,WF-028,Bronze
C-002197,Goa,403001,F,48,2025-05-06,False,False,WF-028,Bronze
C-002198,Thane,400610,M,40,2025-12-28,False,False,WF-022,Silver
C-002199,Mumbai,400097,M,28,2025-05-02,False,False,WF-010,Silver
C-002200,Mumbai,400001,F,35,2023-10-10,False,False,WF-011,Silver
C-002201,Nashik,422005,F,32,2026-01-04,False,False,WF-026,Bronze
C-002202,Goa,403001,M,41,2023-08-31,False,True,WF-028,Bronze
C-002203,Nashik,422005,F,39,2023-12-20,False,False,WF-027,Bronze
C-002204,Pune,411004,F,34,2024-02-15,False,False,WF-016,Platinum
C-002205,Nashik,422001,M,49,2024-10-19,False,False,WF-026,Platinum
C-002206,Nashik,422001,M,54,2025-05-13,False,False,WF-026,Bronze
C-002207,Nashik,422005,F,18,2025-12-05,False,False,WF-027,Silver
C-002208,Thane,400601,M,51,2023-10-05,False,False,WF-019,Bronze
C-002209,Mumbai,400050,M,26,2024-06-06,False,False,WF-012,Bronze
C-002210,Thane,400607,F,42,2026-03-12,False,False,WF-022,Bronze
C-002211,Goa,403001,M,52,2023-11-13,False,False,WF-028,Bronze
C-002212,Mumbai,400001,F,18,2025-11-25,False,False,WF-006,Silver
C-002213,Pune,411045,F,53,2025-12-27,False,False,WF-017,Bronze
C-002214,Thane,400601,F,43,2024-02-17,False,False,WF-021,Silver
C-002215,Bengaluru,560034,M,49,2024-10-07,False,False,WF-029,Bronze
C-002216,Mumbai,400092,F,45,2023-11-24,True,False,WF-010,Silver
C-002217,Goa,403001,F,41,2024-08-25,False,False,WF-028,Silver
C-002218,Mumbai,400001,M,60,2025-10-06,False,True,WF-007,Bronze
C-002219,Thane,400607,F,65,2026-04-09,False,False,WF-021,Bronze
C-002220,Mumbai,400097,F,50,2025-04-24,True,False,WF-001,Bronze
C-002221,Pune,411045,M,38,2023-05-29,False,False,WF-015,Silver
C-002222,Nashik,422001,M,36,2025-03-07,False,False,WF-026,Bronze
C-002223,Goa,403001,M,20,2023-12-23,False,False,WF-028,Platinum
C-002224,Bengaluru,560001,F,46,2026-02-08,False,False,WF-029,Gold
C-002225,Mumbai,400072,F,27,2023-09-02,False,False,WF-005,Bronze
C-002226,Pune,411004,F,41,2026-03-17,True,False,WF-015,Bronze
C-002227,Pune,411004,M,33,2025-06-22,False,False,WF-015,Bronze
C-002228,Pune,411001,M,39,2024-03-03,False,False,WF-018,Gold
C-002229,Goa,403001,M,51,2025-01-11,False,False,WF-028,Gold
C-002230,Pune,411001,F,37,2023-10-21,False,False,WF-013,Bronze
C-002231,Mumbai,400050,F,39,2025-11-22,False,False,WF-007,Bronze
C-002232,Mumbai,400069,F,32,2023-07-28,False,False,WF-006,Bronze
C-002233,Navi Mumbai,400709,F,32,2026-04-14,False,True,WF-025,Bronze
C-002234,Pune,411038,F,50,2025-01-01,False,False,WF-014,Gold
C-002235,Thane,400601,M,63,2023-12-17,False,False,WF-020,Bronze
C-002236,Pune,411001,F,42,2025-05-24,False,False,WF-017,Bronze
C-002237,Thane,400607,F,57,2024-07-07,False,False,WF-020,Gold
C-002238,Nashik,422005,M,35,2023-06-09,False,False,WF-027,Bronze
C-002239,Navi Mumbai,400709,M,31,2024-07-01,False,False,WF-024,Bronze
C-002240,Goa,403001,M,34,2023-07-05,False,False,WF-028,Bronze
C-002241,Pune,411038,M,18,2025-11-27,False,False,WF-017,Bronze
C-002242,Mumbai,400092,F,25,2025-04-13,False,True,WF-005,Silver
C-002243,Pune,411038,F,46,2024-09-29,False,False,WF-016,Bronze
C-002244,Mumbai,400001,F,18,2025-12-15,False,True,WF-005,Gold
C-002245,Bengaluru,560034,F,34,2023-12-15,False,False,WF-030,Gold
C-002246,Nashik,422001,M,80,2023-09-14,False,False,WF-027,Silver
C-002247,Navi Mumbai,400706,F,42,2023-12-28,False,False,WF-025,Silver
C-002248,Pune,411038,Other,22,2024-10-11,False,True,WF-014,Bronze
C-002249,Nashik,422005,M,40,2025-10-17,False,False,WF-027,Platinum
C-002250,Mumbai,400069,F,25,2026-01-23,False,False,WF-001,Bronze
C-002251,Mumbai,400086,M,18,2025-09-26,True,False,WF-009,Bronze
C-002252,Mumbai,400053,M,32,2025-06-07,False,False,WF-004,Silver
C-002253,Thane,400602,M,43,2026-03-12,False,False,WF-019,Bronze
C-002254,Nashik,422005,M,53,2024-11-21,False,False,WF-027,Bronze
C-002255,Mumbai,400069,M,34,2025-10-24,False,False,WF-003,Bronze
C-002256,Pune,411001,F,34,2025-10-04,False,False,WF-013,Silver
C-002257,Mumbai,400064,F,54,2025-11-06,False,False,WF-008,Silver
C-002258,Pune,411038,F,74,2023-08-03,False,False,WF-018,Bronze
C-002259,Pune,411014,F,19,2023-10-31,False,False,WF-013,Silver
C-002260,Goa,403001,M,54,2024-10-28,False,False,WF-028,Bronze
C-002261,Thane,400610,F,32,2024-06-09,False,False,WF-022,Bronze
C-002262,Mumbai,400069,M,24,2026-03-10,True,False,WF-008,Platinum
C-002263,Pune,411038,F,28,2025-03-23,False,False,WF-014,Bronze
C-002264,Navi Mumbai,400706,M,37,2024-03-08,False,False,WF-025,Gold
C-002265,Mumbai,400069,F,55,2025-07-21,False,False,WF-009,Gold
C-002266,Navi Mumbai,400709,F,46,2024-03-13,False,False,WF-023,Bronze
C-002267,Mumbai,400064,M,22,2026-01-15,False,False,WF-010,Bronze
C-002268,Pune,411001,F,57,2023-12-23,False,False,WF-014,Bronze
C-002269,Thane,400602,F,41,2025-08-13,False,False,WF-020,Silver
C-002270,Thane,400602,F,23,2024-07-28,False,False,WF-019,Gold
C-002271,Mumbai,400076,F,35,2025-08-31,False,False,WF-009,Bronze
C-002272,Goa,403001,M,53,2023-10-14,False,False,WF-028,Bronze
C-002273,Navi Mumbai,400703,M,54,2024-06-04,False,False,WF-025,Silver
C-002274,Thane,400602,F,67,2026-03-12,False,False,WF-020,Silver
C-002275,Mumbai,400001,F,48,2026-04-13,False,True,WF-011,Bronze
C-002276,Mumbai,400076,M,44,2025-09-08,False,False,WF-009,Silver
C-002277,Mumbai,400064,F,64,2025-06-27,False,False,WF-002,Bronze
C-002278,Mumbai,400072,M,30,2024-01-25,True,False,WF-012,Gold
C-002279,Pune,411045,F,18,2024-08-08,False,False,WF-016,Bronze
C-002280,Thane,400610,F,34,2025-09-21,False,False,WF-019,Silver
C-002281,Navi Mumbai,400703,F,52,2023-05-03,False,False,WF-025,Bronze
C-002282,Navi Mumbai,400703,M,52,2023-05-07,False,False,WF-023,Silver
C-002283,Thane,400601,F,18,2023-11-07,False,False,WF-021,Silver
C-002284,Mumbai,400097,M,44,2025-09-28,False,False,WF-005,Silver
C-002285,Nashik,422001,M,18,2025-12-27,False,False,WF-026,Bronze
C-002286,Mumbai,400058,F,27,2025-10-28,False,False,WF-010,Bronze
C-002287,Mumbai,400064,M,42,2025-08-30,True,False,WF-011,Silver
C-002288,Bengaluru,560034,F,18,2023-10-24,False,False,WF-029,Bronze
C-002289,Mumbai,400080,F,31,2025-02-10,False,False,WF-005,Bronze
C-002290,Pune,411014,M,47,2025-07-17,True,False,WF-017,Silver
C-002291,Thane,400610,F,31,2023-11-30,False,False,WF-019,Bronze
C-002292,Goa,403001,M,18,2023-08-25,False,True,WF-028,Silver
C-002293,Mumbai,400053,F,48,2023-09-28,False,False,WF-007,Silver
C-002294,Navi Mumbai,400706,F,51,2024-12-19,False,False,WF-024,Gold
C-002295,Thane,400607,F,68,2025-10-02,False,False,WF-020,Bronze
C-002296,Bengaluru,560001,M,39,2025-12-25,False,False,WF-030,Silver
C-002297,Mumbai,400069,M,18,2024-07-27,False,False,WF-002,Gold
C-002298,Pune,411045,M,37,2023-06-05,False,False,WF-018,Bronze
C-002299,Thane,400602,M,44,2025-12-26,False,False,WF-021,Silver
C-002300,Thane,400607,M,49,2025-03-01,True,False,WF-020,Bronze
C-002301,Navi Mumbai,400709,F,42,2024-08-16,False,False,WF-024,Bronze
C-002302,Pune,411038,M,32,2026-01-05,False,False,WF-018,Silver
C-002303,Pune,411038,M,41,2025-08-21,True,False,WF-013,Bronze
C-002304,Thane,400610,M,32,2023-06-24,False,False,WF-019,Silver
C-002305,Mumbai,400072,M,18,2023-10-15,False,False,WF-008,Silver
C-002306,Mumbai,400064,F,61,2025-11-16,False,False,WF-010,Bronze
C-002307,Pune,411004,F,28,2024-11-25,False,False,WF-013,Bronze
C-002308,Mumbai,400072,F,39,2025-11-06,False,False,WF-004,Gold
C-002309,Bengaluru,560001,M,32,2025-05-05,True,False,WF-030,Bronze
C-002310,Mumbai,400069,M,37,2023-08-03,False,False,WF-007,Platinum
C-002311,Mumbai,400072,M,30,2023-09-29,False,False,WF-011,Bronze
C-002312,Mumbai,400080,M,41,2023-11-10,True,False,WF-007,Bronze
C-002313,Goa,403001,F,40,2023-12-30,False,False,WF-028,Bronze
C-002314,Pune,411001,F,46,2024-05-01,True,False,WF-014,Gold
C-002315,Mumbai,400064,M,31,2023-07-30,False,True,WF-011,Gold
C-002316,Mumbai,400097,M,26,2025-08-16,False,False,WF-006,Gold
C-002317,Goa,403001,F,41,2024-07-05,False,False,WF-028,Platinum
C-002318,Nashik,422001,Other,46,2024-05-20,True,False,WF-026,Platinum
C-002319,Mumbai,400080,F,30,2024-09-19,False,True,WF-006,Bronze
C-002320,Mumbai,400092,M,32,2023-07-27,False,False,WF-001,Bronze
C-002321,Pune,411001,M,45,2024-10-23,False,False,WF-013,Silver
C-002322,Pune,411014,M,36,2023-11-29,True,False,WF-013,Silver
C-002323,Mumbai,400080,M,49,2023-09-24,False,False,WF-009,Gold
C-002324,Navi Mumbai,400703,M,48,2024-08-17,False,False,WF-025,Platinum
C-002325,Mumbai,400064,F,33,2024-03-22,False,False,WF-006,Silver
C-002326,Goa,403001,M,30,2025-01-17,False,False,WF-028,Gold
C-002327,Thane,400607,M,37,2024-12-10,False,True,WF-022,Silver
C-002328,Goa,403001,F,35,2023-12-18,False,False,WF-028,Silver
C-002329,Mumbai,400058,M,66,2023-10-30,False,False,WF-004,Silver
C-002330,Mumbai,400058,M,34,2024-11-24,False,False,WF-010,Silver
C-002331,Bengaluru,560034,F,18,2023-11-21,False,False,WF-029,Bronze
C-002332,Nashik,422005,F,61,2023-08-03,False,False,WF-027,Bronze
C-002333,Nashik,422005,F,50,2023-12-23,False,False,WF-027,Gold
C-002334,Bengaluru,560034,F,45,2023-09-30,False,False,WF-029,Bronze
C-002335,Nashik,422001,M,37,2026-04-23,True,False,WF-026,Bronze
C-002336,Mumbai,400097,F,35,2025-02-07,False,False,WF-003,Bronze
C-002337,Mumbai,400080,M,32,2025-04-06,True,False,WF-007,Silver
C-002338,Mumbai,400072,F,25,2023-08-09,False,False,WF-003,Bronze
C-002339,Thane,400601,F,44,2024-05-05,False,False,WF-020,Bronze
C-002340,Bengaluru,560001,F,18,2023-06-21,False,False,WF-029,Platinum
C-002341,Pune,411001,F,20,2026-02-24,False,False,WF-018,Silver
C-002342,Pune,411038,F,18,2025-10-31,False,False,WF-018,Bronze
C-002343,Nashik,422005,M,30,2023-06-28,False,False,WF-027,Bronze
C-002344,Mumbai,400064,M,42,2024-08-20,False,False,WF-001,Silver
C-002345,Mumbai,400058,F,68,2023-10-29,False,True,WF-006,Gold
C-002346,Navi Mumbai,400703,F,38,2023-09-16,False,False,WF-025,Silver
C-002347,Thane,400602,M,18,2025-12-23,True,False,WF-019,Bronze
C-002348,Mumbai,400058,F,31,2024-11-07,False,False,WF-005,Silver
C-002349,Mumbai,400097,M,30,2025-08-16,True,False,WF-007,Bronze
C-002350,Thane,400602,M,22,2023-09-08,False,False,WF-021,Platinum
C-002351,Pune,411038,F,47,2023-10-04,False,False,WF-016,Bronze
C-002352,Pune,411001,M,30,2024-02-15,False,False,WF-017,Gold
C-002353,Bengaluru,560001,F,20,2023-10-06,False,False,WF-029,Bronze
C-002354,Thane,400602,M,22,2024-10-02,False,False,WF-020,Bronze
C-002355,Navi Mumbai,400703,M,57,2023-06-30,False,False,WF-025,Bronze
C-002356,Nashik,422001,M,57,2023-10-23,False,False,WF-027,Bronze
C-002357,Mumbai,400050,F,51,2025-02-28,True,False,WF-009,Platinum
C-002358,Nashik,422001,M,19,2025-12-12,False,False,WF-026,Bronze
C-002359,Thane,400601,F,32,2024-02-22,False,False,WF-020,Platinum
C-002360,Thane,400607,F,24,2024-10-24,False,False,WF-020,Bronze
C-002361,Mumbai,400069,M,29,2025-10-07,False,False,WF-001,Bronze
C-002362,Nashik,422005,F,26,2025-09-18,False,False,WF-026,Bronze
C-002363,Goa,403001,F,24,2023-11-16,True,False,WF-028,Bronze
C-002364,Mumbai,400069,F,38,2026-03-23,False,False,WF-009,Silver
C-002365,Navi Mumbai,400703,M,40,2023-08-09,False,False,WF-023,Silver
C-002366,Goa,403001,F,29,2025-09-07,False,False,WF-028,Bronze
C-002367,Mumbai,400050,M,28,2025-08-02,False,True,WF-007,Silver
C-002368,Goa,403001,F,37,2023-09-07,True,False,WF-028,Silver
C-002369,Bengaluru,560001,F,27,2025-12-18,False,False,WF-030,Bronze
C-002370,Navi Mumbai,400709,M,50,2026-03-19,True,False,WF-024,Bronze
C-002371,Pune,411045,F,40,2024-06-21,False,False,WF-018,Gold
C-002372,Navi Mumbai,400706,M,42,2024-06-12,False,False,WF-024,Silver
C-002373,Mumbai,400092,F,52,2025-06-29,False,False,WF-009,Silver
C-002374,Navi Mumbai,400703,F,52,2024-10-12,True,False,WF-025,Platinum
C-002375,Thane,400601,M,32,2023-06-30,False,False,WF-022,Platinum
C-002376,Pune,411004,M,32,2024-07-22,False,False,WF-016,Bronze
C-002377,Mumbai,400086,M,31,2024-02-23,False,False,WF-011,Bronze
C-002378,Nashik,422005,Other,23,2024-02-16,False,False,WF-027,Bronze
C-002379,Mumbai,400064,M,45,2025-06-22,False,False,WF-004,Gold
C-002380,Navi Mumbai,400706,F,18,2023-05-16,False,False,WF-024,Bronze
C-002381,Bengaluru,560034,M,18,2024-01-15,False,False,WF-030,Gold
C-002382,Mumbai,400097,F,20,2024-02-24,False,True,WF-009,Bronze
C-002383,Thane,400602,F,46,2023-11-24,False,False,WF-020,Bronze
C-002384,Mumbai,400050,F,41,2025-03-06,False,False,WF-011,Silver
C-002385,Goa,403001,Other,57,2025-12-12,False,False,WF-028,Silver
C-002386,Nashik,422005,F,38,2026-02-14,False,False,WF-026,Gold
C-002387,Thane,400601,F,45,2024-05-10,False,False,WF-019,Gold
C-002388,Pune,411038,F,36,2023-10-05,False,False,WF-014,Bronze
C-002389,Nashik,422005,M,26,2026-01-13,False,False,WF-027,Silver
C-002390,Bengaluru,560001,M,50,2024-09-03,False,False,WF-029,Gold
C-002391,Mumbai,400069,M,42,2025-03-19,False,False,WF-010,Gold
C-002392,Nashik,422005,M,40,2025-10-01,False,False,WF-027,Gold
C-002393,Bengaluru,560034,F,46,2023-10-25,False,False,WF-029,Bronze
C-002394,Navi Mumbai,400709,F,32,2023-09-26,True,False,WF-024,Gold
C-002395,Mumbai,400058,F,35,2024-06-18,False,False,WF-011,Bronze
C-002396,Pune,411001,M,37,2024-12-16,False,False,WF-015,Silver
C-002397,Navi Mumbai,400706,M,60,2023-11-16,False,True,WF-025,Bronze
C-002398,Thane,400610,M,37,2023-11-30,False,False,WF-022,Bronze
C-002399,Pune,411004,M,64,2025-12-22,True,True,WF-015,Bronze
C-002400,Thane,400602,M,30,2025-05-06,False,False,WF-022,Bronze
C-002401,Navi Mumbai,400706,M,27,2023-12-05,False,False,WF-023,Silver
C-002402,Navi Mumbai,400706,M,44,2024-10-16,False,False,WF-024,Silver
C-002403,Mumbai,400058,M,45,2025-09-29,False,True,WF-009,Silver
C-002404,Mumbai,400050,M,26,2026-02-15,True,True,WF-001,Silver
C-002405,Mumbai,400053,F,32,2023-08-03,False,False,WF-010,Silver
C-002406,Goa,403001,F,39,2025-09-25,False,False,WF-028,Gold
C-002407,Mumbai,400058,M,34,2023-05-30,False,False,WF-011,Gold
C-002408,Bengaluru,560001,M,41,2023-08-04,False,False,WF-029,Platinum
C-002409,Navi Mumbai,400703,F,55,2023-06-26,False,False,WF-024,Bronze
C-002410,Bengaluru,560034,M,19,2024-02-18,False,False,WF-029,Gold
C-002411,Pune,411004,F,23,2024-03-03,False,False,WF-013,Bronze
C-002412,Mumbai,400080,M,39,2025-06-07,False,False,WF-003,Bronze
C-002413,Goa,403001,M,37,2023-10-07,True,False,WF-028,Bronze
C-002414,Thane,400607,M,49,2025-06-15,False,False,WF-020,Bronze
C-002415,Mumbai,400001,M,33,2024-07-16,False,False,WF-012,Gold
C-002416,Goa,403001,M,38,2023-10-28,False,False,WF-028,Silver
C-002417,Mumbai,400092,M,31,2025-11-16,True,False,WF-010,Gold
C-002418,Mumbai,400072,F,24,2025-05-06,True,False,WF-004,Bronze
C-002419,Thane,400602,M,21,2025-10-01,False,False,WF-019,Bronze
C-002420,Mumbai,400076,F,59,2023-09-30,False,False,WF-012,Bronze
C-002421,Navi Mumbai,400703,F,18,2023-07-28,False,False,WF-023,Gold
C-002422,Pune,411045,F,42,2024-11-23,True,False,WF-015,Silver
C-002423,Mumbai,400097,F,18,2025-11-19,False,False,WF-008,Silver
C-002424,Goa,403001,F,56,2026-02-20,False,False,WF-028,Silver
C-002425,Mumbai,400086,F,35,2024-01-04,False,False,WF-002,Silver
C-002426,Navi Mumbai,400703,M,51,2025-10-19,False,True,WF-024,Silver
C-002427,Nashik,422001,Other,29,2025-08-30,False,False,WF-027,Bronze
C-002428,Mumbai,400069,M,25,2026-04-23,False,False,WF-004,Silver
C-002429,Mumbai,400053,F,30,2024-12-21,False,False,WF-004,Bronze
C-002430,Mumbai,400058,M,55,2025-12-08,False,False,WF-001,Bronze
C-002431,Bengaluru,560001,M,40,2023-10-04,False,False,WF-029,Bronze
C-002432,Bengaluru,560001,F,43,2025-12-30,False,False,WF-029,Platinum
C-002433,Mumbai,400080,M,64,2023-05-24,False,False,WF-012,Bronze
C-002434,Bengaluru,560034,M,18,2024-05-02,False,False,WF-030,Bronze
C-002435,Mumbai,400080,M,46,2023-10-02,False,False,WF-005,Bronze
C-002436,Mumbai,400086,M,18,2026-03-26,False,False,WF-002,Gold
C-002437,Navi Mumbai,400709,M,20,2025-04-24,False,False,WF-023,Bronze
C-002438,Goa,403001,F,38,2024-01-17,False,False,WF-028,Bronze
C-002439,Thane,400602,F,49,2025-11-17,False,False,WF-022,Bronze
C-002440,Goa,403001,M,23,2023-12-20,False,False,WF-028,Silver
C-002441,Navi Mumbai,400703,F,34,2023-07-11,False,False,WF-023,Platinum
C-002442,Mumbai,400076,M,60,2026-03-07,False,False,WF-011,Bronze
C-002443,Thane,400602,M,28,2025-12-29,False,False,WF-019,Bronze
C-002444,Mumbai,400069,F,39,2024-01-30,False,False,WF-004,Gold
C-002445,Goa,403001,F,18,2023-09-08,False,False,WF-028,Bronze
C-002446,Mumbai,400001,M,29,2025-06-12,False,True,WF-012,Bronze
C-002447,Mumbai,400058,F,18,2023-12-21,False,False,WF-012,Bronze
C-002448,Mumbai,400072,M,42,2023-05-16,False,False,WF-007,Silver
C-002449,Pune,411038,M,39,2023-05-08,False,False,WF-015,Gold
C-002450,Mumbai,400058,F,46,2025-05-03,True,False,WF-005,Silver
C-002451,Bengaluru,560034,F,62,2026-02-14,True,False,WF-029,Bronze
C-002452,Mumbai,400072,M,19,2023-05-19,True,False,WF-007,Silver
C-002453,Bengaluru,560034,F,26,2025-01-04,False,False,WF-030,Bronze
C-002454,Goa,403001,M,41,2024-10-28,False,True,WF-028,Silver
C-002455,Mumbai,400097,F,27,2023-08-22,True,False,WF-009,Gold
C-002456,Mumbai,400097,F,47,2025-07-16,False,True,WF-011,Silver
C-002457,Thane,400602,M,33,2025-11-13,False,False,WF-022,Silver
C-002458,Navi Mumbai,400703,M,56,2025-05-20,False,False,WF-023,Silver
C-002459,Pune,411014,F,40,2024-09-29,False,False,WF-016,Gold
C-002460,Thane,400610,F,28,2024-11-17,True,False,WF-019,Bronze
C-002461,Mumbai,400076,F,44,2023-08-05,False,False,WF-003,Bronze
C-002462,Mumbai,400097,M,31,2023-07-06,False,False,WF-002,Bronze
C-002463,Navi Mumbai,400703,M,55,2023-07-30,False,False,WF-024,Silver
C-002464,Bengaluru,560001,M,55,2023-06-20,False,False,WF-029,Silver
C-002465,Navi Mumbai,400709,M,18,2026-02-19,True,False,WF-025,Bronze
C-002466,Goa,403001,M,61,2024-10-14,False,False,WF-028,Silver
C-002467,Nashik,422001,F,48,2026-01-23,False,False,WF-027,Bronze
C-002468,Mumbai,400001,M,25,2025-03-23,False,False,WF-011,Gold
C-002469,Pune,411045,M,44,2023-10-16,False,False,WF-014,Bronze
C-002470,Thane,400601,F,38,2023-12-17,False,False,WF-021,Bronze
C-002471,Mumbai,400064,F,19,2025-11-24,False,False,WF-005,Silver
C-002472,Pune,411004,F,31,2024-03-14,False,False,WF-018,Bronze
C-002473,Bengaluru,560001,M,29,2023-06-06,False,False,WF-029,Gold
C-002474,Nashik,422005,F,33,2025-04-02,False,False,WF-026,Gold
C-002475,Thane,400601,F,57,2024-01-15,False,False,WF-021,Bronze
C-002476,Mumbai,400092,F,23,2023-11-09,False,False,WF-001,Bronze
C-002477,Pune,411045,F,18,2023-10-19,False,False,WF-017,Bronze
C-002478,Navi Mumbai,400709,M,25,2025-01-31,False,False,WF-025,Bronze
C-002479,Mumbai,400076,M,42,2024-06-08,False,False,WF-003,Bronze
C-002480,Nashik,422001,F,18,2024-01-17,True,False,WF-026,Silver
C-002481,Pune,411038,F,18,2026-02-24,False,False,WF-018,Bronze
C-002482,Goa,403001,M,30,2023-12-15,True,False,WF-028,Bronze
C-002483,Bengaluru,560001,F,34,2024-08-06,False,False,WF-029,Bronze
C-002484,Navi Mumbai,400703,F,53,2023-06-10,False,False,WF-024,Bronze
C-002485,Mumbai,400080,M,40,2025-05-17,True,False,WF-007,Silver
C-002486,Mumbai,400072,M,33,2023-07-25,False,False,WF-005,Bronze
C-002487,Mumbai,400097,M,42,2023-07-04,False,False,WF-011,Bronze
C-002488,Goa,403001,M,39,2023-06-26,False,False,WF-028,Bronze
C-002489,Mumbai,400092,F,40,2024-10-20,False,False,WF-003,Silver
C-002490,Mumbai,400076,F,18,2024-11-09,False,False,WF-002,Gold
C-002491,Mumbai,400064,F,19,2026-03-04,False,False,WF-011,Bronze
C-002492,Mumbai,400050,F,55,2025-08-18,False,False,WF-002,Silver
C-002493,Pune,411038,F,53,2026-01-28,True,False,WF-017,Silver
C-002494,Bengaluru,560034,F,35,2023-08-24,False,False,WF-029,Silver
C-002495,Mumbai,400092,F,18,2024-07-15,False,False,WF-006,Bronze
C-002496,Pune,411021,M,49,2024-03-27,False,True,WF-015,Silver
C-002497,Mumbai,400053,F,23,2024-05-01,False,False,WF-006,Bronze
C-002498,Thane,400601,F,30,2024-05-24,False,False,WF-021,Silver
C-002499,Thane,400610,M,43,2023-08-17,False,False,WF-021,Bronze
C-002500,Navi Mumbai,400709,M,30,2025-12-21,False,False,WF-024,Silver
C-002501,Goa,403001,M,44,2024-03-31,True,False,WF-028,Bronze
C-002502,Mumbai,400001,F,38,2026-01-16,True,False,WF-002,Bronze
C-002503,Mumbai,400086,M,33,2024-11-20,False,False,WF-012,Bronze
C-002504,Pune,411004,M,18,2026-02-26,False,False,WF-016,Bronze
C-002505,Mumbai,400053,F,26,2024-03-27,False,False,WF-001,Gold
C-002506,Mumbai,400072,M,33,2024-11-22,False,False,WF-007,Bronze
C-002507,Pune,411038,M,26,2025-06-20,False,False,WF-014,Silver
C-002508,Mumbai,400092,F,22,2023-08-01,False,True,WF-010,Bronze
C-002509,Mumbai,400076,M,30,2023-07-29,False,False,WF-010,Bronze
C-002510,Bengaluru,560001,M,32,2023-12-25,False,False,WF-030,Gold
C-002511,Goa,403001,F,31,2026-04-23,False,False,WF-028,Gold
C-002512,Pune,411004,F,45,2025-11-07,False,False,WF-018,Gold
C-002513,Pune,411001,M,32,2023-11-01,False,False,WF-018,Gold
C-002514,Bengaluru,560034,F,38,2023-10-07,False,False,WF-030,Bronze
C-002515,Navi Mumbai,400703,M,71,2024-01-24,False,False,WF-023,Silver
C-002516,Mumbai,400092,M,18,2025-06-28,False,False,WF-004,Silver
C-002517,Thane,400610,M,20,2023-11-29,False,False,WF-022,Bronze
C-002518,Navi Mumbai,400706,F,62,2023-11-15,False,False,WF-024,Bronze
C-002519,Pune,411021,M,60,2026-03-31,False,False,WF-013,Bronze
C-002520,Navi Mumbai,400709,M,34,2024-05-27,False,True,WF-024,Silver
C-002521,Navi Mumbai,400706,M,67,2024-07-20,False,False,WF-023,Bronze
C-002522,Mumbai,400097,M,18,2024-01-20,False,False,WF-004,Bronze
C-002523,Thane,400601,M,24,2023-09-03,False,False,WF-019,Bronze
C-002524,Nashik,422005,M,48,2025-10-26,False,False,WF-026,Bronze
C-002525,Pune,411045,F,60,2023-10-22,False,False,WF-013,Bronze
C-002526,Pune,411021,M,48,2025-08-12,False,True,WF-016,Gold
C-002527,Navi Mumbai,400709,M,27,2023-12-03,False,True,WF-024,Bronze
C-002528,Pune,411014,F,30,2025-02-13,False,False,WF-017,Silver
C-002529,Thane,400601,M,34,2024-10-14,False,False,WF-019,Bronze
C-002530,Mumbai,400069,F,38,2024-09-30,False,False,WF-003,Bronze
C-002531,Navi Mumbai,400709,M,18,2025-12-09,False,False,WF-024,Gold
C-002532,Navi Mumbai,400703,M,32,2023-11-18,False,True,WF-023,Bronze
C-002533,Navi Mumbai,400706,F,56,2023-11-21,False,False,WF-024,Bronze
C-002534,Goa,403001,M,52,2025-05-04,False,False,WF-028,Bronze
C-002535,Mumbai,400092,F,46,2025-03-05,True,True,WF-002,Bronze
C-002536,Mumbai,400076,F,18,2025-12-11,False,False,WF-009,Gold
C-002537,Bengaluru,560034,F,18,2024-01-18,False,False,WF-029,Bronze
C-002538,Mumbai,400050,F,37,2025-04-07,True,False,WF-012,Bronze
C-002539,Mumbai,400097,M,21,2025-06-04,False,False,WF-003,Silver
C-002540,Thane,400607,F,34,2024-03-23,False,False,WF-021,Silver
C-002541,Mumbai,400053,F,33,2024-11-03,False,False,WF-001,Silver
C-002542,Pune,411004,F,23,2025-04-24,False,True,WF-014,Bronze
C-002543,Pune,411038,F,35,2023-11-25,True,False,WF-016,Bronze
C-002544,Nashik,422001,F,58,2023-08-04,False,False,WF-026,Bronze
C-002545,Mumbai,400058,F,25,2024-06-14,True,False,WF-005,Gold
C-002546,Goa,403001,F,44,2023-09-10,False,False,WF-028,Bronze
C-002547,Mumbai,400072,F,42,2025-01-15,False,False,WF-005,Bronze
C-002548,Mumbai,400097,M,52,2024-02-11,False,False,WF-010,Silver
C-002549,Pune,411045,M,54,2026-01-25,False,False,WF-013,Bronze
C-002550,Mumbai,400069,F,36,2026-01-17,False,False,WF-011,Silver
C-002551,Goa,403001,F,35,2025-01-06,False,False,WF-028,Bronze
C-002552,Mumbai,400080,F,18,2025-10-10,False,False,WF-003,Bronze
C-002553,Navi Mumbai,400706,M,26,2025-06-29,False,False,WF-023,Silver
C-002554,Mumbai,400072,F,18,2025-07-02,False,False,WF-011,Gold
C-002555,Nashik,422001,F,21,2023-09-06,False,False,WF-026,Bronze
C-002556,Mumbai,400064,M,50,2025-06-19,False,False,WF-009,Gold
C-002557,Bengaluru,560001,F,29,2024-03-15,False,False,WF-030,Silver
C-002558,Pune,411001,F,50,2025-06-03,False,False,WF-013,Bronze
C-002559,Pune,411045,M,53,2023-11-23,False,False,WF-018,Silver
C-002560,Nashik,422005,M,64,2023-11-18,False,False,WF-027,Silver
C-002561,Thane,400601,F,55,2023-07-13,False,False,WF-019,Gold
C-002562,Bengaluru,560034,F,25,2026-01-03,False,False,WF-030,Bronze
C-002563,Goa,403001,F,54,2025-05-19,False,False,WF-028,Bronze
C-002564,Nashik,422001,M,47,2023-10-04,False,False,WF-027,Silver
C-002565,Mumbai,400069,F,74,2024-07-29,True,False,WF-004,Bronze
C-002566,Mumbai,400086,F,24,2025-07-31,False,False,WF-006,Silver
C-002567,Bengaluru,560001,F,55,2023-08-24,False,False,WF-030,Bronze
C-002568,Thane,400602,M,29,2025-08-29,False,False,WF-021,Silver
C-002569,Nashik,422001,M,19,2024-07-25,False,False,WF-027,Bronze
C-002570,Thane,400601,F,49,2025-03-10,False,False,WF-020,Bronze
C-002571,Pune,411021,M,38,2023-12-11,False,False,WF-013,Gold
C-002572,Thane,400607,F,40,2025-10-22,False,True,WF-022,Bronze
C-002573,Goa,403001,F,33,2023-11-02,False,False,WF-028,Silver
C-002574,Nashik,422005,M,38,2024-05-20,False,False,WF-027,Silver
C-002575,Pune,411045,F,45,2023-09-16,False,False,WF-015,Gold
C-002576,Mumbai,400076,F,51,2023-12-05,True,False,WF-005,Silver
C-002577,Nashik,422005,F,41,2024-08-02,False,False,WF-026,Silver
C-002578,Nashik,422005,F,54,2024-05-21,False,False,WF-027,Silver
C-002579,Thane,400607,M,43,2023-05-28,True,False,WF-020,Gold
C-002580,Navi Mumbai,400709,M,39,2025-07-20,False,False,WF-025,Bronze
C-002581,Thane,400601,F,45,2024-08-16,False,False,WF-021,Bronze
C-002582,Goa,403001,F,38,2023-08-03,True,False,WF-028,Bronze
C-002583,Mumbai,400072,M,25,2024-02-20,False,False,WF-001,Bronze
C-002584,Mumbai,400080,F,31,2024-10-24,False,False,WF-005,Bronze
C-002585,Pune,411021,M,27,2026-03-14,False,False,WF-018,Silver
C-002586,Mumbai,400072,M,28,2023-10-17,False,False,WF-001,Bronze
C-002587,Mumbai,400069,M,35,2023-05-21,False,True,WF-002,Bronze
C-002588,Pune,411021,M,36,2023-08-31,False,False,WF-013,Gold
C-002589,Mumbai,400072,M,21,2024-12-30,False,False,WF-008,Platinum
C-002590,Pune,411038,Other,18,2025-06-22,True,False,WF-018,Platinum
C-002591,Mumbai,400001,Other,29,2025-10-29,False,False,WF-006,Bronze
C-002592,Mumbai,400092,F,20,2023-12-29,False,False,WF-010,Bronze
C-002593,Mumbai,400001,F,63,2025-07-05,False,False,WF-009,Silver
C-002594,Mumbai,400050,F,18,2026-03-17,False,False,WF-011,Bronze
C-002595,Navi Mumbai,400706,M,57,2024-12-31,False,False,WF-023,Bronze
C-002596,Pune,411045,F,45,2024-01-18,False,False,WF-013,Bronze
C-002597,Mumbai,400053,M,56,2024-09-24,False,False,WF-010,Gold
C-002598,Navi Mumbai,400709,F,26,2025-01-08,True,False,WF-025,Silver
C-002599,Nashik,422005,F,20,2024-07-17,False,False,WF-027,Bronze
C-002600,Goa,403001,M,52,2024-09-12,False,False,WF-028,Bronze
C-002601,Goa,403001,F,31,2023-05-18,False,False,WF-028,Silver
C-002602,Mumbai,400001,M,48,2023-05-13,False,False,WF-005,Bronze
C-002603,Bengaluru,560001,F,37,2024-10-08,False,False,WF-030,Bronze
C-002604,Thane,400607,M,34,2024-09-23,True,True,WF-022,Gold
C-002605,Bengaluru,560001,F,53,2024-03-06,True,False,WF-030,Bronze
C-002606,Pune,411045,F,31,2023-05-28,False,False,WF-013,Silver
C-002607,Mumbai,400086,F,39,2025-01-21,True,True,WF-010,Gold
C-002608,Nashik,422001,M,37,2025-03-29,False,False,WF-027,Bronze
C-002609,Thane,400607,M,41,2024-12-29,False,True,WF-021,Bronze
C-002610,Mumbai,400080,M,37,2023-09-08,False,False,WF-004,Bronze
C-002611,Thane,400610,F,52,2025-09-22,False,False,WF-022,Bronze
C-002612,Pune,411045,M,19,2024-08-06,False,False,WF-014,Silver
C-002613,Mumbai,400050,F,43,2023-07-13,False,False,WF-005,Bronze
C-002614,Mumbai,400001,M,49,2024-06-06,False,False,WF-003,Silver
C-002615,Mumbai,400076,M,30,2024-05-05,False,False,WF-008,Bronze
C-002616,Goa,403001,F,18,2025-04-30,False,False,WF-028,Gold
C-002617,Bengaluru,560001,F,39,2024-12-26,True,False,WF-030,Bronze
C-002618,Goa,403001,F,39,2025-05-26,False,False,WF-028,Silver
C-002619,Goa,403001,F,39,2024-05-05,False,False,WF-028,Silver
C-002620,Pune,411001,M,47,2024-05-23,False,False,WF-014,Bronze
C-002621,Mumbai,400053,F,18,2025-09-11,False,False,WF-002,Bronze
C-002622,Pune,411038,M,18,2023-09-20,False,False,WF-013,Bronze
C-002623,Mumbai,400097,M,36,2024-11-12,False,False,WF-004,Bronze
C-002624,Nashik,422005,F,26,2024-07-16,False,False,WF-027,Silver
C-002625,Bengaluru,560034,M,41,2025-04-15,False,True,WF-029,Bronze
C-002626,Thane,400601,M,49,2024-09-05,False,False,WF-022,Bronze
C-002627,Mumbai,400064,M,49,2026-04-15,False,False,WF-003,Silver
C-002628,Mumbai,400050,F,25,2023-08-31,False,False,WF-010,Silver
C-002629,Mumbai,400092,F,50,2026-04-07,False,False,WF-012,Silver
C-002630,Navi Mumbai,400703,F,32,2024-06-12,False,True,WF-024,Silver
C-002631,Pune,411004,M,65,2025-09-16,False,False,WF-014,Gold
C-002632,Pune,411045,M,28,2024-11-20,False,False,WF-015,Silver
C-002633,Pune,411021,M,55,2023-06-23,True,False,WF-013,Bronze
C-002634,Pune,411001,F,23,2026-02-14,False,False,WF-018,Bronze
C-002635,Goa,403001,M,35,2025-11-04,False,False,WF-028,Bronze
C-002636,Mumbai,400064,F,28,2023-07-20,False,True,WF-001,Gold
C-002637,Bengaluru,560034,M,57,2024-08-15,False,False,WF-029,Bronze
C-002638,Mumbai,400080,M,32,2025-12-21,False,False,WF-007,Bronze
C-002639,Navi Mumbai,400703,M,18,2023-07-07,False,False,WF-024,Silver
C-002640,Pune,411045,F,68,2026-01-29,False,False,WF-018,Bronze
C-002641,Goa,403001,M,33,2023-09-11,False,True,WF-028,Bronze
C-002642,Goa,403001,F,27,2025-02-25,False,False,WF-028,Bronze
C-002643,Goa,403001,F,63,2024-12-11,False,False,WF-028,Bronze
C-002644,Bengaluru,560034,M,34,2023-08-17,True,False,WF-030,Bronze
C-002645,Bengaluru,560034,F,39,2026-02-25,False,False,WF-029,Bronze
C-002646,Thane,400607,F,51,2023-12-21,False,False,WF-021,Bronze
C-002647,Mumbai,400072,F,57,2023-09-18,True,False,WF-007,Silver
C-002648,Navi Mumbai,400703,F,33,2024-06-20,False,True,WF-025,Platinum
C-002649,Nashik,422005,F,29,2023-07-22,True,False,WF-026,Bronze
C-002650,Mumbai,400097,F,46,2023-10-29,False,True,WF-009,Silver
C-002651,Pune,411004,M,61,2023-09-15,False,False,WF-014,Gold
C-002652,Thane,400602,F,54,2024-06-28,False,True,WF-019,Bronze
C-002653,Mumbai,400069,M,50,2024-12-08,False,False,WF-009,Platinum
C-002654,Pune,411038,M,63,2024-09-11,False,False,WF-018,Silver
C-002655,Navi Mumbai,400706,F,44,2025-03-14,False,False,WF-024,Bronze
C-002656,Mumbai,400072,F,28,2025-09-15,False,True,WF-005,Bronze
C-002657,Mumbai,400053,F,18,2024-08-21,False,False,WF-001,Silver
C-002658,Thane,400607,M,48,2024-01-22,False,False,WF-019,Bronze
C-002659,Nashik,422005,M,38,2023-08-25,False,False,WF-027,Bronze
C-002660,Pune,411004,F,29,2025-05-13,True,False,WF-017,Bronze
C-002661,Nashik,422005,M,42,2026-03-20,True,False,WF-027,Bronze
C-002662,Navi Mumbai,400706,M,35,2023-07-05,False,True,WF-023,Gold
C-002663,Pune,411045,M,45,2025-12-01,False,False,WF-018,Bronze
C-002664,Mumbai,400058,F,73,2023-11-11,False,False,WF-001,Bronze
C-002665,Bengaluru,560001,F,60,2023-07-20,False,False,WF-030,Silver
C-002666,Bengaluru,560034,M,36,2025-12-24,False,False,WF-030,Bronze
C-002667,Bengaluru,560034,F,29,2025-05-15,False,False,WF-030,Gold
C-002668,Mumbai,400072,M,35,2024-11-04,False,False,WF-003,Bronze
C-002669,Mumbai,400076,F,39,2025-03-15,False,False,WF-002,Silver
C-002670,Bengaluru,560034,M,18,2025-06-05,False,False,WF-030,Bronze
C-002671,Mumbai,400080,Other,60,2024-03-11,False,False,WF-007,Bronze
C-002672,Thane,400610,M,54,2023-08-13,False,False,WF-022,Gold
C-002673,Mumbai,400053,M,38,2023-11-11,False,False,WF-011,Gold
C-002674,Navi Mumbai,400709,M,26,2025-07-27,False,False,WF-025,Gold
C-002675,Thane,400610,Other,32,2025-08-05,False,False,WF-020,Bronze
C-002676,Navi Mumbai,400703,M,41,2025-04-14,False,False,WF-025,Platinum
C-002677,Mumbai,400092,M,53,2023-11-03,True,False,WF-009,Silver
C-002678,Pune,411004,Other,39,2024-08-28,True,False,WF-018,Platinum
C-002679,Thane,400602,F,71,2024-08-16,True,False,WF-019,Silver
C-002680,Mumbai,400072,M,49,2025-09-11,False,False,WF-012,Silver
C-002681,Navi Mumbai,400709,M,46,2023-12-24,False,False,WF-024,Bronze
C-002682,Navi Mumbai,400703,M,18,2023-12-16,True,False,WF-024,Silver
C-002683,Mumbai,400050,M,24,2026-01-05,False,False,WF-008,Silver
C-002684,Bengaluru,560034,M,18,2023-06-25,False,False,WF-029,Bronze
C-002685,Mumbai,400092,M,22,2024-03-04,False,False,WF-005,Bronze
C-002686,Goa,403001,M,39,2023-06-06,False,False,WF-028,Silver
C-002687,Goa,403001,F,18,2025-04-27,False,False,WF-028,Bronze
C-002688,Nashik,422001,F,47,2023-05-29,True,False,WF-027,Gold
C-002689,Navi Mumbai,400706,M,25,2025-07-13,False,False,WF-025,Silver
C-002690,Navi Mumbai,400703,M,38,2025-09-01,False,False,WF-025,Platinum
C-002691,Mumbai,400053,F,34,2024-03-29,False,False,WF-009,Bronze
C-002692,Mumbai,400097,F,27,2025-07-18,False,False,WF-002,Bronze
C-002693,Bengaluru,560034,M,24,2023-07-31,False,False,WF-030,Silver
C-002694,Mumbai,400080,M,40,2023-06-16,False,False,WF-008,Bronze
C-002695,Pune,411038,F,40,2024-03-08,False,False,WF-018,Bronze
C-002696,Bengaluru,560034,F,18,2023-09-17,False,False,WF-029,Bronze
C-002697,Navi Mumbai,400706,M,34,2026-04-07,False,False,WF-025,Silver
C-002698,Mumbai,400092,M,32,2024-05-11,False,False,WF-004,Bronze
C-002699,Mumbai,400080,F,34,2025-11-15,False,False,WF-005,Silver
C-002700,Thane,400601,M,33,2025-04-05,False,False,WF-020,Silver
C-002701,Pune,411001,F,48,2025-04-03,False,False,WF-016,Bronze
C-002702,Bengaluru,560001,M,55,2024-11-13,False,False,WF-030,Bronze
C-002703,Mumbai,400050,M,26,2023-05-24,False,False,WF-012,Bronze
C-002704,Pune,411045,M,18,2025-02-19,False,False,WF-017,Silver
C-002705,Navi Mumbai,400706,F,43,2026-03-11,False,True,WF-023,Bronze
C-002706,Thane,400602,F,47,2024-10-05,False,False,WF-022,Silver
C-002707,Navi Mumbai,400703,M,28,2024-03-21,False,False,WF-024,Bronze
C-002708,Mumbai,400097,M,48,2025-11-03,False,False,WF-010,Gold
C-002709,Bengaluru,560001,F,33,2024-08-18,False,False,WF-030,Bronze
C-002710,Mumbai,400086,M,57,2025-08-15,False,False,WF-012,Bronze
C-002711,Mumbai,400092,F,35,2024-01-18,False,False,WF-005,Silver
C-002712,Mumbai,400001,M,23,2026-03-25,False,False,WF-005,Gold
C-002713,Pune,411004,F,18,2024-10-19,False,False,WF-018,Bronze
C-002714,Bengaluru,560034,F,18,2023-07-26,False,False,WF-030,Bronze
C-002715,Mumbai,400058,F,27,2024-02-03,False,False,WF-005,Bronze
C-002716,Bengaluru,560001,M,31,2023-09-15,False,False,WF-030,Bronze
C-002717,Thane,400601,M,22,2024-05-08,False,False,WF-020,Silver
C-002718,Thane,400610,M,33,2023-11-27,False,False,WF-020,Platinum
C-002719,Pune,411004,M,18,2023-10-31,False,False,WF-014,Bronze
C-002720,Thane,400607,M,29,2025-05-29,False,False,WF-020,Gold
C-002721,Mumbai,400050,M,22,2023-10-12,False,False,WF-006,Bronze
C-002722,Mumbai,400064,M,39,2025-10-30,False,False,WF-002,Bronze
C-002723,Navi Mumbai,400706,M,45,2024-10-07,False,False,WF-025,Silver
C-002724,Thane,400607,F,52,2023-09-13,False,False,WF-020,Silver
C-002725,Goa,403001,M,26,2024-09-06,False,True,WF-028,Bronze
C-002726,Pune,411004,M,33,2023-05-18,False,False,WF-016,Bronze
C-002727,Mumbai,400053,F,48,2023-11-08,False,False,WF-002,Silver
C-002728,Thane,400602,M,42,2024-04-01,False,False,WF-020,Bronze
C-002729,Navi Mumbai,400709,F,22,2026-04-04,False,False,WF-025,Silver
C-002730,Pune,411001,M,47,2024-10-11,False,False,WF-018,Silver
C-002731,Goa,403001,M,20,2025-05-14,False,False,WF-028,Silver
C-002732,Goa,403001,M,33,2024-02-05,False,False,WF-028,Bronze
C-002733,Bengaluru,560034,M,26,2025-04-05,False,False,WF-030,Bronze
C-002734,Pune,411004,M,43,2024-12-17,False,False,WF-018,Bronze
C-002735,Thane,400602,M,55,2023-11-18,False,False,WF-019,Silver
C-002736,Pune,411014,F,51,2025-05-18,True,False,WF-017,Bronze
C-002737,Navi Mumbai,400709,F,45,2024-12-11,False,False,WF-025,Bronze
C-002738,Mumbai,400064,M,64,2024-06-25,False,False,WF-012,Gold
C-002739,Mumbai,400053,M,57,2024-06-17,False,False,WF-011,Bronze
C-002740,Thane,400601,F,46,2023-09-15,False,False,WF-020,Bronze
C-002741,Mumbai,400076,M,41,2025-09-01,False,False,WF-012,Gold
C-002742,Bengaluru,560001,M,50,2025-05-18,False,False,WF-029,Silver
C-002743,Mumbai,400050,M,18,2025-01-08,False,False,WF-010,Silver
C-002744,Nashik,422001,F,24,2023-12-27,True,False,WF-027,Gold
C-002745,Mumbai,400001,F,24,2023-08-07,False,False,WF-007,Bronze
C-002746,Mumbai,400001,F,46,2024-01-31,False,False,WF-010,Bronze
C-002747,Bengaluru,560034,F,52,2025-09-20,False,False,WF-030,Silver
C-002748,Nashik,422005,F,27,2024-11-29,False,False,WF-027,Gold
C-002749,Mumbai,400080,M,50,2024-10-08,False,False,WF-008,Platinum
C-002750,Thane,400610,F,45,2025-02-10,False,False,WF-020,Gold
C-002751,Pune,411021,Other,44,2025-01-27,False,False,WF-014,Silver
C-002752,Mumbai,400053,F,36,2024-02-15,False,True,WF-003,Gold
C-002753,Mumbai,400053,M,41,2024-03-07,False,False,WF-009,Bronze
C-002754,Thane,400602,M,57,2023-05-26,True,True,WF-020,Bronze
C-002755,Mumbai,400001,M,35,2023-07-20,False,False,WF-012,Bronze
C-002756,Nashik,422005,F,18,2025-02-05,True,False,WF-027,Bronze
C-002757,Mumbai,400080,F,39,2026-04-05,False,False,WF-012,Silver
C-002758,Nashik,422005,F,19,2023-05-31,False,False,WF-027,Silver
C-002759,Pune,411001,F,30,2025-12-18,False,False,WF-015,Bronze
C-002760,Nashik,422005,F,23,2023-08-29,False,False,WF-026,Silver
C-002761,Thane,400610,F,42,2024-01-31,False,False,WF-022,Platinum
C-002762,Pune,411045,M,38,2024-05-10,False,False,WF-015,Silver
C-002763,Pune,411045,M,41,2025-06-07,False,False,WF-017,Silver
C-002764,Navi Mumbai,400706,F,53,2026-03-07,False,False,WF-024,Silver
C-002765,Mumbai,400080,M,45,2023-11-29,False,False,WF-001,Silver
C-002766,Mumbai,400072,F,18,2026-01-20,False,False,WF-003,Bronze
C-002767,Pune,411014,M,38,2023-10-10,False,False,WF-015,Bronze
C-002768,Mumbai,400097,M,44,2023-06-15,True,False,WF-002,Platinum
C-002769,Mumbai,400080,F,46,2025-03-15,True,False,WF-012,Gold
C-002770,Navi Mumbai,400703,F,38,2024-02-23,False,False,WF-024,Gold
C-002771,Navi Mumbai,400703,F,41,2026-03-06,False,False,WF-025,Bronze
C-002772,Thane,400601,F,44,2026-02-22,False,False,WF-020,Silver
C-002773,Goa,403001,M,27,2026-02-16,True,False,WF-028,Bronze
C-002774,Thane,400607,M,44,2025-09-29,True,False,WF-019,Silver
C-002775,Thane,400601,F,22,2025-11-30,False,False,WF-022,Bronze
C-002776,Bengaluru,560034,F,32,2026-03-25,False,False,WF-029,Silver
C-002777,Nashik,422001,M,20,2025-01-15,False,False,WF-027,Silver
C-002778,Goa,403001,M,73,2023-10-04,False,False,WF-028,Bronze
C-002779,Mumbai,400053,M,26,2023-12-31,False,False,WF-012,Bronze
C-002780,Mumbai,400069,M,33,2025-01-08,True,False,WF-004,Silver
C-002781,Pune,411021,F,64,2023-08-08,False,False,WF-013,Bronze
C-002782,Bengaluru,560001,M,46,2026-02-10,False,False,WF-030,Bronze
C-002783,Goa,403001,M,32,2025-08-22,True,False,WF-028,Platinum
C-002784,Mumbai,400001,M,43,2025-12-23,False,False,WF-008,Silver
C-002785,Mumbai,400097,M,18,2024-06-28,True,False,WF-012,Silver
C-002786,Pune,411014,F,28,2025-11-08,False,False,WF-017,Bronze
C-002787,Mumbai,400092,M,38,2025-07-13,False,False,WF-010,Gold
C-002788,Mumbai,400092,F,24,2025-11-26,False,False,WF-003,Silver
C-002789,Pune,411021,F,36,2023-07-30,False,False,WF-016,Silver
C-002790,Pune,411045,M,57,2024-05-20,False,False,WF-018,Silver
C-002791,Navi Mumbai,400706,F,44,2024-03-16,False,False,WF-023,Silver
C-002792,Pune,411014,F,22,2024-12-01,False,False,WF-013,Bronze
C-002793,Navi Mumbai,400703,F,21,2024-07-18,False,False,WF-023,Gold
C-002794,Goa,403001,M,57,2024-01-25,True,False,WF-028,Bronze
C-002795,Pune,411038,F,27,2024-03-13,False,False,WF-013,Bronze
C-002796,Mumbai,400076,F,70,2023-08-14,False,False,WF-009,Gold
C-002797,Pune,411001,F,38,2025-10-09,False,False,WF-017,Platinum
C-002798,Nashik,422005,M,59,2024-10-18,False,False,WF-027,Silver
C-002799,Thane,400607,M,22,2025-03-13,False,True,WF-019,Gold
C-002800,Mumbai,400001,M,37,2024-06-05,False,False,WF-010,Silver
C-002801,Mumbai,400050,M,40,2023-07-19,False,False,WF-012,Gold
C-002802,Mumbai,400069,M,18,2026-04-03,False,False,WF-008,Silver
C-002803,Mumbai,400053,F,27,2023-07-23,False,False,WF-004,Bronze
C-002804,Thane,400601,M,39,2025-11-11,False,False,WF-020,Gold
C-002805,Navi Mumbai,400709,M,55,2024-09-09,False,False,WF-025,Bronze
C-002806,Pune,411014,M,52,2023-10-21,False,False,WF-018,Bronze
C-002807,Thane,400610,M,59,2024-07-20,False,False,WF-020,Silver
C-002808,Nashik,422001,F,32,2026-01-31,False,False,WF-027,Silver
C-002809,Goa,403001,M,43,2024-03-30,False,False,WF-028,Bronze
C-002810,Mumbai,400076,M,39,2025-05-07,False,False,WF-007,Bronze
C-002811,Pune,411038,F,30,2023-10-27,False,False,WF-016,Silver
C-002812,Mumbai,400076,M,18,2025-12-28,False,False,WF-008,Bronze
C-002813,Goa,403001,M,39,2026-02-03,False,False,WF-028,Gold
C-002814,Bengaluru,560034,F,24,2025-01-18,False,False,WF-029,Silver
C-002815,Thane,400610,F,31,2026-01-23,False,False,WF-020,Silver
C-002816,Goa,403001,F,22,2023-09-27,True,False,WF-028,Silver
C-002817,Bengaluru,560034,M,62,2023-10-09,False,False,WF-030,Silver
C-002818,Navi Mumbai,400709,M,45,2023-12-08,False,False,WF-025,Bronze
C-002819,Goa,403001,F,64,2025-09-23,True,False,WF-028,Bronze
C-002820,Mumbai,400053,M,34,2025-11-21,False,False,WF-012,Bronze
C-002821,Mumbai,400080,F,25,2025-10-09,False,False,WF-007,Silver
C-002822,Navi Mumbai,400709,M,62,2025-10-17,False,False,WF-023,Silver
C-002823,Goa,403001,M,35,2024-03-10,False,False,WF-028,Gold
C-002824,Mumbai,400080,M,18,2024-09-21,False,False,WF-003,Silver
C-002825,Pune,411038,F,33,2024-03-19,False,False,WF-015,Bronze
C-002826,Pune,411045,F,57,2025-04-11,False,False,WF-017,Silver
C-002827,Mumbai,400058,M,47,2023-07-11,True,False,WF-004,Bronze
C-002828,Thane,400601,M,29,2024-08-04,False,False,WF-019,Silver
C-002829,Navi Mumbai,400709,M,36,2024-03-24,False,False,WF-024,Bronze
C-002830,Goa,403001,M,18,2024-02-18,True,False,WF-028,Bronze
C-002831,Bengaluru,560034,F,39,2025-07-09,False,False,WF-029,Silver
C-002832,Thane,400607,M,24,2023-08-05,False,False,WF-022,Silver
C-002833,Mumbai,400001,M,30,2025-03-13,True,False,WF-003,Silver
C-002834,Pune,411021,F,23,2025-01-17,False,False,WF-014,Bronze
C-002835,Navi Mumbai,400709,F,39,2025-02-18,False,False,WF-023,Bronze
C-002836,Mumbai,400058,F,31,2023-07-28,True,False,WF-004,Silver
C-002837,Mumbai,400053,F,57,2025-08-12,False,False,WF-005,Bronze
C-002838,Nashik,422001,M,35,2024-07-27,False,False,WF-026,Platinum
C-002839,Mumbai,400053,F,53,2023-12-04,True,False,WF-002,Platinum
C-002840,Thane,400607,F,36,2023-11-15,False,False,WF-019,Bronze
C-002841,Navi Mumbai,400709,M,18,2024-06-25,False,False,WF-023,Silver
C-002842,Navi Mumbai,400709,F,19,2024-07-20,False,True,WF-024,Silver
C-002843,Mumbai,400092,M,39,2025-05-18,False,False,WF-006,Bronze
C-002844,Thane,400601,F,32,2024-07-02,False,False,WF-021,Bronze
C-002845,Mumbai,400050,F,58,2025-06-20,False,False,WF-001,Bronze
C-002846,Mumbai,400076,F,60,2023-09-21,False,False,WF-003,Platinum
C-002847,Navi Mumbai,400703,M,34,2023-05-27,False,False,WF-024,Silver
C-002848,Bengaluru,560034,F,63,2025-01-11,False,False,WF-029,Gold
C-002849,Navi Mumbai,400709,F,62,2023-05-22,False,False,WF-024,Gold
C-002850,Mumbai,400097,M,47,2024-03-11,True,False,WF-010,Silver
C-002851,Mumbai,400001,F,36,2024-09-25,False,False,WF-002,Bronze
C-002852,Mumbai,400050,F,39,2024-10-14,False,False,WF-009,Silver
C-002853,Mumbai,400069,M,34,2024-03-14,True,False,WF-011,Silver
C-002854,Mumbai,400064,M,65,2024-01-17,False,False,WF-003,Silver
C-002855,Navi Mumbai,400703,M,34,2026-04-14,False,False,WF-025,Platinum
C-002856,Mumbai,400001,M,52,2024-07-06,False,False,WF-011,Silver
C-002857,Mumbai,400001,F,64,2025-03-16,False,False,WF-002,Gold
C-002858,Navi Mumbai,400706,F,31,2025-08-30,False,False,WF-023,Silver
C-002859,Navi Mumbai,400706,M,45,2023-10-19,False,False,WF-023,Silver
C-002860,Nashik,422001,F,53,2024-12-19,False,False,WF-026,Bronze
C-002861,Pune,411038,F,30,2024-09-04,False,False,WF-013,Silver
C-002862,Thane,400602,M,20,2025-12-09,False,False,WF-021,Bronze
C-002863,Mumbai,400072,M,43,2024-03-25,False,False,WF-008,Gold
C-002864,Mumbai,400069,M,39,2024-12-10,False,False,WF-011,Bronze
C-002865,Pune,411004,M,32,2026-03-02,True,False,WF-016,Silver
C-002866,Pune,411021,F,48,2023-06-11,False,False,WF-016,Silver
C-002867,Pune,411045,M,33,2026-04-12,False,False,WF-013,Gold
C-002868,Mumbai,400001,F,48,2025-03-27,True,False,WF-009,Bronze
C-002869,Nashik,422001,F,18,2024-01-21,True,False,WF-027,Bronze
C-002870,Mumbai,400069,M,43,2024-06-06,False,True,WF-004,Silver
C-002871,Pune,411021,M,33,2025-08-22,False,False,WF-018,Bronze
C-002872,Mumbai,400058,F,37,2023-08-18,False,False,WF-010,Bronze
C-002873,Mumbai,400053,M,28,2024-06-15,False,False,WF-011,Silver
C-002874,Mumbai,400097,M,41,2024-08-03,False,False,WF-008,Bronze
C-002875,Navi Mumbai,400703,M,31,2024-02-28,False,True,WF-025,Platinum
C-002876,Bengaluru,560034,F,52,2025-04-14,False,False,WF-029,Platinum
C-002877,Mumbai,400097,F,29,2026-02-20,True,True,WF-010,Silver
C-002878,Pune,411001,M,56,2025-06-22,False,False,WF-017,Bronze
C-002879,Pune,411038,M,36,2025-01-08,False,False,WF-018,Gold
C-002880,Navi Mumbai,400706,M,19,2024-03-09,False,False,WF-024,Gold
C-002881,Mumbai,400092,F,39,2024-07-27,False,True,WF-008,Gold
C-002882,Navi Mumbai,400709,M,22,2024-05-18,False,False,WF-025,Bronze
C-002883,Thane,400607,M,57,2024-08-04,False,False,WF-022,Silver
C-002884,Pune,411045,F,18,2024-08-05,False,False,WF-013,Silver
C-002885,Pune,411014,F,25,2024-10-19,False,False,WF-014,Silver
C-002886,Mumbai,400001,Other,31,2023-08-23,False,False,WF-012,Silver
C-002887,Navi Mumbai,400703,M,33,2024-02-23,False,False,WF-023,Gold
C-002888,Mumbai,400097,M,46,2024-06-08,False,False,WF-008,Silver
C-002889,Thane,400601,F,40,2025-11-02,False,False,WF-019,Platinum
C-002890,Nashik,422005,F,51,2023-08-24,False,True,WF-027,Silver
C-002891,Pune,411045,F,22,2023-12-21,False,False,WF-014,Bronze
C-002892,Mumbai,400064,M,33,2023-10-26,False,False,WF-012,Bronze
C-002893,Goa,403001,M,31,2023-06-08,True,False,WF-028,Bronze
C-002894,Mumbai,400069,F,40,2025-07-08,False,False,WF-009,Silver
C-002895,Mumbai,400072,M,20,2023-09-16,False,False,WF-003,Bronze
C-002896,Nashik,422001,F,38,2024-10-08,False,False,WF-026,Gold
C-002897,Navi Mumbai,400703,M,26,2025-10-27,False,False,WF-025,Bronze
C-002898,Mumbai,400001,M,40,2023-07-12,False,False,WF-006,Gold
C-002899,Thane,400602,M,37,2024-08-25,False,False,WF-021,Bronze
C-002900,Goa,403001,M,45,2024-06-30,False,False,WF-028,Bronze
C-002901,Mumbai,400086,M,31,2024-12-11,False,False,WF-004,Bronze
C-002902,Mumbai,400050,F,21,2025-07-16,False,False,WF-005,Bronze
C-002903,Mumbai,400097,F,53,2024-08-06,True,False,WF-006,Gold
C-002904,Goa,403001,F,34,2023-09-21,False,False,WF-028,Bronze
C-002905,Navi Mumbai,400709,M,28,2023-09-23,True,False,WF-024,Bronze
C-002906,Thane,400601,F,42,2024-02-03,False,True,WF-019,Silver
C-002907,Mumbai,400058,M,22,2024-01-18,True,False,WF-010,Gold
C-002908,Thane,400607,F,45,2025-09-05,False,False,WF-019,Gold
C-002909,Pune,411004,M,18,2024-12-27,False,False,WF-015,Silver
C-002910,Goa,403001,F,34,2025-04-23,True,False,WF-028,Platinum
C-002911,Mumbai,400053,M,35,2023-05-29,True,False,WF-010,Bronze
C-002912,Pune,411045,F,53,2023-12-14,False,False,WF-017,Silver
C-002913,Pune,411038,M,30,2023-12-20,True,False,WF-015,Bronze
C-002914,Mumbai,400053,F,28,2023-07-30,False,False,WF-007,Bronze
C-002915,Nashik,422005,F,34,2023-09-17,False,False,WF-026,Gold
C-002916,Bengaluru,560034,M,53,2024-09-25,False,False,WF-029,Silver
C-002917,Goa,403001,F,46,2024-02-26,False,False,WF-028,Silver
C-002918,Nashik,422001,F,36,2026-04-23,False,False,WF-026,Silver
C-002919,Navi Mumbai,400709,F,29,2023-05-19,False,False,WF-024,Bronze
C-002920,Nashik,422005,F,51,2024-03-24,False,False,WF-027,Silver
C-002921,Pune,411004,M,40,2023-09-22,False,False,WF-013,Bronze
C-002922,Mumbai,400097,F,18,2025-08-18,False,False,WF-012,Silver
C-002923,Bengaluru,560034,F,56,2025-03-25,False,False,WF-029,Gold
C-002924,Thane,400610,F,38,2024-07-19,False,False,WF-022,Silver
C-002925,Thane,400601,M,33,2023-06-03,False,False,WF-020,Silver
C-002926,Bengaluru,560001,M,19,2023-08-03,False,False,WF-029,Bronze
C-002927,Pune,411001,F,34,2024-02-27,False,False,WF-018,Bronze
C-002928,Mumbai,400053,M,34,2023-06-28,False,False,WF-012,Bronze
C-002929,Pune,411014,M,50,2023-12-14,False,False,WF-015,Bronze
C-002930,Mumbai,400080,F,43,2025-06-24,False,False,WF-005,Bronze
C-002931,Thane,400601,F,34,2024-03-17,False,False,WF-020,Bronze
C-002932,Pune,411038,F,62,2024-06-07,True,False,WF-017,Bronze
C-002933,Mumbai,400097,M,42,2023-11-10,False,False,WF-006,Silver
C-002934,Mumbai,400080,M,39,2024-01-27,False,False,WF-011,Bronze
C-002935,Bengaluru,560001,F,20,2025-04-10,False,False,WF-030,Gold
C-002936,Nashik,422005,M,25,2023-05-12,False,True,WF-026,Bronze
C-002937,Navi Mumbai,400706,F,48,2025-11-26,False,False,WF-023,Bronze
C-002938,Bengaluru,560001,M,50,2023-09-07,False,False,WF-030,Gold
C-002939,Mumbai,400001,M,18,2024-07-11,False,False,WF-007,Bronze
C-002940,Mumbai,400092,F,50,2023-07-31,False,True,WF-005,Silver
C-002941,Mumbai,400064,F,27,2025-07-30,False,False,WF-012,Silver
C-002942,Bengaluru,560001,F,31,2025-02-18,False,False,WF-029,Platinum
C-002943,Mumbai,400050,M,45,2025-10-05,False,False,WF-005,Silver
C-002944,Bengaluru,560034,M,39,2023-11-26,False,False,WF-030,Silver
C-002945,Nashik,422005,F,32,2024-10-31,False,False,WF-026,Bronze
C-002946,Mumbai,400086,M,36,2024-06-29,False,False,WF-012,Silver
C-002947,Pune,411038,F,18,2025-10-18,False,False,WF-016,Bronze
C-002948,Mumbai,400092,M,45,2024-01-28,False,False,WF-010,Bronze
C-002949,Pune,411021,M,39,2024-05-05,False,False,WF-016,Bronze
C-002950,Mumbai,400080,F,58,2026-03-07,False,False,WF-003,Gold
C-002951,Nashik,422001,M,24,2023-05-19,True,False,WF-027,Bronze
C-002952,Pune,411021,Other,52,2026-02-27,False,False,WF-016,Bronze
C-002953,Mumbai,400076,M,41,2024-11-14,False,False,WF-002,Silver
C-002954,Thane,400601,F,46,2025-06-10,False,False,WF-021,Silver
C-002955,Bengaluru,560001,M,31,2024-06-09,False,True,WF-030,Bronze
C-002956,Mumbai,400076,M,50,2024-08-26,True,False,WF-012,Bronze
C-002957,Mumbai,400058,M,67,2023-12-22,False,False,WF-010,Bronze
C-002958,Pune,411004,F,55,2023-07-04,False,True,WF-014,Bronze
C-002959,Pune,411045,F,66,2024-01-29,False,False,WF-014,Silver
C-002960,Mumbai,400086,F,45,2024-06-09,False,False,WF-011,Platinum
C-002961,Bengaluru,560001,F,53,2024-12-02,False,False,WF-030,Bronze
C-002962,Bengaluru,560034,F,42,2023-07-21,False,False,WF-029,Bronze
C-002963,Bengaluru,560034,F,18,2025-11-17,False,False,WF-030,Silver
C-002964,Mumbai,400050,M,21,2023-05-26,False,False,WF-008,Bronze
C-002965,Pune,411045,M,26,2026-02-23,False,False,WF-016,Gold
C-002966,Mumbai,400001,F,39,2024-03-27,False,False,WF-008,Bronze
C-002967,Goa,403001,F,32,2023-12-08,False,False,WF-028,Silver
C-002968,Goa,403001,M,41,2025-07-20,False,False,WF-028,Bronze
C-002969,Navi Mumbai,400709,M,59,2024-01-31,False,True,WF-024,Gold
C-002970,Mumbai,400086,M,52,2023-07-01,True,False,WF-005,Bronze
C-002971,Navi Mumbai,400709,F,67,2023-08-30,True,False,WF-024,Bronze
C-002972,Bengaluru,560001,F,61,2023-07-18,True,True,WF-029,Gold
C-002973,Mumbai,400053,M,28,2024-12-09,False,False,WF-011,Platinum
C-002974,Nashik,422001,M,32,2025-07-25,False,False,WF-027,Silver
C-002975,Pune,411001,M,29,2025-08-25,False,False,WF-018,Platinum
C-002976,Mumbai,400092,F,34,2025-12-14,False,False,WF-002,Silver
C-002977,Mumbai,400092,M,29,2024-08-26,False,True,WF-003,Bronze
C-002978,Bengaluru,560034,M,32,2024-08-18,False,False,WF-029,Bronze
C-002979,Pune,411001,F,66,2023-11-02,False,False,WF-015,Bronze
C-002980,Pune,411038,M,55,2024-03-08,False,False,WF-014,Silver
C-002981,Thane,400601,F,57,2024-11-28,True,False,WF-022,Gold
C-002982,Bengaluru,560034,F,37,2024-01-10,False,True,WF-030,Bronze
C-002983,Thane,400602,F,38,2025-05-12,False,False,WF-019,Bronze
C-002984,Thane,400610,M,26,2024-11-17,False,False,WF-020,Platinum
C-002985,Goa,403001,M,34,2025-05-02,False,False,WF-028,Silver
C-002986,Goa,403001,M,31,2024-08-01,False,False,WF-028,Bronze
C-002987,Goa,403001,F,39,2023-06-02,False,False,WF-028,Bronze
C-002988,Thane,400607,M,53,2024-12-04,False,True,WF-022,Bronze
C-002989,Mumbai,400086,M,21,2025-12-02,False,False,WF-003,Gold
C-002990,Mumbai,400053,M,18,2023-12-01,False,False,WF-010,Silver
C-002991,Mumbai,400097,M,34,2024-09-07,False,False,WF-012,Gold
C-002992,Mumbai,400069,F,21,2023-12-02,False,False,WF-010,Gold
C-002993,Mumbai,400086,F,62,2025-03-31,False,False,WF-003,Bronze
C-002994,Thane,400607,M,33,2024-09-13,True,False,WF-019,Bronze
C-002995,Goa,403001,F,38,2024-08-16,False,False,WF-028,Silver
C-002996,Thane,400602,M,53,2025-05-24,False,False,WF-019,Silver
C-002997,Mumbai,400072,F,43,2025-07-18,False,False,WF-008,Bronze
C-002998,Thane,400601,M,46,2026-03-08,False,False,WF-019,Gold
C-002999,Nashik,422005,M,55,2024-02-26,False,False,WF-027,Silver
C-003000,Mumbai,400064,M,39,2025-11-02,True,False,WF-012,Silver
C-003001,Bengaluru,560001,M,26,2025-12-18,False,False,WF-030,Platinum
C-003002,Mumbai,400058,M,56,2024-11-10,False,False,WF-002,Bronze
C-003003,Navi Mumbai,400703,F,55,2023-11-27,False,True,WF-023,Silver
C-003004,Mumbai,400092,M,18,2025-03-13,False,True,WF-003,Platinum
C-003005,Mumbai,400053,M,23,2023-09-02,False,True,WF-009,Bronze
C-003006,Mumbai,400069,M,33,2025-06-22,False,False,WF-005,Silver
C-003007,Mumbai,400080,F,43,2025-07-13,True,False,WF-011,Platinum
C-003008,Mumbai,400053,M,18,2025-08-29,False,False,WF-001,Silver
C-003009,Pune,411001,F,34,2024-01-21,False,False,WF-016,Bronze
C-003010,Thane,400610,F,34,2026-02-21,False,True,WF-020,Bronze
C-003011,Mumbai,400058,M,49,2025-11-10,False,False,WF-008,Silver
C-003012,Mumbai,400097,M,61,2025-07-25,False,False,WF-010,Bronze
C-003013,Nashik,422005,M,32,2023-12-17,False,False,WF-027,Silver
C-003014,Thane,400607,M,38,2026-03-07,False,False,WF-019,Gold
C-003015,Thane,400607,F,22,2023-12-26,False,False,WF-022,Silver
C-003016,Nashik,422005,F,18,2025-07-30,False,False,WF-027,Bronze
C-003017,Bengaluru,560001,M,56,2025-11-30,False,False,WF-030,Silver
C-003018,Bengaluru,560001,M,50,2026-04-07,True,False,WF-029,Platinum
C-003019,Nashik,422001,F,45,2023-11-27,False,False,WF-027,Silver
C-003020,Mumbai,400069,F,18,2024-05-03,False,False,WF-010,Bronze
C-003021,Mumbai,400072,M,34,2025-08-24,False,False,WF-006,Bronze
C-003022,Mumbai,400001,M,47,2023-05-23,False,False,WF-003,Bronze
C-003023,Bengaluru,560001,F,35,2023-11-12,False,False,WF-029,Gold
C-003024,Thane,400602,F,34,2024-01-29,False,False,WF-020,Silver
C-003025,Mumbai,400001,M,25,2025-12-26,False,False,WF-004,Bronze
C-003026,Nashik,422001,M,23,2024-12-30,False,False,WF-026,Silver
C-003027,Mumbai,400001,M,40,2025-08-23,True,True,WF-009,Silver
C-003028,Mumbai,400080,M,35,2026-02-11,False,False,WF-008,Gold
C-003029,Goa,403001,F,46,2026-04-07,False,False,WF-028,Bronze
C-003030,Pune,411004,M,44,2024-01-08,False,False,WF-014,Bronze
C-003031,Mumbai,400053,M,39,2023-06-29,False,True,WF-001,Silver
C-003032,Pune,411021,M,25,2024-10-09,True,False,WF-013,Gold
C-003033,Bengaluru,560001,M,43,2025-11-20,False,False,WF-030,Bronze
C-003034,Pune,411001,F,31,2024-10-11,True,False,WF-014,Bronze
C-003035,Thane,400602,F,32,2024-05-22,False,False,WF-022,Silver
C-003036,Pune,411021,F,21,2025-10-21,False,True,WF-018,Silver
C-003037,Mumbai,400092,F,27,2025-11-12,True,False,WF-010,Silver
C-003038,Bengaluru,560034,M,31,2023-05-19,True,False,WF-030,Bronze
C-003039,Mumbai,400072,M,64,2023-05-26,False,False,WF-012,Silver
C-003040,Mumbai,400080,F,38,2023-07-20,False,False,WF-008,Gold
C-003041,Nashik,422005,M,18,2025-09-15,False,False,WF-027,Silver
C-003042,Thane,400610,M,48,2023-07-12,False,False,WF-022,Bronze
C-003043,Nashik,422001,M,36,2026-04-22,False,False,WF-026,Silver
C-003044,Nashik,422001,M,18,2024-10-08,False,False,WF-027,Bronze
C-003045,Pune,411001,F,27,2025-04-26,False,False,WF-015,Bronze
C-003046,Mumbai,400064,F,53,2025-12-09,False,False,WF-004,Bronze
C-003047,Mumbai,400058,M,36,2023-05-23,False,False,WF-005,Bronze
C-003048,Mumbai,400097,F,47,2023-12-27,False,False,WF-001,Bronze
C-003049,Thane,400601,M,56,2024-03-29,False,False,WF-019,Bronze
C-003050,Mumbai,400058,F,39,2025-01-16,False,False,WF-009,Bronze
C-003051,Pune,411004,M,38,2023-10-31,False,False,WF-013,Bronze
C-003052,Thane,400602,M,18,2026-04-20,False,False,WF-021,Bronze
C-003053,Nashik,422001,M,31,2023-09-12,False,False,WF-026,Bronze
C-003054,Mumbai,400092,F,52,2025-07-11,False,False,WF-006,Platinum
C-003055,Thane,400607,M,37,2023-10-27,False,False,WF-020,Silver
C-003056,Thane,400607,F,32,2023-11-29,False,False,WF-021,Gold
C-003057,Mumbai,400001,F,22,2025-11-11,False,False,WF-004,Silver
C-003058,Thane,400602,M,56,2023-10-04,True,False,WF-020,Bronze
C-003059,Mumbai,400080,F,39,2023-08-01,False,False,WF-007,Silver
C-003060,Mumbai,400097,F,34,2024-10-28,False,False,WF-010,Platinum
C-003061,Pune,411038,F,35,2023-06-03,False,False,WF-016,Bronze
C-003062,Mumbai,400050,M,26,2025-09-17,True,False,WF-001,Silver
C-003063,Pune,411014,M,18,2024-06-16,False,True,WF-014,Gold
C-003064,Nashik,422001,M,21,2023-09-30,False,False,WF-027,Silver
C-003065,Pune,411001,M,19,2023-06-21,False,True,WF-013,Bronze
C-003066,Navi Mumbai,400706,M,18,2023-11-19,True,True,WF-023,Bronze
C-003067,Mumbai,400072,M,34,2026-03-17,False,False,WF-003,Silver
C-003068,Mumbai,400076,M,36,2024-03-05,False,False,WF-004,Bronze
C-003069,Mumbai,400069,M,18,2023-09-08,False,False,WF-006,Silver
C-003070,Navi Mumbai,400706,M,50,2024-09-24,False,False,WF-024,Bronze
C-003071,Bengaluru,560034,M,23,2024-10-16,False,False,WF-029,Platinum
C-003072,Mumbai,400053,M,56,2023-06-03,True,False,WF-002,Silver
C-003073,Mumbai,400058,F,54,2025-03-20,False,False,WF-003,Silver
C-003074,Goa,403001,M,40,2025-06-18,False,False,WF-028,Bronze
C-003075,Navi Mumbai,400709,M,30,2024-08-28,False,False,WF-024,Silver
C-003076,Mumbai,400097,M,27,2023-10-04,False,False,WF-010,Bronze
C-003077,Bengaluru,560034,F,23,2023-08-23,True,False,WF-029,Bronze
C-003078,Pune,411004,M,26,2025-01-31,False,False,WF-014,Bronze
C-003079,Mumbai,400086,M,54,2026-02-15,False,False,WF-008,Gold
C-003080,Nashik,422005,M,18,2023-09-13,False,False,WF-026,Platinum
C-003081,Thane,400601,M,30,2024-05-10,False,False,WF-019,Gold
C-003082,Goa,403001,Other,60,2024-10-18,False,False,WF-028,Bronze
C-003083,Thane,400607,M,43,2025-06-15,False,False,WF-019,Silver
C-003084,Navi Mumbai,400709,M,56,2023-09-03,True,True,WF-024,Bronze
C-003085,Mumbai,400072,M,46,2024-06-10,False,False,WF-006,Platinum
C-003086,Mumbai,400069,M,43,2025-11-07,False,True,WF-007,Silver
C-003087,Goa,403001,F,39,2025-01-13,False,False,WF-028,Silver
C-003088,Mumbai,400064,M,47,2024-08-13,False,False,WF-002,Bronze
C-003089,Mumbai,400050,M,59,2024-09-17,False,False,WF-001,Bronze
C-003090,Goa,403001,F,50,2024-02-04,False,False,WF-028,Bronze
C-003091,Thane,400610,M,45,2024-11-13,False,False,WF-021,Gold
C-003092,Bengaluru,560034,M,55,2026-02-12,False,False,WF-029,Bronze
C-003093,Pune,411014,F,37,2023-07-22,False,False,WF-014,Bronze
C-003094,Navi Mumbai,400703,F,34,2025-11-16,False,False,WF-023,Silver
C-003095,Mumbai,400053,F,26,2023-08-14,False,False,WF-005,Gold
C-003096,Thane,400601,F,45,2023-09-23,True,False,WF-020,Bronze
C-003097,Navi Mumbai,400703,F,38,2025-05-23,True,False,WF-023,Bronze
C-003098,Pune,411004,M,28,2026-01-16,True,False,WF-015,Bronze
C-003099,Goa,403001,F,53,2024-11-19,False,False,WF-028,Silver
C-003100,Nashik,422001,M,43,2025-08-21,False,False,WF-027,Bronze
C-003101,Thane,400601,F,34,2023-06-03,False,False,WF-019,Bronze
C-003102,Mumbai,400072,F,35,2023-08-29,False,False,WF-007,Silver
C-003103,Mumbai,400064,M,24,2024-07-10,False,False,WF-004,Silver
C-003104,Thane,400602,F,55,2024-08-15,False,False,WF-022,Bronze
C-003105,Pune,411045,M,50,2023-08-13,False,False,WF-016,Bronze
C-003106,Nashik,422005,F,25,2025-01-29,False,False,WF-027,Bronze
C-003107,Navi Mumbai,400709,M,31,2023-07-08,False,False,WF-024,Bronze
C-003108,Mumbai,400086,M,18,2025-10-07,False,False,WF-010,Platinum
C-003109,Mumbai,400069,M,22,2024-08-16,True,False,WF-002,Silver
C-003110,Pune,411014,M,48,2023-09-08,True,False,WF-017,Gold
C-003111,Mumbai,400097,M,18,2025-12-04,False,False,WF-011,Silver
C-003112,Thane,400601,F,25,2023-09-19,False,False,WF-022,Silver
C-003113,Goa,403001,F,41,2024-05-12,False,False,WF-028,Gold
C-003114,Mumbai,400053,M,66,2023-06-24,False,False,WF-001,Silver
C-003115,Thane,400602,F,31,2025-10-15,False,False,WF-022,Bronze
C-003116,Navi Mumbai,400703,F,33,2024-02-27,False,False,WF-025,Gold
C-003117,Mumbai,400058,M,36,2023-12-28,False,False,WF-009,Bronze
C-003118,Goa,403001,Other,70,2025-12-03,False,False,WF-028,Silver
C-003119,Pune,411021,M,31,2024-12-19,False,False,WF-017,Bronze
C-003120,Mumbai,400050,M,35,2025-11-22,False,False,WF-001,Bronze
C-003121,Nashik,422005,M,25,2024-09-10,False,False,WF-027,Bronze
C-003122,Nashik,422001,M,36,2023-09-19,False,False,WF-027,Bronze
C-003123,Pune,411001,F,37,2024-08-27,False,False,WF-014,Silver
C-003124,Navi Mumbai,400703,F,18,2023-06-28,False,False,WF-023,Bronze
C-003125,Pune,411045,F,32,2023-07-17,False,False,WF-018,Bronze
C-003126,Navi Mumbai,400709,F,38,2026-02-28,False,False,WF-024,Gold
C-003127,Pune,411014,M,39,2023-07-29,False,False,WF-015,Bronze
C-003128,Navi Mumbai,400703,F,34,2024-10-26,False,False,WF-023,Silver
C-003129,Mumbai,400053,M,26,2025-09-03,False,False,WF-005,Gold
C-003130,Mumbai,400001,F,30,2025-10-22,False,False,WF-009,Silver
C-003131,Mumbai,400086,F,41,2026-02-04,False,False,WF-011,Bronze
C-003132,Pune,411004,M,30,2024-11-07,False,False,WF-017,Bronze
C-003133,Thane,400607,F,64,2025-02-28,True,False,WF-021,Silver
C-003134,Mumbai,400072,F,49,2026-02-05,False,False,WF-007,Bronze
C-003135,Goa,403001,M,25,2025-12-27,False,False,WF-028,Gold
C-003136,Mumbai,400097,M,32,2024-01-11,False,True,WF-009,Gold
C-003137,Pune,411004,M,31,2024-12-19,False,False,WF-014,Bronze
C-003138,Mumbai,400086,F,22,2023-05-19,False,False,WF-009,Bronze
C-003139,Bengaluru,560034,M,18,2023-08-26,False,False,WF-030,Bronze
C-003140,Navi Mumbai,400703,F,33,2026-04-05,True,False,WF-024,Silver
C-003141,Thane,400601,M,35,2024-01-08,False,False,WF-022,Bronze
C-003142,Goa,403001,M,61,2023-09-14,False,False,WF-028,Bronze
C-003143,Pune,411045,Other,57,2023-06-28,False,False,WF-017,Silver
C-003144,Mumbai,400050,M,20,2024-07-09,False,False,WF-009,Gold
C-003145,Navi Mumbai,400709,F,27,2024-12-26,False,False,WF-025,Silver
C-003146,Bengaluru,560034,M,41,2025-05-25,True,False,WF-030,Bronze
C-003147,Bengaluru,560034,F,68,2025-03-07,False,False,WF-030,Silver
C-003148,Thane,400602,M,56,2025-02-01,False,False,WF-020,Silver
C-003149,Nashik,422001,M,32,2026-04-11,False,False,WF-026,Gold
C-003150,Mumbai,400097,M,40,2024-09-27,False,False,WF-003,Silver
C-003151,Thane,400601,Other,18,2024-08-04,False,False,WF-022,Bronze
C-003152,Mumbai,400086,M,47,2025-10-09,False,False,WF-002,Silver
C-003153,Thane,400602,F,36,2024-09-26,False,True,WF-019,Bronze
C-003154,Nashik,422001,M,40,2024-09-24,False,False,WF-026,Platinum
C-003155,Pune,411004,M,46,2024-10-20,False,False,WF-014,Silver
C-003156,Nashik,422005,Other,55,2023-08-27,False,False,WF-026,Silver
C-003157,Mumbai,400064,M,28,2024-11-21,True,False,WF-004,Bronze
C-003158,Goa,403001,M,44,2023-08-15,False,False,WF-028,Bronze
C-003159,Mumbai,400053,M,72,2023-11-16,False,False,WF-002,Bronze
C-003160,Thane,400607,M,24,2023-10-13,False,False,WF-021,Bronze
C-003161,Mumbai,400053,F,53,2024-02-22,False,False,WF-002,Bronze
C-003162,Thane,400610,M,41,2026-03-12,False,False,WF-021,Bronze
C-003163,Thane,400607,M,52,2025-03-21,False,False,WF-020,Silver
C-003164,Bengaluru,560001,F,18,2023-07-17,True,False,WF-029,Platinum
C-003165,Mumbai,400050,M,50,2024-07-19,False,False,WF-008,Bronze
C-003166,Mumbai,400001,M,41,2023-07-09,False,False,WF-007,Bronze
C-003167,Navi Mumbai,400709,M,42,2023-11-15,False,False,WF-024,Silver
C-003168,Navi Mumbai,400706,M,32,2025-04-09,False,False,WF-025,Bronze
C-003169,Mumbai,400097,M,18,2023-06-28,False,False,WF-006,Gold
C-003170,Navi Mumbai,400709,F,57,2025-12-01,False,False,WF-024,Bronze
C-003171,Thane,400607,F,18,2024-08-04,False,False,WF-021,Gold
C-003172,Mumbai,400086,M,70,2025-09-14,False,False,WF-005,Silver
C-003173,Bengaluru,560001,F,24,2024-07-08,False,False,WF-029,Bronze
C-003174,Pune,411004,F,48,2024-02-19,False,False,WF-017,Bronze
C-003175,Mumbai,400072,M,68,2024-08-02,False,False,WF-012,Gold
C-003176,Thane,400607,F,23,2025-07-19,False,False,WF-019,Bronze
C-003177,Mumbai,400001,Other,50,2025-05-09,False,False,WF-001,Gold
C-003178,Bengaluru,560001,F,35,2026-02-16,False,False,WF-029,Bronze
C-003179,Mumbai,400053,F,48,2025-05-23,False,False,WF-005,Bronze
C-003180,Mumbai,400058,M,22,2026-01-18,False,False,WF-005,Bronze
C-003181,Nashik,422005,F,36,2025-05-30,False,False,WF-027,Silver
C-003182,Bengaluru,560001,M,47,2026-03-02,False,False,WF-029,Bronze
C-003183,Bengaluru,560001,M,65,2026-04-30,False,False,WF-029,Bronze
C-003184,Pune,411001,F,46,2024-03-31,False,False,WF-013,Silver
C-003185,Mumbai,400069,M,52,2025-07-17,True,False,WF-008,Silver
C-003186,Thane,400610,F,31,2024-05-13,False,False,WF-020,Bronze
C-003187,Mumbai,400092,M,37,2024-01-30,False,False,WF-005,Gold
C-003188,Pune,411038,F,18,2026-01-28,True,False,WF-014,Bronze
C-003189,Mumbai,400080,M,31,2025-03-04,False,False,WF-007,Bronze
C-003190,Pune,411038,M,30,2023-05-24,False,False,WF-018,Silver
C-003191,Nashik,422001,M,35,2024-12-23,False,False,WF-027,Bronze
C-003192,Bengaluru,560034,M,45,2026-03-16,False,False,WF-029,Bronze
C-003193,Thane,400602,M,46,2026-02-25,False,False,WF-019,Bronze
C-003194,Bengaluru,560034,M,32,2024-02-12,False,False,WF-029,Silver
C-003195,Bengaluru,560034,M,53,2025-09-28,False,False,WF-030,Silver
C-003196,Goa,403001,M,54,2023-07-05,False,False,WF-028,Gold
C-003197,Mumbai,400076,M,48,2025-06-17,False,True,WF-006,Bronze
C-003198,Nashik,422001,F,40,2023-11-04,False,False,WF-027,Gold
C-003199,Mumbai,400072,M,26,2023-06-09,False,True,WF-011,Bronze
C-003200,Pune,411038,F,50,2025-07-12,False,False,WF-014,Gold
C-003201,Nashik,422001,M,32,2026-03-07,False,False,WF-026,Silver
C-003202,Navi Mumbai,400709,M,56,2025-12-04,False,False,WF-025,Bronze
C-003203,Mumbai,400050,M,44,2024-07-13,False,False,WF-010,Silver
C-003204,Mumbai,400053,M,31,2025-08-16,False,False,WF-008,Silver
C-003205,Pune,411038,M,50,2024-11-06,False,False,WF-016,Bronze
C-003206,Pune,411038,M,42,2025-11-02,False,False,WF-015,Bronze
C-003207,Pune,411014,F,54,2024-01-21,False,False,WF-018,Silver
C-003208,Mumbai,400058,M,18,2026-03-20,True,False,WF-012,Silver
C-003209,Nashik,422005,M,35,2024-05-03,True,False,WF-027,Bronze
C-003210,Bengaluru,560001,F,56,2024-03-18,True,True,WF-030,Bronze
C-003211,Thane,400610,F,49,2023-08-27,False,False,WF-019,Bronze
C-003212,Mumbai,400097,F,18,2025-09-07,True,False,WF-001,Silver
C-003213,Navi Mumbai,400706,F,33,2023-08-08,False,False,WF-024,Silver
C-003214,Thane,400601,F,35,2025-06-11,True,False,WF-022,Silver
C-003215,Bengaluru,560001,F,61,2024-02-14,False,False,WF-030,Bronze
C-003216,Thane,400610,M,37,2024-11-03,False,False,WF-019,Silver
C-003217,Mumbai,400058,F,31,2025-10-19,False,False,WF-007,Gold
C-003218,Mumbai,400001,F,20,2023-11-14,False,False,WF-008,Silver
C-003219,Mumbai,400064,F,25,2025-04-14,False,True,WF-001,Silver
C-003220,Goa,403001,F,20,2025-11-06,False,False,WF-028,Silver
C-003221,Pune,411004,M,33,2023-06-18,False,False,WF-016,Silver
C-003222,Bengaluru,560034,F,39,2024-01-20,False,False,WF-030,Bronze
C-003223,Mumbai,400080,M,46,2026-02-01,False,False,WF-002,Bronze
C-003224,Navi Mumbai,400703,M,55,2024-11-01,False,False,WF-025,Silver
C-003225,Bengaluru,560034,M,39,2024-12-15,False,False,WF-030,Bronze
C-003226,Mumbai,400076,M,18,2026-01-11,True,False,WF-003,Bronze
C-003227,Pune,411021,M,35,2023-06-04,False,False,WF-015,Platinum
C-003228,Goa,403001,F,36,2023-05-10,False,False,WF-028,Gold
C-003229,Pune,411021,M,25,2023-09-25,False,False,WF-014,Bronze
C-003230,Thane,400602,F,40,2024-11-26,False,False,WF-021,Gold
C-003231,Pune,411038,F,18,2024-03-07,False,False,WF-013,Bronze
C-003232,Navi Mumbai,400709,M,62,2024-05-19,False,False,WF-025,Silver
C-003233,Pune,411045,F,40,2023-07-20,False,False,WF-013,Bronze
C-003234,Bengaluru,560001,M,37,2025-01-20,False,False,WF-030,Bronze
C-003235,Mumbai,400076,M,67,2026-02-07,False,False,WF-004,Bronze
C-003236,Navi Mumbai,400703,M,71,2025-11-19,False,False,WF-025,Bronze
C-003237,Navi Mumbai,400703,M,48,2024-05-13,False,True,WF-023,Bronze
C-003238,Thane,400602,M,40,2024-01-13,False,False,WF-021,Bronze
C-003239,Thane,400610,F,48,2025-03-20,False,False,WF-020,Silver
C-003240,Goa,403001,M,31,2023-07-10,False,False,WF-028,Silver
C-003241,Pune,411004,M,36,2023-12-18,False,False,WF-015,Bronze
C-003242,Pune,411021,M,22,2024-09-23,False,False,WF-016,Gold
C-003243,Thane,400602,M,58,2026-01-17,False,False,WF-020,Gold
C-003244,Mumbai,400097,M,22,2025-05-03,False,False,WF-010,Bronze
C-003245,Navi Mumbai,400709,F,18,2023-09-16,False,True,WF-025,Bronze
C-003246,Pune,411001,F,31,2024-03-31,False,False,WF-017,Bronze
C-003247,Mumbai,400080,M,18,2024-12-30,False,False,WF-006,Silver
C-003248,Mumbai,400064,M,28,2026-02-10,False,False,WF-006,Silver
C-003249,Mumbai,400053,F,52,2023-06-27,False,False,WF-007,Bronze
C-003250,Bengaluru,560034,M,57,2025-08-26,True,False,WF-030,Bronze
C-003251,Nashik,422005,M,18,2023-08-01,False,False,WF-027,Bronze
C-003252,Mumbai,400076,F,41,2026-02-14,True,False,WF-009,Bronze
C-003253,Pune,411045,M,39,2023-10-03,False,False,WF-018,Bronze
C-003254,Mumbai,400097,M,18,2023-07-21,False,False,WF-004,Bronze
C-003255,Mumbai,400072,M,23,2025-12-24,False,False,WF-003,Silver
C-003256,Nashik,422005,F,44,2026-03-09,False,False,WF-026,Gold
C-003257,Pune,411038,M,24,2023-06-03,False,False,WF-016,Gold
C-003258,Mumbai,400069,M,47,2023-12-24,False,True,WF-001,Bronze
C-003259,Mumbai,400072,F,36,2025-07-03,False,False,WF-002,Gold
C-003260,Thane,400610,M,59,2024-12-07,True,False,WF-022,Gold
C-003261,Mumbai,400069,M,60,2025-09-29,False,False,WF-010,Gold
C-003262,Thane,400602,F,41,2023-09-15,False,False,WF-019,Gold
C-003263,Nashik,422005,F,48,2023-08-17,False,False,WF-027,Silver
C-003264,Mumbai,400092,M,59,2024-05-03,False,False,WF-010,Bronze
C-003265,Thane,400602,F,32,2025-02-13,True,False,WF-020,Bronze
C-003266,Thane,400602,F,47,2026-03-29,False,True,WF-019,Gold
C-003267,Mumbai,400064,F,47,2023-11-30,False,False,WF-009,Gold
C-003268,Mumbai,400072,M,37,2023-06-02,False,False,WF-008,Bronze
C-003269,Mumbai,400050,F,40,2026-01-31,False,False,WF-009,Bronze
C-003270,Mumbai,400097,F,43,2023-06-28,False,False,WF-006,Bronze
C-003271,Pune,411004,M,38,2024-03-29,False,False,WF-017,Bronze
C-003272,Thane,400601,M,31,2023-05-18,False,False,WF-022,Bronze
C-003273,Thane,400601,F,36,2023-10-03,False,False,WF-021,Bronze
C-003274,Navi Mumbai,400706,M,61,2025-02-17,False,False,WF-023,Bronze
C-003275,Mumbai,400050,M,51,2023-10-10,False,False,WF-004,Gold
C-003276,Mumbai,400058,M,42,2024-08-18,False,False,WF-007,Silver
C-003277,Mumbai,400097,Other,61,2024-08-11,False,False,WF-003,Bronze
C-003278,Thane,400601,F,37,2025-04-18,False,False,WF-020,Bronze
C-003279,Navi Mumbai,400709,F,19,2024-01-15,False,False,WF-025,Bronze
C-003280,Mumbai,400064,F,36,2026-03-06,False,False,WF-009,Bronze
C-003281,Navi Mumbai,400709,F,52,2023-06-20,False,False,WF-024,Bronze
C-003282,Mumbai,400076,F,34,2025-11-20,True,False,WF-009,Silver
C-003283,Navi Mumbai,400706,F,18,2025-01-10,False,False,WF-025,Bronze
C-003284,Mumbai,400097,F,21,2023-10-28,False,False,WF-006,Silver
C-003285,Nashik,422001,M,49,2024-02-29,False,False,WF-027,Platinum
C-003286,Mumbai,400050,F,31,2024-09-09,False,False,WF-011,Bronze
C-003287,Goa,403001,M,31,2023-09-02,False,False,WF-028,Bronze
C-003288,Pune,411004,M,18,2023-11-07,False,False,WF-015,Bronze
C-003289,Navi Mumbai,400706,M,52,2023-09-25,False,False,WF-024,Platinum
C-003290,Pune,411045,F,55,2024-01-12,False,False,WF-014,Bronze
C-003291,Thane,400610,M,47,2025-06-10,False,True,WF-022,Bronze
C-003292,Mumbai,400069,M,18,2025-11-27,False,False,WF-007,Bronze
C-003293,Mumbai,400092,F,43,2025-05-18,False,False,WF-003,Bronze
C-003294,Mumbai,400058,F,46,2025-10-09,False,False,WF-005,Bronze
C-003295,Pune,411021,F,40,2024-07-05,True,False,WF-016,Silver
C-003296,Mumbai,400080,M,25,2024-09-28,False,False,WF-004,Bronze
C-003297,Bengaluru,560034,M,46,2025-02-20,False,False,WF-029,Platinum
C-003298,Mumbai,400001,M,37,2026-04-01,False,False,WF-012,Bronze
C-003299,Nashik,422005,M,48,2026-01-03,False,False,WF-026,Silver
C-003300,Navi Mumbai,400703,M,71,2025-11-27,False,False,WF-024,Bronze
C-003301,Thane,400610,M,44,2024-11-03,False,False,WF-020,Bronze
C-003302,Thane,400601,F,30,2025-01-17,False,False,WF-022,Silver
C-003303,Pune,411001,M,35,2023-08-19,False,False,WF-016,Bronze
C-003304,Goa,403001,F,51,2023-12-27,False,False,WF-028,Bronze
C-003305,Mumbai,400058,F,34,2023-11-23,False,False,WF-006,Bronze
C-003306,Pune,411004,M,37,2024-01-04,False,False,WF-018,Silver
C-003307,Mumbai,400064,M,33,2025-07-20,False,False,WF-005,Bronze
C-003308,Bengaluru,560001,M,56,2025-02-12,False,False,WF-030,Bronze
C-003309,Navi Mumbai,400706,F,29,2023-10-27,True,False,WF-025,Bronze
C-003310,Nashik,422001,M,32,2023-12-11,False,False,WF-026,Bronze
C-003311,Nashik,422001,F,24,2025-12-05,False,False,WF-027,Silver
C-003312,Bengaluru,560001,M,34,2024-05-17,False,False,WF-029,Silver
C-003313,Mumbai,400053,F,33,2025-12-19,False,False,WF-009,Bronze
C-003314,Bengaluru,560034,F,34,2023-05-10,False,False,WF-030,Bronze
C-003315,Mumbai,400069,F,32,2023-10-31,False,False,WF-006,Silver
C-003316,Thane,400610,M,25,2025-06-05,False,False,WF-020,Bronze
C-003317,Bengaluru,560001,M,18,2025-08-05,False,False,WF-030,Bronze
C-003318,Pune,411021,F,25,2026-03-10,False,False,WF-016,Bronze
C-003319,Goa,403001,F,28,2025-09-04,True,False,WF-028,Bronze
C-003320,Bengaluru,560001,M,45,2023-05-05,False,False,WF-029,Silver
C-003321,Mumbai,400076,F,18,2025-05-09,True,False,WF-007,Gold
C-003322,Pune,411004,M,44,2026-01-09,False,False,WF-016,Bronze
C-003323,Navi Mumbai,400709,F,40,2024-10-28,False,True,WF-023,Bronze
C-003324,Pune,411001,M,30,2023-10-16,True,True,WF-017,Bronze
C-003325,Mumbai,400069,M,31,2026-04-25,False,False,WF-008,Platinum
C-003326,Navi Mumbai,400703,F,27,2023-07-11,False,False,WF-023,Gold
C-003327,Mumbai,400076,F,43,2025-03-13,False,False,WF-011,Silver
C-003328,Mumbai,400069,M,31,2023-12-18,False,False,WF-007,Bronze
C-003329,Pune,411045,M,64,2023-09-18,False,False,WF-018,Bronze
C-003330,Bengaluru,560001,M,18,2025-11-29,False,False,WF-029,Bronze
C-003331,Pune,411001,M,48,2025-03-01,True,False,WF-015,Silver
C-003332,Goa,403001,F,33,2025-02-24,False,False,WF-028,Bronze
C-003333,Navi Mumbai,400709,M,28,2024-03-24,True,False,WF-023,Bronze
C-003334,Mumbai,400064,M,18,2024-08-19,False,False,WF-011,Gold
C-003335,Mumbai,400064,F,29,2024-08-10,False,False,WF-006,Bronze
C-003336,Mumbai,400064,M,39,2026-02-20,True,False,WF-009,Bronze
C-003337,Pune,411014,F,34,2023-08-20,False,False,WF-013,Bronze
C-003338,Thane,400602,F,57,2024-06-12,False,False,WF-020,Bronze
C-003339,Navi Mumbai,400706,M,29,2024-07-23,False,False,WF-023,Gold
C-003340,Mumbai,400050,Other,62,2023-10-05,True,False,WF-005,Bronze
C-003341,Mumbai,400086,F,36,2024-10-14,False,False,WF-010,Bronze
C-003342,Mumbai,400086,M,30,2023-09-14,False,False,WF-010,Silver
C-003343,Pune,411021,F,21,2023-11-08,False,False,WF-017,Platinum
C-003344,Pune,411004,M,28,2023-05-17,False,False,WF-013,Bronze
C-003345,Mumbai,400050,M,54,2024-12-30,False,False,WF-003,Gold
C-003346,Nashik,422005,F,67,2024-03-15,False,False,WF-027,Silver
C-003347,Mumbai,400076,M,41,2025-06-10,False,False,WF-011,Gold
C-003348,Pune,411021,M,40,2024-01-23,False,False,WF-016,Bronze
C-003349,Mumbai,400064,M,50,2024-06-18,False,False,WF-009,Gold
C-003350,Thane,400602,F,24,2024-01-30,True,True,WF-022,Bronze
C-003351,Mumbai,400076,F,37,2025-10-20,False,True,WF-010,Silver
C-003352,Nashik,422005,M,40,2023-06-01,False,False,WF-026,Bronze
C-003353,Thane,400602,M,24,2023-10-22,False,False,WF-020,Platinum
C-003354,Mumbai,400053,M,37,2025-04-12,False,False,WF-008,Silver
C-003355,Goa,403001,F,18,2023-09-26,False,False,WF-028,Silver
C-003356,Thane,400602,M,20,2025-12-02,True,False,WF-021,Silver
C-003357,Mumbai,400092,F,51,2025-03-26,False,False,WF-002,Silver
C-003358,Pune,411021,M,36,2025-07-06,False,False,WF-016,Silver
C-003359,Bengaluru,560034,M,60,2025-11-18,False,False,WF-030,Bronze
C-003360,Bengaluru,560001,M,19,2023-05-29,False,False,WF-030,Silver
C-003361,Thane,400601,F,29,2023-12-11,False,False,WF-020,Bronze
C-003362,Mumbai,400069,F,36,2023-08-06,True,False,WF-012,Bronze
C-003363,Nashik,422001,M,21,2026-04-03,True,False,WF-027,Bronze
C-003364,Goa,403001,M,42,2024-01-29,False,False,WF-028,Silver
C-003365,Goa,403001,F,47,2024-07-25,True,False,WF-028,Silver
C-003366,Goa,403001,M,35,2023-09-25,False,False,WF-028,Gold
C-003367,Navi Mumbai,400709,M,31,2023-11-22,False,False,WF-025,Bronze
C-003368,Bengaluru,560034,F,55,2024-11-15,False,False,WF-030,Bronze
C-003369,Thane,400607,M,43,2023-06-25,False,False,WF-019,Bronze
C-003370,Mumbai,400072,M,50,2024-01-14,True,False,WF-005,Silver
C-003371,Goa,403001,M,48,2025-05-20,False,False,WF-028,Bronze
C-003372,Thane,400607,F,37,2025-04-24,False,False,WF-019,Gold
C-003373,Pune,411001,F,18,2025-10-16,True,False,WF-015,Gold
C-003374,Thane,400610,F,45,2024-08-21,True,False,WF-022,Silver
C-003375,Bengaluru,560034,F,42,2023-05-31,False,True,WF-030,Bronze
C-003376,Nashik,422005,M,36,2024-03-19,False,False,WF-026,Silver
C-003377,Nashik,422005,M,43,2025-03-14,False,False,WF-026,Silver
C-003378,Bengaluru,560034,F,47,2026-01-20,False,False,WF-029,Bronze
C-003379,Goa,403001,M,27,2026-01-29,False,False,WF-028,Gold
C-003380,Thane,400602,M,47,2026-03-04,False,False,WF-020,Bronze
C-003381,Mumbai,400092,M,27,2023-11-02,False,False,WF-007,Silver
C-003382,Pune,411014,F,50,2024-03-27,True,True,WF-013,Bronze
C-003383,Mumbai,400050,F,18,2025-07-02,False,False,WF-011,Bronze
C-003384,Bengaluru,560034,M,46,2023-07-11,False,False,WF-029,Gold
C-003385,Pune,411038,M,18,2024-01-12,True,False,WF-016,Platinum
C-003386,Nashik,422001,M,54,2025-12-16,True,False,WF-027,Bronze
C-003387,Navi Mumbai,400709,M,31,2024-01-15,False,False,WF-023,Gold
C-003388,Pune,411038,M,49,2026-03-23,True,False,WF-015,Bronze
C-003389,Pune,411021,F,18,2023-08-12,False,False,WF-016,Gold
C-003390,Bengaluru,560034,M,18,2023-08-14,True,True,WF-029,Bronze
C-003391,Goa,403001,F,30,2025-05-02,False,False,WF-028,Silver
C-003392,Pune,411004,F,55,2023-10-28,False,False,WF-017,Bronze
C-003393,Mumbai,400001,F,33,2026-03-18,False,False,WF-001,Bronze
C-003394,Mumbai,400001,M,26,2025-04-02,False,False,WF-006,Bronze
C-003395,Nashik,422001,M,40,2024-01-28,False,True,WF-027,Bronze
C-003396,Nashik,422005,M,38,2024-03-11,False,False,WF-027,Bronze
C-003397,Mumbai,400069,M,53,2025-12-14,False,False,WF-007,Silver
C-003398,Navi Mumbai,400709,M,44,2024-02-07,False,False,WF-023,Bronze
C-003399,Thane,400601,M,19,2025-01-23,False,False,WF-022,Bronze
C-003400,Bengaluru,560001,M,20,2025-09-25,False,False,WF-029,Platinum
C-003401,Mumbai,400069,M,61,2025-01-20,False,False,WF-009,Gold
C-003402,Mumbai,400076,M,48,2025-03-27,False,False,WF-007,Platinum
C-003403,Thane,400602,F,39,2025-05-31,False,False,WF-020,Gold
C-003404,Pune,411021,M,39,2024-10-07,False,False,WF-016,Silver
C-003405,Mumbai,400064,M,60,2025-01-28,False,False,WF-011,Bronze
C-003406,Nashik,422005,M,36,2025-12-29,False,True,WF-027,Gold
C-003407,Thane,400610,Other,32,2025-11-07,False,False,WF-021,Bronze
C-003408,Pune,411004,F,42,2023-11-24,False,False,WF-018,Bronze
C-003409,Goa,403001,M,21,2026-04-05,False,False,WF-028,Bronze
C-003410,Nashik,422001,F,31,2025-01-28,False,False,WF-027,Bronze
C-003411,Navi Mumbai,400706,M,28,2025-12-21,False,False,WF-024,Bronze
C-003412,Mumbai,400069,M,52,2024-03-21,False,False,WF-003,Bronze
C-003413,Mumbai,400092,F,45,2023-06-23,False,False,WF-001,Silver
C-003414,Navi Mumbai,400709,F,54,2023-10-01,True,False,WF-023,Silver
C-003415,Navi Mumbai,400703,M,33,2025-05-27,False,False,WF-025,Bronze
C-003416,Thane,400602,F,57,2025-09-24,False,False,WF-020,Gold
C-003417,Mumbai,400058,M,18,2024-07-21,False,False,WF-005,Silver
C-003418,Pune,411001,F,24,2026-03-17,False,False,WF-018,Silver
C-003419,Mumbai,400064,F,36,2024-09-22,False,True,WF-009,Silver
C-003420,Pune,411021,Other,18,2023-11-05,False,False,WF-014,Gold
C-003421,Pune,411004,F,42,2025-11-01,False,False,WF-014,Bronze
C-003422,Mumbai,400076,M,43,2023-11-27,False,False,WF-012,Gold
C-003423,Pune,411038,F,24,2024-02-29,True,False,WF-016,Silver
C-003424,Mumbai,400072,M,36,2025-03-01,True,False,WF-008,Bronze
C-003425,Bengaluru,560001,M,39,2026-02-26,False,False,WF-030,Bronze
C-003426,Nashik,422005,F,28,2024-01-17,True,False,WF-027,Bronze
C-003427,Pune,411038,M,55,2023-11-27,False,False,WF-015,Bronze
C-003428,Mumbai,400064,M,18,2024-07-21,False,False,WF-009,Gold
C-003429,Pune,411021,M,21,2023-08-17,False,False,WF-016,Bronze
C-003430,Pune,411004,M,46,2023-12-28,False,False,WF-014,Silver
C-003431,Mumbai,400086,F,49,2023-12-19,False,False,WF-005,Bronze
C-003432,Bengaluru,560034,M,57,2025-10-05,False,False,WF-029,Gold
C-003433,Mumbai,400072,F,62,2025-01-14,True,False,WF-010,Gold
C-003434,Mumbai,400050,F,31,2024-02-06,False,False,WF-004,Bronze
C-003435,Pune,411004,M,48,2024-05-13,True,False,WF-017,Bronze
C-003436,Mumbai,400086,M,66,2023-06-22,False,False,WF-012,Bronze
C-003437,Pune,411045,F,18,2023-08-15,False,False,WF-016,Bronze
C-003438,Nashik,422005,M,29,2024-07-11,True,False,WF-027,Silver
C-003439,Thane,400602,M,18,2025-04-20,False,False,WF-020,Gold
C-003440,Mumbai,400072,M,65,2025-06-01,False,False,WF-010,Bronze
C-003441,Navi Mumbai,400703,M,23,2025-04-05,False,False,WF-024,Gold
C-003442,Thane,400607,M,39,2025-02-05,False,False,WF-019,Bronze
C-003443,Navi Mumbai,400703,M,28,2024-07-02,True,False,WF-023,Bronze
C-003444,Thane,400602,M,28,2023-08-10,False,False,WF-021,Bronze
C-003445,Pune,411045,F,58,2023-08-20,False,False,WF-014,Silver
C-003446,Bengaluru,560034,M,37,2025-09-13,False,False,WF-029,Silver
C-003447,Mumbai,400064,F,62,2023-06-19,False,False,WF-003,Platinum
C-003448,Mumbai,400053,F,48,2025-09-02,False,False,WF-010,Silver
C-003449,Mumbai,400092,F,59,2024-03-03,False,False,WF-005,Bronze
C-003450,Nashik,422005,M,48,2025-08-15,False,False,WF-027,Bronze
C-003451,Navi Mumbai,400703,F,21,2023-07-10,True,False,WF-025,Silver
C-003452,Pune,411021,F,32,2026-01-27,False,False,WF-016,Bronze
C-003453,Thane,400601,F,52,2024-07-14,False,False,WF-019,Silver
C-003454,Mumbai,400053,F,18,2025-07-04,False,False,WF-010,Bronze
C-003455,Mumbai,400086,F,33,2023-08-29,False,False,WF-001,Bronze
C-003456,Bengaluru,560034,M,18,2024-01-20,True,False,WF-029,Bronze
C-003457,Navi Mumbai,400709,M,63,2025-07-21,False,False,WF-025,Bronze
C-003458,Mumbai,400076,M,36,2024-02-15,False,False,WF-008,Silver
C-003459,Mumbai,400053,F,61,2023-07-13,False,False,WF-007,Silver
C-003460,Nashik,422005,M,28,2026-02-18,True,False,WF-027,Silver
C-003461,Goa,403001,M,43,2026-02-09,False,False,WF-028,Bronze
C-003462,Mumbai,400001,F,18,2023-05-28,False,False,WF-003,Gold
C-003463,Thane,400602,M,40,2024-06-27,False,True,WF-022,Gold
C-003464,Mumbai,400053,F,46,2023-08-09,False,False,WF-002,Bronze
C-003465,Thane,400610,M,49,2025-07-09,False,False,WF-021,Gold
C-003466,Mumbai,400001,F,33,2025-06-19,False,False,WF-008,Silver
C-003467,Mumbai,400064,F,29,2023-08-17,True,False,WF-009,Silver
C-003468,Bengaluru,560001,F,34,2025-09-06,False,False,WF-029,Bronze
C-003469,Thane,400607,M,44,2024-01-17,False,False,WF-020,Platinum
C-003470,Mumbai,400086,M,27,2023-08-03,False,False,WF-002,Silver
C-003471,Thane,400607,F,23,2024-05-13,False,False,WF-020,Silver
C-003472,Thane,400607,M,25,2024-09-10,True,False,WF-019,Gold
C-003473,Thane,400602,M,18,2025-07-09,True,False,WF-020,Bronze
C-003474,Mumbai,400086,F,61,2023-08-29,False,False,WF-009,Silver
C-003475,Pune,411001,M,28,2024-10-19,False,False,WF-013,Bronze
C-003476,Mumbai,400058,Other,30,2023-11-07,False,False,WF-005,Platinum
C-003477,Bengaluru,560034,M,39,2024-12-23,False,False,WF-029,Silver
C-003478,Pune,411045,M,34,2025-11-18,False,False,WF-013,Bronze
C-003479,Mumbai,400001,M,32,2023-10-16,False,False,WF-005,Gold
C-003480,Bengaluru,560001,M,48,2023-08-01,False,False,WF-030,Silver
C-003481,Goa,403001,M,32,2026-02-05,False,False,WF-028,Gold
C-003482,Pune,411001,F,52,2023-06-02,False,False,WF-013,Silver
C-003483,Mumbai,400072,F,42,2023-11-01,False,False,WF-001,Bronze
C-003484,Goa,403001,F,35,2025-02-01,False,False,WF-028,Silver
C-003485,Goa,403001,F,38,2025-09-02,False,False,WF-028,Bronze
C-003486,Thane,400602,M,69,2023-10-31,False,False,WF-022,Bronze
C-003487,Mumbai,400097,M,29,2024-07-21,False,False,WF-009,Bronze
C-003488,Pune,411021,F,49,2023-05-08,True,False,WF-013,Gold
C-003489,Mumbai,400069,F,28,2025-06-05,False,False,WF-003,Bronze
C-003490,Pune,411038,M,40,2023-06-13,False,True,WF-018,Silver
C-003491,Thane,400610,F,41,2024-12-03,False,False,WF-020,Silver
C-003492,Pune,411014,M,29,2025-07-29,False,True,WF-016,Bronze
C-003493,Nashik,422001,M,25,2024-10-15,False,False,WF-027,Gold
C-003494,Pune,411038,M,50,2025-03-29,True,True,WF-014,Bronze
C-003495,Goa,403001,M,29,2025-03-07,False,False,WF-028,Silver
C-003496,Pune,411001,F,38,2025-03-18,True,False,WF-015,Bronze
C-003497,Bengaluru,560034,M,41,2025-10-15,False,False,WF-029,Bronze
C-003498,Goa,403001,M,18,2023-06-27,False,False,WF-028,Gold
C-003499,Mumbai,400064,F,59,2025-07-25,False,False,WF-007,Bronze
C-003500,Pune,411014,F,74,2026-03-28,False,False,WF-013,Bronze
C-003501,Mumbai,400001,F,48,2025-05-30,False,False,WF-006,Bronze
C-003502,Mumbai,400064,M,45,2024-03-17,False,False,WF-011,Silver
C-003503,Navi Mumbai,400703,M,33,2023-11-24,False,False,WF-025,Silver
C-003504,Mumbai,400053,M,67,2024-10-11,False,False,WF-006,Gold
C-003505,Thane,400610,M,50,2023-09-25,False,False,WF-022,Bronze
C-003506,Nashik,422005,F,18,2024-09-02,False,False,WF-026,Silver
C-003507,Mumbai,400050,M,30,2024-05-21,True,False,WF-009,Gold
C-003508,Mumbai,400097,F,51,2023-08-25,False,False,WF-012,Bronze
C-003509,Goa,403001,F,33,2026-04-12,False,False,WF-028,Bronze
C-003510,Mumbai,400080,F,24,2024-03-09,False,True,WF-006,Bronze
C-003511,Mumbai,400064,F,18,2025-09-02,False,False,WF-011,Platinum
C-003512,Mumbai,400086,M,35,2024-03-19,False,True,WF-010,Bronze
C-003513,Navi Mumbai,400703,F,41,2025-06-25,False,False,WF-025,Silver
C-003514,Bengaluru,560034,M,42,2023-12-05,False,False,WF-030,Bronze
C-003515,Pune,411001,M,26,2024-02-14,False,False,WF-014,Bronze
C-003516,Pune,411045,F,36,2023-06-30,False,False,WF-018,Silver
C-003517,Pune,411001,F,39,2025-04-15,False,False,WF-013,Silver
C-003518,Thane,400601,M,38,2025-05-20,False,False,WF-020,Bronze
C-003519,Bengaluru,560001,F,37,2025-11-13,False,False,WF-029,Gold
C-003520,Nashik,422001,M,63,2025-04-10,True,False,WF-026,Bronze
C-003521,Thane,400601,F,45,2024-01-05,False,False,WF-019,Silver
C-003522,Bengaluru,560001,Other,76,2023-10-16,False,False,WF-029,Silver
C-003523,Bengaluru,560034,M,32,2024-03-09,False,False,WF-029,Bronze
C-003524,Mumbai,400086,F,60,2023-06-09,True,False,WF-001,Silver
C-003525,Pune,411038,M,37,2024-07-31,False,False,WF-014,Silver
C-003526,Mumbai,400076,M,46,2023-11-29,False,False,WF-008,Bronze
C-003527,Pune,411038,F,42,2023-05-09,False,False,WF-018,Bronze
C-003528,Pune,411021,F,26,2024-01-07,False,False,WF-016,Bronze
C-003529,Pune,411004,F,38,2025-03-15,False,False,WF-013,Gold
C-003530,Goa,403001,F,44,2025-10-04,False,False,WF-028,Platinum
C-003531,Thane,400610,F,38,2025-11-19,False,False,WF-022,Silver
C-003532,Bengaluru,560001,F,55,2024-08-31,True,False,WF-030,Bronze
C-003533,Pune,411001,M,34,2024-10-16,False,False,WF-014,Silver
C-003534,Mumbai,400076,M,45,2023-06-10,False,False,WF-007,Bronze
C-003535,Bengaluru,560001,F,55,2023-12-04,False,False,WF-030,Platinum
C-003536,Mumbai,400064,M,25,2025-05-22,True,False,WF-009,Silver
C-003537,Mumbai,400050,F,50,2023-06-29,False,False,WF-001,Bronze
C-003538,Mumbai,400053,M,43,2026-04-19,True,False,WF-007,Bronze
C-003539,Mumbai,400001,M,53,2024-11-24,False,False,WF-011,Silver
C-003540,Mumbai,400076,M,43,2024-08-22,True,False,WF-004,Bronze
C-003541,Thane,400607,F,21,2024-05-18,False,False,WF-020,Gold
C-003542,Mumbai,400001,M,26,2024-06-15,False,False,WF-009,Silver
C-003543,Nashik,422005,M,38,2025-05-13,False,False,WF-026,Silver
C-003544,Mumbai,400092,M,32,2025-07-20,False,False,WF-005,Bronze
C-003545,Bengaluru,560001,M,55,2023-12-11,False,False,WF-030,Gold
C-003546,Pune,411045,M,63,2024-01-12,False,False,WF-017,Bronze
C-003547,Mumbai,400064,M,64,2024-02-05,False,False,WF-005,Bronze
C-003548,Bengaluru,560001,F,28,2024-10-15,True,False,WF-029,Bronze
C-003549,Pune,411038,M,63,2026-04-05,False,False,WF-013,Bronze
C-003550,Thane,400610,M,43,2024-12-01,False,False,WF-020,Bronze
C-003551,Bengaluru,560034,M,44,2024-03-14,False,False,WF-029,Silver
C-003552,Bengaluru,560034,F,35,2023-08-04,True,True,WF-030,Bronze
C-003553,Pune,411021,M,18,2023-10-31,False,False,WF-016,Gold
C-003554,Mumbai,400072,F,19,2025-06-23,False,False,WF-003,Silver
C-003555,Pune,411001,F,28,2026-02-26,False,False,WF-017,Bronze
C-003556,Thane,400601,F,56,2025-08-04,False,False,WF-021,Bronze
C-003557,Thane,400601,F,50,2024-08-09,False,False,WF-019,Gold
C-003558,Bengaluru,560001,F,34,2023-11-11,True,False,WF-030,Bronze
C-003559,Thane,400610,M,43,2025-12-24,True,False,WF-020,Silver
C-003560,Pune,411004,F,28,2026-01-30,False,False,WF-013,Gold
C-003561,Pune,411045,F,41,2026-03-24,False,False,WF-015,Gold
C-003562,Bengaluru,560034,M,49,2023-10-18,False,False,WF-029,Silver
C-003563,Thane,400601,M,37,2025-04-18,False,False,WF-022,Bronze
C-003564,Pune,411014,F,37,2023-05-20,False,False,WF-018,Bronze
C-003565,Mumbai,400058,F,42,2025-05-01,False,False,WF-011,Bronze
C-003566,Navi Mumbai,400703,F,35,2025-08-05,True,False,WF-025,Silver
C-003567,Mumbai,400092,M,40,2024-07-27,False,False,WF-010,Silver
C-003568,Pune,411004,M,58,2025-09-08,False,False,WF-013,Bronze
C-003569,Mumbai,400072,M,59,2024-08-08,True,False,WF-011,Bronze
C-003570,Nashik,422005,M,34,2025-02-05,False,False,WF-027,Bronze
C-003571,Mumbai,400086,F,35,2026-04-17,False,False,WF-007,Bronze
C-003572,Mumbai,400072,M,44,2023-08-25,False,True,WF-006,Gold
C-003573,Mumbai,400080,M,44,2024-03-19,True,True,WF-006,Silver
C-003574,Mumbai,400064,M,37,2025-08-31,False,False,WF-001,Bronze
C-003575,Bengaluru,560034,M,21,2024-05-07,True,False,WF-029,Bronze
C-003576,Thane,400607,M,42,2025-03-14,False,False,WF-021,Bronze
C-003577,Mumbai,400097,F,33,2026-01-07,False,False,WF-010,Bronze
C-003578,Pune,411004,M,18,2023-11-16,False,False,WF-018,Bronze
C-003579,Thane,400601,M,24,2023-07-24,False,False,WF-021,Silver
C-003580,Mumbai,400072,M,27,2023-07-24,False,False,WF-011,Silver
C-003581,Pune,411001,M,51,2024-05-03,True,False,WF-013,Bronze
C-003582,Bengaluru,560034,M,60,2026-04-27,False,False,WF-030,Gold
C-003583,Navi Mumbai,400709,M,59,2026-02-22,False,False,WF-024,Platinum
C-003584,Navi Mumbai,400709,M,58,2023-08-21,False,False,WF-023,Bronze
C-003585,Goa,403001,M,56,2025-06-30,True,False,WF-028,Gold
C-003586,Mumbai,400058,M,48,2023-08-31,False,False,WF-007,Bronze
C-003587,Bengaluru,560034,F,19,2023-11-20,False,False,WF-029,Bronze
C-003588,Navi Mumbai,400703,M,50,2025-03-19,False,False,WF-023,Silver
C-003589,Mumbai,400053,F,56,2024-03-08,True,False,WF-007,Gold
C-003590,Pune,411045,F,30,2025-03-29,False,False,WF-018,Bronze
C-003591,Mumbai,400064,M,50,2026-01-23,False,False,WF-009,Silver
C-003592,Thane,400602,M,55,2024-11-03,False,False,WF-020,Gold
C-003593,Navi Mumbai,400709,F,47,2024-12-30,False,False,WF-024,Bronze
C-003594,Pune,411021,M,34,2024-02-05,False,False,WF-018,Gold
C-003595,Nashik,422005,F,34,2025-01-22,False,False,WF-027,Bronze
C-003596,Navi Mumbai,400703,F,18,2025-12-18,False,False,WF-025,Bronze
C-003597,Navi Mumbai,400703,F,18,2025-10-02,False,False,WF-023,Bronze
C-003598,Goa,403001,F,35,2024-10-30,False,False,WF-028,Bronze
C-003599,Mumbai,400001,F,50,2023-10-15,False,False,WF-004,Bronze
C-003600,Navi Mumbai,400709,F,40,2023-10-22,False,False,WF-025,Bronze
C-003601,Pune,411045,M,35,2026-01-21,False,False,WF-018,Silver
C-003602,Navi Mumbai,400706,F,38,2023-05-16,False,False,WF-024,Gold
C-003603,Mumbai,400076,F,30,2023-11-16,False,False,WF-008,Bronze
C-003604,Goa,403001,M,41,2025-01-29,False,False,WF-028,Platinum
C-003605,Nashik,422005,F,43,2024-12-20,False,False,WF-027,Gold
C-003606,Pune,411038,F,19,2023-11-06,False,False,WF-017,Platinum
C-003607,Pune,411045,F,49,2025-02-25,False,False,WF-018,Silver
C-003608,Nashik,422001,M,59,2025-08-28,False,False,WF-027,Silver
C-003609,Thane,400610,F,54,2025-07-02,False,False,WF-022,Bronze
C-003610,Pune,411045,F,26,2025-09-05,False,False,WF-015,Silver
C-003611,Bengaluru,560034,M,39,2024-12-10,True,False,WF-029,Gold
C-003612,Pune,411045,F,49,2024-01-25,False,False,WF-018,Bronze
C-003613,Mumbai,400069,M,19,2024-12-12,False,False,WF-005,Bronze
C-003614,Mumbai,400092,F,32,2025-11-26,False,False,WF-006,Platinum
C-003615,Navi Mumbai,400706,F,42,2024-01-16,False,False,WF-023,Silver
C-003616,Navi Mumbai,400709,F,18,2024-08-04,False,False,WF-025,Bronze
C-003617,Navi Mumbai,400709,M,31,2023-11-30,False,False,WF-024,Bronze
C-003618,Mumbai,400053,F,43,2023-05-16,False,False,WF-002,Silver
C-003619,Mumbai,400053,F,24,2023-06-10,True,False,WF-009,Bronze
C-003620,Mumbai,400076,F,51,2025-03-13,False,False,WF-005,Silver
C-003621,Mumbai,400076,F,27,2024-10-22,False,False,WF-011,Bronze
C-003622,Mumbai,400001,M,25,2024-11-02,False,False,WF-001,Silver
C-003623,Pune,411045,M,40,2024-12-30,False,True,WF-014,Silver
C-003624,Pune,411021,F,35,2025-01-19,False,False,WF-015,Bronze
C-003625,Mumbai,400001,F,40,2025-11-25,False,False,WF-011,Silver
C-003626,Bengaluru,560034,M,41,2024-02-25,False,False,WF-029,Silver
C-003627,Pune,411038,F,39,2024-09-13,True,True,WF-017,Bronze
C-003628,Navi Mumbai,400703,F,37,2024-12-22,False,False,WF-023,Gold
C-003629,Thane,400610,M,37,2024-01-29,False,False,WF-019,Bronze
C-003630,Mumbai,400072,F,18,2026-04-22,False,False,WF-008,Bronze
C-003631,Bengaluru,560001,M,35,2025-10-30,False,False,WF-030,Bronze
C-003632,Mumbai,400092,M,59,2023-08-14,False,False,WF-011,Silver
C-003633,Goa,403001,F,21,2023-12-12,False,False,WF-028,Bronze
C-003634,Bengaluru,560034,F,36,2024-02-06,True,False,WF-029,Silver
C-003635,Thane,400601,F,22,2025-08-07,False,False,WF-020,Bronze
C-003636,Pune,411038,F,41,2026-03-17,False,False,WF-014,Bronze
C-003637,Thane,400601,M,25,2024-04-01,False,False,WF-020,Bronze
C-003638,Goa,403001,M,43,2024-11-02,False,False,WF-028,Bronze
C-003639,Nashik,422001,F,34,2024-11-04,False,False,WF-027,Bronze
C-003640,Mumbai,400092,F,49,2023-11-30,False,False,WF-003,Bronze
C-003641,Mumbai,400080,M,25,2023-06-16,False,False,WF-001,Bronze
C-003642,Navi Mumbai,400703,M,37,2025-11-26,False,False,WF-025,Bronze
C-003643,Pune,411004,M,34,2025-08-21,True,False,WF-015,Silver
C-003644,Mumbai,400069,M,45,2023-11-18,False,False,WF-010,Bronze
C-003645,Thane,400607,F,36,2024-10-22,False,False,WF-022,Gold
C-003646,Mumbai,400072,M,40,2024-09-29,False,False,WF-004,Gold
C-003647,Pune,411001,M,38,2026-04-11,False,False,WF-016,Bronze
C-003648,Mumbai,400076,M,59,2026-02-12,False,False,WF-012,Bronze
C-003649,Thane,400602,F,18,2026-02-02,True,False,WF-019,Bronze
C-003650,Mumbai,400001,M,43,2025-02-14,True,False,WF-010,Gold
C-003651,Bengaluru,560034,F,37,2024-01-26,True,False,WF-029,Platinum
C-003652,Nashik,422001,M,35,2024-02-10,False,True,WF-027,Bronze
C-003653,Bengaluru,560034,M,38,2024-07-10,False,False,WF-029,Bronze
C-003654,Mumbai,400050,M,39,2024-02-21,True,False,WF-003,Platinum
C-003655,Bengaluru,560034,M,37,2025-09-14,False,False,WF-029,Bronze
C-003656,Bengaluru,560001,F,56,2024-10-20,True,False,WF-029,Silver
C-003657,Thane,400602,F,20,2025-06-28,True,False,WF-022,Bronze
C-003658,Nashik,422001,M,30,2024-08-01,False,False,WF-027,Bronze
C-003659,Bengaluru,560001,Other,38,2024-12-19,False,False,WF-030,Bronze
C-003660,Thane,400602,M,46,2024-12-03,False,True,WF-019,Gold
C-003661,Bengaluru,560034,M,20,2023-08-23,False,False,WF-029,Silver
C-003662,Mumbai,400069,M,63,2024-03-17,True,False,WF-007,Bronze
C-003663,Pune,411021,M,39,2023-11-14,False,False,WF-016,Bronze
C-003664,Navi Mumbai,400709,M,50,2023-12-21,False,False,WF-025,Silver
C-003665,Goa,403001,F,21,2024-05-26,True,False,WF-028,Bronze
C-003666,Pune,411038,M,25,2023-11-02,False,False,WF-013,Silver
C-003667,Nashik,422005,M,26,2025-01-11,False,True,WF-027,Bronze
C-003668,Pune,411001,F,41,2025-09-25,False,False,WF-014,Gold
C-003669,Thane,400601,M,44,2024-12-13,False,False,WF-021,Platinum
C-003670,Navi Mumbai,400703,M,37,2024-06-30,False,False,WF-023,Bronze
C-003671,Pune,411045,M,25,2023-09-29,False,False,WF-016,Bronze
C-003672,Thane,400610,M,47,2024-11-11,True,False,WF-022,Bronze
C-003673,Mumbai,400080,M,51,2023-05-04,False,False,WF-010,Bronze
C-003674,Mumbai,400053,F,46,2025-07-29,False,False,WF-009,Bronze
C-003675,Mumbai,400086,M,28,2024-12-07,True,False,WF-002,Platinum
C-003676,Mumbai,400080,F,24,2026-02-19,False,True,WF-005,Bronze
C-003677,Bengaluru,560034,M,49,2025-05-09,False,False,WF-029,Silver
C-003678,Thane,400610,F,36,2023-09-22,False,False,WF-022,Bronze
C-003679,Goa,403001,M,39,2023-09-29,False,False,WF-028,Silver
C-003680,Mumbai,400064,M,18,2024-02-26,False,True,WF-011,Bronze
C-003681,Goa,403001,M,26,2024-01-18,False,False,WF-028,Bronze
C-003682,Mumbai,400050,F,62,2024-07-22,False,False,WF-010,Bronze
C-003683,Nashik,422001,F,31,2025-05-20,False,False,WF-026,Bronze
C-003684,Mumbai,400092,Other,25,2025-11-07,False,True,WF-012,Silver
C-003685,Bengaluru,560034,M,18,2023-06-26,False,False,WF-029,Bronze
C-003686,Goa,403001,F,53,2023-07-04,False,False,WF-028,Bronze
C-003687,Mumbai,400072,F,24,2025-03-26,False,False,WF-008,Gold
C-003688,Pune,411014,M,42,2024-02-07,False,False,WF-017,Gold
C-003689,Navi Mumbai,400709,F,27,2023-11-10,False,False,WF-023,Silver
C-003690,Thane,400610,F,25,2025-10-24,False,False,WF-022,Bronze
C-003691,Mumbai,400076,M,47,2025-01-05,False,False,WF-005,Bronze
C-003692,Pune,411004,M,23,2026-03-28,False,True,WF-015,Gold
C-003693,Thane,400602,F,24,2024-01-12,False,False,WF-022,Bronze
C-003694,Mumbai,400069,M,18,2024-12-15,False,False,WF-001,Bronze
C-003695,Pune,411038,F,38,2024-07-18,False,False,WF-017,Bronze
C-003696,Thane,400610,F,47,2023-10-06,False,False,WF-019,Bronze
C-003697,Pune,411001,F,22,2026-03-03,False,False,WF-013,Silver
C-003698,Mumbai,400069,M,22,2025-05-11,False,False,WF-008,Silver
C-003699,Bengaluru,560001,F,32,2025-08-29,False,False,WF-030,Gold
C-003700,Navi Mumbai,400709,F,26,2023-06-13,False,False,WF-025,Silver
C-003701,Bengaluru,560034,M,30,2025-06-15,False,False,WF-029,Bronze
C-003702,Thane,400607,M,40,2025-05-14,False,False,WF-021,Silver
C-003703,Thane,400607,F,18,2026-01-09,False,True,WF-021,Bronze
C-003704,Mumbai,400086,F,25,2023-07-30,False,False,WF-012,Bronze
C-003705,Navi Mumbai,400703,M,52,2025-01-12,False,False,WF-023,Bronze
C-003706,Thane,400607,M,48,2023-08-29,False,False,WF-021,Gold
C-003707,Mumbai,400050,F,59,2023-07-30,False,False,WF-008,Silver
C-003708,Navi Mumbai,400709,M,46,2025-01-28,False,False,WF-025,Bronze
C-003709,Mumbai,400053,Other,34,2024-01-11,False,False,WF-012,Bronze
C-003710,Nashik,422001,F,61,2023-11-27,False,False,WF-027,Silver
C-003711,Mumbai,400053,M,34,2025-05-26,False,False,WF-005,Silver
C-003712,Pune,411021,F,45,2024-06-26,False,False,WF-018,Bronze
C-003713,Navi Mumbai,400709,F,68,2026-01-16,True,False,WF-024,Bronze
C-003714,Mumbai,400080,F,39,2025-07-15,False,False,WF-002,Silver
C-003715,Mumbai,400072,M,22,2024-08-21,False,False,WF-003,Bronze
C-003716,Pune,411021,F,21,2024-10-31,False,False,WF-017,Bronze
C-003717,Pune,411045,F,20,2026-02-22,False,False,WF-018,Bronze
C-003718,Thane,400602,F,31,2024-10-27,True,False,WF-021,Bronze
C-003719,Mumbai,400076,M,33,2024-01-27,False,False,WF-009,Bronze
C-003720,Mumbai,400080,F,34,2023-07-26,False,False,WF-006,Silver
C-003721,Goa,403001,M,22,2023-12-26,False,False,WF-028,Bronze
C-003722,Thane,400610,F,26,2024-02-23,True,False,WF-020,Bronze
C-003723,Mumbai,400086,M,33,2023-11-11,True,False,WF-007,Silver
C-003724,Nashik,422001,F,18,2025-03-15,False,False,WF-026,Silver
C-003725,Pune,411045,M,41,2023-07-26,False,False,WF-014,Silver
C-003726,Mumbai,400080,M,32,2026-04-25,False,False,WF-010,Silver
C-003727,Pune,411045,M,42,2023-11-01,False,False,WF-017,Bronze
C-003728,Pune,411014,M,18,2023-06-14,False,False,WF-018,Bronze
C-003729,Pune,411021,M,48,2025-12-31,True,False,WF-015,Bronze
C-003730,Navi Mumbai,400703,M,33,2023-08-09,False,False,WF-024,Platinum
C-003731,Mumbai,400076,F,39,2025-05-07,False,False,WF-009,Platinum
C-003732,Pune,411021,M,49,2023-07-25,True,False,WF-018,Bronze
C-003733,Thane,400607,M,36,2024-12-28,False,False,WF-021,Bronze
C-003734,Navi Mumbai,400706,F,60,2024-12-29,False,False,WF-024,Silver
C-003735,Nashik,422001,M,30,2025-04-19,False,False,WF-026,Bronze
C-003736,Mumbai,400064,M,28,2025-11-16,False,False,WF-007,Bronze
C-003737,Mumbai,400069,F,32,2024-10-25,False,False,WF-001,Bronze
C-003738,Mumbai,400064,F,18,2023-10-15,True,False,WF-012,Bronze
C-003739,Thane,400602,M,48,2023-06-04,True,False,WF-020,Silver
C-003740,Bengaluru,560034,M,26,2024-10-20,False,False,WF-030,Platinum
C-003741,Thane,400610,M,37,2025-11-29,False,False,WF-019,Bronze
C-003742,Mumbai,400092,M,36,2026-03-18,False,False,WF-011,Bronze
C-003743,Pune,411004,M,45,2024-03-22,False,True,WF-013,Silver
C-003744,Goa,403001,F,28,2023-11-21,False,False,WF-028,Gold
C-003745,Navi Mumbai,400706,M,29,2024-08-23,False,False,WF-025,Silver
C-003746,Mumbai,400080,F,36,2025-03-30,False,False,WF-009,Bronze
C-003747,Pune,411004,M,38,2025-11-30,False,False,WF-013,Bronze
C-003748,Mumbai,400069,F,21,2024-02-15,False,False,WF-002,Bronze
C-003749,Pune,411045,F,36,2024-03-02,False,False,WF-014,Bronze
C-003750,Nashik,422001,M,52,2024-06-20,False,True,WF-027,Bronze
C-003751,Pune,411038,M,51,2025-06-03,True,False,WF-014,Bronze
C-003752,Mumbai,400086,F,51,2025-12-12,False,False,WF-009,Bronze
C-003753,Nashik,422001,M,26,2025-09-02,False,False,WF-026,Bronze
C-003754,Bengaluru,560034,M,30,2024-06-06,False,True,WF-030,Silver
C-003755,Thane,400602,M,18,2025-02-07,False,False,WF-019,Bronze
C-003756,Pune,411014,F,26,2024-10-17,False,False,WF-014,Bronze
C-003757,Navi Mumbai,400703,F,23,2025-04-12,False,False,WF-025,Gold
C-003758,Bengaluru,560034,M,54,2025-11-14,False,False,WF-029,Silver
C-003759,Bengaluru,560034,F,36,2023-05-28,False,False,WF-030,Bronze
C-003760,Pune,411045,M,49,2025-01-09,False,False,WF-018,Silver
C-003761,Bengaluru,560001,M,33,2024-11-26,False,False,WF-030,Bronze
C-003762,Pune,411021,F,37,2023-11-23,False,False,WF-014,Bronze
C-003763,Goa,403001,M,29,2025-06-18,False,False,WF-028,Bronze
C-003764,Bengaluru,560034,M,44,2023-05-08,False,False,WF-029,Silver
C-003765,Mumbai,400097,F,44,2025-10-21,False,False,WF-007,Bronze
C-003766,Navi Mumbai,400703,F,52,2023-10-02,False,True,WF-025,Gold
C-003767,Bengaluru,560034,M,29,2023-08-27,True,False,WF-029,Bronze
C-003768,Goa,403001,Other,49,2024-02-02,False,False,WF-028,Platinum
C-003769,Pune,411038,Other,28,2023-07-08,True,False,WF-014,Gold
C-003770,Thane,400601,F,45,2025-12-03,False,False,WF-019,Bronze
C-003771,Bengaluru,560034,M,30,2025-12-09,False,False,WF-030,Silver
C-003772,Pune,411021,M,49,2023-07-15,False,False,WF-014,Bronze
C-003773,Mumbai,400064,F,58,2025-08-17,False,False,WF-009,Platinum
C-003774,Goa,403001,M,45,2023-05-21,False,False,WF-028,Platinum
C-003775,Bengaluru,560001,F,19,2024-10-30,False,False,WF-030,Bronze
C-003776,Bengaluru,560034,F,45,2023-05-15,True,False,WF-029,Bronze
C-003777,Bengaluru,560034,Other,39,2024-11-22,False,False,WF-029,Bronze
C-003778,Bengaluru,560001,M,18,2023-10-09,True,False,WF-029,Silver
C-003779,Mumbai,400050,M,60,2024-12-24,False,False,WF-010,Silver
C-003780,Pune,411021,M,18,2023-12-03,False,False,WF-016,Bronze
C-003781,Thane,400607,M,24,2026-01-20,True,False,WF-022,Bronze
C-003782,Navi Mumbai,400709,F,55,2025-03-11,True,False,WF-023,Bronze
C-003783,Thane,400601,M,43,2025-11-02,False,False,WF-021,Silver
C-003784,Thane,400610,F,31,2024-06-21,True,True,WF-022,Bronze
C-003785,Mumbai,400053,M,18,2024-03-12,False,False,WF-006,Bronze
C-003786,Nashik,422001,M,46,2023-05-24,False,False,WF-027,Bronze
C-003787,Navi Mumbai,400706,M,48,2023-05-16,False,False,WF-025,Bronze
C-003788,Mumbai,400080,M,35,2024-11-21,False,False,WF-012,Bronze
C-003789,Mumbai,400092,M,59,2026-04-10,False,False,WF-011,Silver
C-003790,Mumbai,400076,M,38,2024-02-11,False,False,WF-003,Bronze
C-003791,Thane,400607,F,21,2025-11-05,False,False,WF-021,Platinum
C-003792,Mumbai,400072,F,34,2023-09-05,False,False,WF-001,Gold
C-003793,Mumbai,400058,F,36,2025-12-26,True,False,WF-011,Bronze
C-003794,Bengaluru,560034,M,18,2024-01-28,False,False,WF-029,Silver
C-003795,Nashik,422005,M,19,2023-11-20,False,False,WF-026,Silver
C-003796,Pune,411045,M,52,2024-10-26,False,False,WF-013,Silver
C-003797,Thane,400607,Other,42,2026-02-08,False,False,WF-019,Silver
C-003798,Mumbai,400058,F,23,2024-06-28,True,False,WF-005,Bronze
C-003799,Bengaluru,560001,F,41,2023-07-08,False,False,WF-029,Gold
C-003800,Thane,400610,M,53,2025-08-16,False,False,WF-022,Silver
C-003801,Mumbai,400092,F,39,2024-10-07,True,True,WF-010,Silver
C-003802,Bengaluru,560001,F,43,2024-12-02,False,False,WF-029,Silver
C-003803,Mumbai,400097,M,18,2025-07-31,False,False,WF-007,Bronze
C-003804,Nashik,422005,M,19,2026-01-31,False,False,WF-027,Silver
C-003805,Mumbai,400050,F,56,2024-06-21,True,False,WF-008,Gold
C-003806,Mumbai,400064,F,44,2023-10-18,False,False,WF-001,Silver
C-003807,Goa,403001,F,44,2023-09-16,False,False,WF-028,Bronze
C-003808,Bengaluru,560001,M,45,2023-05-12,False,False,WF-029,Bronze
C-003809,Goa,403001,F,24,2024-01-11,False,False,WF-028,Bronze
C-003810,Thane,400610,M,29,2024-05-18,False,False,WF-019,Bronze
C-003811,Mumbai,400053,M,37,2024-06-27,False,True,WF-001,Gold
C-003812,Mumbai,400092,M,29,2023-09-23,False,False,WF-009,Bronze
C-003813,Mumbai,400092,F,25,2023-05-08,False,False,WF-007,Gold
C-003814,Mumbai,400064,M,46,2023-12-06,False,False,WF-005,Bronze
C-003815,Mumbai,400086,F,27,2024-01-16,False,False,WF-001,Silver
C-003816,Pune,411001,F,31,2024-09-16,False,False,WF-015,Bronze
C-003817,Mumbai,400058,M,26,2024-10-24,True,False,WF-010,Bronze
C-003818,Navi Mumbai,400703,M,18,2025-02-20,False,False,WF-024,Gold
C-003819,Navi Mumbai,400706,F,49,2023-11-13,False,False,WF-025,Bronze
C-003820,Thane,400610,M,30,2025-10-22,False,False,WF-021,Bronze
C-003821,Pune,411021,F,38,2023-06-18,False,False,WF-014,Bronze
C-003822,Pune,411004,M,30,2025-12-03,False,False,WF-013,Bronze
C-003823,Mumbai,400072,F,43,2025-10-27,True,False,WF-006,Bronze
C-003824,Pune,411045,F,23,2024-06-13,False,False,WF-013,Silver
C-003825,Mumbai,400064,F,48,2026-01-23,False,False,WF-001,Gold
C-003826,Goa,403001,M,40,2025-10-10,False,False,WF-028,Bronze
C-003827,Mumbai,400064,M,57,2024-02-04,False,False,WF-006,Bronze
C-003828,Mumbai,400092,F,39,2023-12-19,False,True,WF-010,Silver
C-003829,Navi Mumbai,400706,M,40,2023-05-30,False,False,WF-023,Bronze
C-003830,Bengaluru,560001,F,22,2023-05-28,False,False,WF-029,Silver
C-003831,Mumbai,400069,M,29,2023-10-03,False,False,WF-002,Gold
C-003832,Navi Mumbai,400709,M,18,2025-11-08,False,False,WF-024,Bronze
C-003833,Mumbai,400097,M,44,2025-05-07,False,False,WF-002,Silver
C-003834,Nashik,422005,F,43,2026-03-23,False,False,WF-026,Bronze
C-003835,Thane,400607,F,32,2024-02-01,False,False,WF-019,Gold
C-003836,Thane,400610,M,34,2023-11-06,False,True,WF-020,Bronze
C-003837,Mumbai,400097,M,60,2024-12-09,False,False,WF-007,Bronze
C-003838,Nashik,422005,F,20,2023-08-28,False,False,WF-027,Bronze
C-003839,Bengaluru,560001,M,45,2025-01-18,False,False,WF-030,Silver
C-003840,Bengaluru,560001,M,28,2024-12-26,False,False,WF-030,Bronze
C-003841,Navi Mumbai,400703,M,31,2025-02-28,False,False,WF-023,Gold
C-003842,Navi Mumbai,400703,F,53,2023-07-28,False,False,WF-024,Gold
C-003843,Pune,411014,M,49,2023-09-14,True,False,WF-016,Bronze
C-003844,Thane,400601,M,39,2026-01-06,False,False,WF-021,Bronze
C-003845,Bengaluru,560034,F,43,2024-10-21,False,False,WF-029,Bronze
C-003846,Pune,411001,M,44,2024-03-21,False,True,WF-017,Bronze
C-003847,Mumbai,400001,M,30,2024-10-28,False,True,WF-009,Platinum
C-003848,Mumbai,400050,M,34,2024-09-22,False,False,WF-011,Bronze
C-003849,Goa,403001,F,54,2024-02-04,True,False,WF-028,Bronze
C-003850,Pune,411004,M,44,2025-01-01,False,False,WF-015,Silver
C-003851,Goa,403001,M,47,2025-01-23,False,True,WF-028,Bronze
C-003852,Bengaluru,560001,M,18,2024-11-05,False,False,WF-030,Gold
C-003853,Mumbai,400092,F,44,2026-02-19,False,False,WF-012,Silver
C-003854,Mumbai,400053,M,18,2024-01-15,False,False,WF-012,Bronze
C-003855,Mumbai,400053,M,36,2025-01-14,False,False,WF-008,Silver
C-003856,Mumbai,400076,F,55,2026-02-17,False,False,WF-006,Bronze
C-003857,Mumbai,400053,F,18,2025-07-01,True,False,WF-002,Silver
C-003858,Thane,400607,M,33,2024-07-15,False,False,WF-021,Silver
C-003859,Goa,403001,M,45,2024-02-09,False,False,WF-028,Silver
C-003860,Thane,400601,F,28,2023-12-25,False,False,WF-022,Bronze
C-003861,Pune,411021,M,18,2024-05-20,False,False,WF-017,Silver
C-003862,Pune,411021,F,41,2023-08-08,True,False,WF-015,Bronze
C-003863,Thane,400607,M,51,2025-03-26,False,False,WF-020,Bronze
C-003864,Goa,403001,F,18,2024-02-26,False,False,WF-028,Gold
C-003865,Mumbai,400086,F,60,2025-08-31,False,False,WF-002,Gold
C-003866,Mumbai,400097,M,55,2023-11-02,True,False,WF-008,Silver
C-003867,Pune,411004,M,43,2023-11-16,False,False,WF-013,Gold
C-003868,Thane,400610,F,29,2024-11-09,True,False,WF-019,Bronze
C-003869,Nashik,422001,M,18,2023-11-23,True,False,WF-027,Silver
C-003870,Thane,400610,F,64,2024-12-08,False,False,WF-021,Bronze
C-003871,Pune,411038,F,40,2025-03-01,False,False,WF-017,Silver
C-003872,Navi Mumbai,400709,M,23,2026-04-04,False,False,WF-025,Bronze
C-003873,Pune,411004,M,21,2023-07-30,False,False,WF-015,Silver
C-003874,Thane,400610,M,32,2024-05-15,False,False,WF-021,Gold
C-003875,Navi Mumbai,400709,M,42,2024-07-17,True,False,WF-024,Silver
C-003876,Mumbai,400058,F,34,2023-08-31,False,False,WF-010,Bronze
C-003877,Bengaluru,560001,M,39,2025-05-29,True,False,WF-029,Silver
C-003878,Pune,411045,F,43,2023-12-28,False,False,WF-013,Bronze
C-003879,Mumbai,400076,F,32,2024-01-10,False,False,WF-005,Bronze
C-003880,Navi Mumbai,400709,F,42,2024-01-19,False,False,WF-025,Silver
C-003881,Mumbai,400058,M,37,2023-06-05,False,False,WF-008,Bronze
C-003882,Bengaluru,560034,F,50,2023-06-21,False,False,WF-029,Bronze
C-003883,Thane,400602,M,39,2024-01-23,False,False,WF-020,Bronze
C-003884,Pune,411014,F,32,2025-03-01,False,False,WF-014,Gold
C-003885,Nashik,422005,F,55,2025-12-20,False,False,WF-027,Gold
C-003886,Nashik,422005,F,34,2024-02-03,False,False,WF-026,Bronze
C-003887,Goa,403001,F,38,2025-10-31,False,False,WF-028,Silver
C-003888,Pune,411038,M,41,2024-06-21,True,True,WF-018,Bronze
C-003889,Bengaluru,560001,M,41,2024-06-08,True,True,WF-030,Silver
C-003890,Navi Mumbai,400706,M,61,2023-09-23,True,False,WF-023,Bronze
C-003891,Bengaluru,560034,M,47,2025-03-19,False,False,WF-030,Bronze
C-003892,Thane,400610,M,34,2024-06-29,False,False,WF-021,Bronze
C-003893,Mumbai,400001,M,24,2023-11-14,False,False,WF-011,Bronze
C-003894,Bengaluru,560034,M,32,2023-12-09,False,False,WF-029,Gold
C-003895,Goa,403001,M,53,2023-07-29,False,False,WF-028,Silver
C-003896,Pune,411038,M,43,2024-03-21,False,False,WF-014,Bronze
C-003897,Nashik,422005,F,29,2023-10-01,False,False,WF-027,Gold
C-003898,Mumbai,400076,M,59,2023-11-11,False,False,WF-010,Silver
C-003899,Thane,400602,F,36,2024-01-26,False,False,WF-019,Platinum
C-003900,Pune,411014,M,34,2025-07-06,False,False,WF-018,Silver
C-003901,Thane,400610,M,59,2026-02-11,False,False,WF-022,Silver
C-003902,Mumbai,400076,F,59,2024-05-12,False,False,WF-004,Silver
C-003903,Mumbai,400069,F,19,2025-02-18,False,False,WF-009,Platinum
C-003904,Pune,411038,M,52,2025-10-24,False,False,WF-015,Bronze
C-003905,Mumbai,400001,M,22,2025-08-22,True,False,WF-006,Bronze
C-003906,Thane,400601,F,32,2025-01-29,False,False,WF-022,Bronze
C-003907,Pune,411021,M,32,2026-03-10,False,False,WF-015,Silver
C-003908,Nashik,422005,M,21,2025-12-21,False,False,WF-026,Silver
C-003909,Thane,400607,F,62,2023-05-07,False,False,WF-022,Bronze
C-003910,Pune,411021,F,39,2025-03-04,True,False,WF-017,Bronze
C-003911,Navi Mumbai,400706,F,50,2023-11-23,False,False,WF-025,Bronze
C-003912,Pune,411014,M,56,2025-07-01,False,False,WF-015,Bronze
C-003913,Nashik,422005,M,34,2023-10-10,False,False,WF-026,Gold
C-003914,Nashik,422001,M,43,2025-07-30,False,False,WF-026,Bronze
C-003915,Navi Mumbai,400709,M,41,2023-10-22,False,False,WF-024,Gold
C-003916,Pune,411021,M,46,2023-10-17,False,False,WF-014,Bronze
C-003917,Mumbai,400050,M,43,2025-12-11,False,False,WF-010,Bronze
C-003918,Mumbai,400064,F,30,2025-07-19,False,False,WF-012,Bronze
C-003919,Bengaluru,560001,F,54,2026-03-16,False,False,WF-030,Bronze
C-003920,Navi Mumbai,400706,M,34,2023-10-14,False,False,WF-024,Gold
C-003921,Nashik,422005,M,43,2024-01-24,False,False,WF-026,Bronze
C-003922,Mumbai,400097,M,37,2024-02-08,True,True,WF-005,Bronze
C-003923,Bengaluru,560034,M,18,2023-09-11,False,True,WF-029,Bronze
C-003924,Nashik,422005,M,47,2024-07-31,False,False,WF-027,Silver
C-003925,Pune,411038,F,56,2023-11-07,False,False,WF-018,Silver
C-003926,Thane,400602,M,52,2024-01-16,True,False,WF-022,Silver
C-003927,Mumbai,400053,F,27,2024-09-22,False,False,WF-005,Silver
C-003928,Thane,400610,M,30,2024-07-29,False,False,WF-021,Platinum
C-003929,Nashik,422005,M,42,2023-08-22,False,False,WF-026,Bronze
C-003930,Pune,411001,M,18,2025-07-16,False,False,WF-017,Bronze
C-003931,Navi Mumbai,400709,M,41,2023-06-05,False,False,WF-025,Gold
C-003932,Mumbai,400097,M,42,2025-03-11,True,False,WF-001,Silver
C-003933,Mumbai,400080,F,25,2024-12-04,False,False,WF-006,Bronze
C-003934,Mumbai,400072,M,38,2025-11-07,False,False,WF-012,Gold
C-003935,Mumbai,400076,F,62,2023-10-28,False,True,WF-012,Silver
C-003936,Bengaluru,560001,M,33,2025-07-11,False,False,WF-029,Bronze
C-003937,Thane,400601,Other,43,2025-03-24,False,False,WF-020,Gold
C-003938,Nashik,422001,M,46,2024-08-13,False,False,WF-026,Silver
C-003939,Mumbai,400053,M,19,2024-03-24,False,False,WF-005,Silver
C-003940,Bengaluru,560034,F,49,2024-07-17,False,False,WF-029,Silver
C-003941,Goa,403001,F,24,2024-01-31,False,False,WF-028,Bronze
C-003942,Mumbai,400058,M,21,2023-09-22,False,False,WF-008,Silver
C-003943,Goa,403001,M,35,2024-10-27,False,False,WF-028,Gold
C-003944,Mumbai,400097,F,44,2025-11-05,False,False,WF-010,Silver
C-003945,Navi Mumbai,400703,M,55,2024-02-14,False,True,WF-023,Silver
C-003946,Mumbai,400069,F,59,2024-01-04,False,False,WF-001,Bronze
C-003947,Navi Mumbai,400706,M,19,2023-06-12,False,False,WF-025,Silver
C-003948,Bengaluru,560034,F,44,2025-03-28,False,False,WF-029,Bronze
C-003949,Mumbai,400080,M,27,2023-10-14,False,False,WF-009,Silver
C-003950,Bengaluru,560001,M,32,2023-08-03,False,False,WF-030,Bronze
C-003951,Navi Mumbai,400706,F,37,2026-03-18,False,False,WF-024,Bronze
C-003952,Pune,411021,M,55,2026-01-12,False,False,WF-013,Bronze
C-003953,Mumbai,400050,F,33,2023-09-06,False,False,WF-008,Bronze
C-003954,Navi Mumbai,400703,F,48,2025-03-08,False,False,WF-023,Bronze
C-003955,Mumbai,400069,M,44,2024-06-05,False,False,WF-011,Platinum
C-003956,Navi Mumbai,400706,M,34,2025-07-06,False,False,WF-024,Silver
C-003957,Nashik,422005,F,49,2023-06-22,False,False,WF-027,Bronze
C-003958,Mumbai,400069,M,43,2023-12-29,False,False,WF-009,Gold
C-003959,Mumbai,400058,F,18,2025-01-13,False,False,WF-010,Bronze
C-003960,Mumbai,400064,M,44,2023-12-17,False,False,WF-004,Silver
C-003961,Pune,411021,F,21,2025-03-05,False,False,WF-017,Bronze
C-003962,Bengaluru,560001,M,18,2025-11-26,False,False,WF-030,Bronze
C-003963,Mumbai,400064,F,44,2024-09-14,False,False,WF-008,Silver
C-003964,Mumbai,400050,M,18,2024-10-13,False,False,WF-006,Gold
C-003965,Nashik,422005,F,45,2023-10-21,False,False,WF-027,Bronze
C-003966,Mumbai,400086,F,36,2024-02-03,True,False,WF-006,Bronze
C-003967,Mumbai,400058,M,26,2023-11-03,False,True,WF-008,Bronze
C-003968,Pune,411045,F,47,2023-05-12,False,False,WF-014,Silver
C-003969,Pune,411045,M,24,2025-05-13,True,False,WF-017,Silver
C-003970,Thane,400601,M,55,2024-03-23,False,True,WF-022,Gold
C-003971,Thane,400602,M,28,2025-08-04,False,False,WF-019,Bronze
C-003972,Mumbai,400069,M,27,2023-10-18,False,False,WF-002,Bronze
C-003973,Mumbai,400053,M,21,2025-04-11,True,False,WF-012,Bronze
C-003974,Nashik,422001,M,45,2025-03-29,True,False,WF-026,Gold
C-003975,Nashik,422001,M,38,2023-12-30,False,False,WF-026,Silver
C-003976,Pune,411021,M,42,2026-01-06,False,False,WF-013,Bronze
C-003977,Mumbai,400064,F,18,2023-08-06,False,False,WF-001,Bronze
C-003978,Mumbai,400001,F,23,2024-11-04,True,False,WF-012,Bronze
C-003979,Mumbai,400097,F,23,2026-02-17,False,False,WF-011,Platinum
C-003980,Pune,411014,M,18,2026-02-15,False,False,WF-013,Bronze
C-003981,Goa,403001,F,36,2024-01-26,False,False,WF-028,Bronze
C-003982,Bengaluru,560034,F,42,2025-09-12,False,False,WF-029,Bronze
C-003983,Mumbai,400053,M,40,2025-03-29,False,False,WF-006,Silver
C-003984,Mumbai,400064,F,30,2024-01-14,False,False,WF-006,Silver
C-003985,Mumbai,400064,M,36,2023-11-19,False,False,WF-006,Silver
C-003986,Mumbai,400092,M,50,2025-02-16,False,False,WF-012,Platinum
C-003987,Goa,403001,M,30,2026-04-26,False,True,WF-028,Silver
C-003988,Pune,411004,M,18,2023-09-14,False,False,WF-014,Silver
C-003989,Mumbai,400001,M,38,2023-11-30,False,False,WF-012,Silver
C-003990,Goa,403001,M,39,2025-06-08,False,False,WF-028,Gold
C-003991,Bengaluru,560001,F,36,2023-08-16,False,False,WF-029,Bronze
C-003992,Mumbai,400092,F,33,2023-08-31,False,False,WF-003,Silver
C-003993,Bengaluru,560034,F,34,2026-01-29,False,False,WF-030,Silver
C-003994,Navi Mumbai,400709,F,34,2025-05-11,False,False,WF-024,Gold
C-003995,Mumbai,400076,F,18,2024-01-22,False,False,WF-003,Bronze
C-003996,Mumbai,400086,M,21,2026-02-24,False,False,WF-007,Gold
C-003997,Navi Mumbai,400703,Other,51,2023-08-08,False,False,WF-024,Bronze
C-003998,Mumbai,400053,M,31,2024-08-27,False,False,WF-007,Silver
C-003999,Bengaluru,560034,F,33,2024-12-08,True,False,WF-030,Silver
C-004000,Navi Mumbai,400703,M,23,2025-05-20,True,False,WF-023,Bronze
C-004001,Pune,411021,M,44,2024-05-26,False,False,WF-013,Gold
C-004002,Pune,411045,M,22,2024-02-21,False,False,WF-014,Gold
C-004003,Bengaluru,560034,M,40,2023-10-09,False,False,WF-030,Silver
C-004004,Pune,411001,M,30,2025-06-13,False,False,WF-018,Gold
C-004005,Mumbai,400001,F,76,2024-06-04,False,False,WF-007,Gold
C-004006,Pune,411001,M,18,2023-06-08,False,False,WF-013,Bronze
C-004007,Mumbai,400080,M,40,2023-10-06,False,False,WF-002,Gold
C-004008,Pune,411038,M,37,2023-09-20,False,False,WF-017,Gold
C-004009,Thane,400610,M,39,2025-07-19,False,False,WF-020,Silver
C-004010,Goa,403001,F,26,2024-03-08,False,False,WF-028,Platinum
C-004011,Mumbai,400080,M,39,2023-12-02,False,False,WF-010,Bronze
C-004012,Mumbai,400086,M,34,2023-10-17,True,False,WF-002,Gold
C-004013,Bengaluru,560034,F,37,2023-11-05,True,False,WF-030,Bronze
C-004014,Goa,403001,F,64,2025-12-27,False,True,WF-028,Silver
C-004015,Pune,411021,M,31,2025-04-11,False,False,WF-014,Silver
C-004016,Navi Mumbai,400709,M,34,2025-06-18,False,False,WF-025,Silver
C-004017,Mumbai,400076,F,39,2024-03-27,False,False,WF-006,Bronze
C-004018,Nashik,422001,F,51,2025-12-11,False,False,WF-027,Bronze
C-004019,Thane,400610,F,37,2026-04-19,False,True,WF-020,Bronze
C-004020,Nashik,422001,F,49,2024-03-23,False,False,WF-026,Bronze
C-004021,Mumbai,400069,F,27,2025-01-16,False,False,WF-006,Silver
C-004022,Pune,411038,M,18,2024-03-12,False,False,WF-018,Silver
C-004023,Pune,411038,F,22,2023-11-10,False,False,WF-018,Bronze
C-004024,Mumbai,400069,F,46,2023-12-15,False,False,WF-004,Gold
C-004025,Mumbai,400069,F,25,2024-12-17,False,False,WF-008,Bronze
C-004026,Nashik,422001,M,48,2023-11-28,False,False,WF-027,Silver
C-004027,Mumbai,400092,M,37,2023-05-10,True,False,WF-005,Bronze
C-004028,Pune,411001,M,18,2024-02-21,False,False,WF-016,Bronze
C-004029,Navi Mumbai,400709,F,54,2024-01-16,False,False,WF-023,Bronze
C-004030,Mumbai,400076,M,39,2024-01-21,True,False,WF-012,Bronze
C-004031,Mumbai,400076,F,48,2026-04-26,False,False,WF-006,Silver
C-004032,Goa,403001,M,46,2024-02-20,True,False,WF-028,Silver
C-004033,Pune,411038,M,29,2024-08-06,False,False,WF-015,Bronze
C-004034,Goa,403001,M,51,2024-02-26,False,False,WF-028,Bronze
C-004035,Thane,400607,F,18,2024-07-17,False,True,WF-021,Bronze
C-004036,Pune,411014,M,18,2023-06-05,False,False,WF-013,Bronze
C-004037,Mumbai,400072,M,38,2025-08-01,False,False,WF-003,Bronze
C-004038,Navi Mumbai,400703,M,39,2024-10-04,True,False,WF-025,Silver
C-004039,Thane,400602,M,33,2023-06-17,True,False,WF-019,Bronze
C-004040,Pune,411001,Other,44,2023-08-22,False,False,WF-013,Platinum
C-004041,Bengaluru,560001,M,30,2025-12-09,False,False,WF-029,Bronze
C-004042,Bengaluru,560001,M,19,2024-11-26,False,False,WF-029,Bronze
C-004043,Mumbai,400064,F,41,2023-09-01,False,False,WF-010,Bronze
C-004044,Goa,403001,F,52,2023-11-11,False,True,WF-028,Gold
C-004045,Pune,411004,M,18,2023-12-05,False,False,WF-014,Silver
C-004046,Mumbai,400086,M,41,2026-01-09,False,False,WF-003,Silver
C-004047,Thane,400601,F,19,2023-07-22,False,False,WF-021,Bronze
C-004048,Navi Mumbai,400706,Other,40,2023-08-10,False,False,WF-023,Bronze
C-004049,Mumbai,400092,M,18,2023-09-21,False,False,WF-010,Platinum
C-004050,Pune,411038,M,18,2023-07-31,False,True,WF-014,Bronze
C-004051,Navi Mumbai,400703,F,18,2025-10-22,True,True,WF-024,Bronze
C-004052,Pune,411021,F,46,2024-03-18,False,False,WF-014,Bronze
C-004053,Bengaluru,560001,M,43,2024-09-17,False,False,WF-030,Gold
C-004054,Mumbai,400064,M,54,2026-01-09,False,False,WF-002,Platinum
C-004055,Thane,400601,F,48,2023-07-19,True,False,WF-020,Gold
C-004056,Mumbai,400080,M,26,2025-08-30,False,True,WF-002,Bronze
C-004057,Mumbai,400076,M,40,2025-12-08,False,False,WF-010,Silver
C-004058,Pune,411014,F,28,2023-05-10,False,False,WF-015,Bronze
C-004059,Mumbai,400053,M,21,2026-02-05,True,False,WF-006,Bronze
C-004060,Pune,411004,F,23,2024-02-20,False,True,WF-018,Bronze
C-004061,Thane,400602,M,37,2025-11-20,True,False,WF-020,Platinum
C-004062,Mumbai,400072,M,75,2025-10-20,True,False,WF-009,Gold
C-004063,Bengaluru,560034,F,41,2024-11-05,False,False,WF-030,Bronze
C-004064,Navi Mumbai,400703,F,21,2024-08-09,False,False,WF-024,Gold
C-004065,Thane,400601,M,18,2025-12-23,True,True,WF-020,Silver
C-004066,Mumbai,400097,F,24,2023-10-01,False,False,WF-002,Bronze
C-004067,Pune,411001,M,42,2024-10-02,False,False,WF-016,Bronze
C-004068,Pune,411004,F,43,2026-01-25,False,True,WF-018,Gold
C-004069,Mumbai,400092,M,35,2024-05-27,False,True,WF-004,Bronze
C-004070,Mumbai,400050,M,39,2025-02-07,False,False,WF-012,Silver
C-004071,Nashik,422001,M,32,2025-12-20,False,False,WF-027,Bronze
C-004072,Thane,400602,Other,37,2023-08-28,False,False,WF-021,Silver
C-004073,Pune,411045,F,42,2023-10-16,False,False,WF-015,Bronze
C-004074,Navi Mumbai,400703,M,44,2025-08-03,False,False,WF-023,Gold
C-004075,Goa,403001,M,34,2025-12-16,False,False,WF-028,Silver
C-004076,Mumbai,400097,Other,45,2023-10-24,False,False,WF-006,Silver
C-004077,Mumbai,400053,M,43,2023-07-06,False,False,WF-006,Silver
C-004078,Pune,411021,M,24,2025-06-17,False,False,WF-014,Bronze
C-004079,Bengaluru,560001,M,45,2024-01-04,False,False,WF-029,Silver
C-004080,Nashik,422005,M,33,2025-09-15,False,False,WF-027,Bronze
C-004081,Navi Mumbai,400709,F,18,2024-04-01,False,True,WF-025,Gold
C-004082,Navi Mumbai,400703,F,23,2025-09-11,False,False,WF-024,Silver
C-004083,Thane,400607,F,44,2025-09-22,False,False,WF-021,Silver
C-004084,Pune,411001,M,59,2023-11-05,False,False,WF-014,Silver
C-004085,Mumbai,400076,M,50,2025-08-02,False,False,WF-001,Bronze
C-004086,Mumbai,400001,M,60,2023-05-03,False,False,WF-006,Bronze
C-004087,Mumbai,400050,M,27,2026-04-16,False,False,WF-008,Bronze
C-004088,Mumbai,400086,M,65,2023-09-06,False,False,WF-010,Bronze
C-004089,Pune,411045,F,42,2025-07-09,False,False,WF-015,Gold
C-004090,Thane,400607,M,38,2024-02-28,False,False,WF-020,Gold
C-004091,Mumbai,400072,M,25,2023-12-27,False,False,WF-002,Bronze
C-004092,Mumbai,400080,F,23,2023-11-23,False,False,WF-008,Gold
C-004093,Navi Mumbai,400706,F,35,2025-07-11,True,False,WF-023,Silver
C-004094,Goa,403001,M,47,2025-09-20,False,False,WF-028,Bronze
C-004095,Mumbai,400053,M,20,2026-03-24,True,False,WF-003,Gold
C-004096,Pune,411001,M,27,2024-10-12,False,False,WF-015,Silver
C-004097,Pune,411004,M,32,2025-06-09,False,False,WF-014,Silver
C-004098,Mumbai,400076,F,18,2025-10-14,False,False,WF-008,Platinum
C-004099,Bengaluru,560001,F,49,2024-06-20,False,False,WF-030,Bronze
C-004100,Bengaluru,560034,M,33,2025-03-24,True,False,WF-030,Silver
C-004101,Mumbai,400072,M,61,2025-12-04,False,False,WF-001,Bronze
C-004102,Mumbai,400058,M,21,2025-02-24,False,False,WF-009,Bronze
C-004103,Thane,400602,F,46,2023-08-10,False,False,WF-021,Bronze
C-004104,Pune,411045,F,35,2023-11-26,False,False,WF-017,Gold
C-004105,Mumbai,400058,F,28,2023-08-09,False,False,WF-004,Bronze
C-004106,Mumbai,400064,M,38,2024-06-25,False,False,WF-005,Silver
C-004107,Mumbai,400058,M,22,2024-03-22,True,False,WF-006,Gold
C-004108,Mumbai,400097,F,53,2023-07-10,False,False,WF-003,Platinum
C-004109,Bengaluru,560001,M,40,2024-01-01,False,False,WF-029,Bronze
C-004110,Goa,403001,M,25,2026-03-24,False,True,WF-028,Silver
C-004111,Bengaluru,560001,F,34,2025-07-20,True,False,WF-030,Gold
C-004112,Bengaluru,560034,M,45,2024-02-02,False,False,WF-030,Bronze
C-004113,Navi Mumbai,400706,M,54,2024-10-15,False,False,WF-025,Gold
C-004114,Navi Mumbai,400703,F,65,2024-03-14,False,False,WF-024,Gold
C-004115,Mumbai,400058,M,53,2025-10-10,True,False,WF-007,Bronze
C-004116,Mumbai,400001,M,41,2023-08-24,False,True,WF-001,Bronze
C-004117,Mumbai,400080,F,58,2023-07-06,False,False,WF-002,Bronze
C-004118,Pune,411045,F,38,2025-05-17,False,False,WF-013,Bronze
C-004119,Bengaluru,560001,M,42,2024-03-03,False,False,WF-029,Bronze
C-004120,Mumbai,400053,F,33,2026-01-14,False,False,WF-008,Gold
C-004121,Goa,403001,M,29,2023-07-31,False,False,WF-028,Gold
C-004122,Pune,411001,M,29,2024-11-10,False,False,WF-013,Bronze
C-004123,Nashik,422005,F,41,2023-12-19,False,False,WF-027,Silver
C-004124,Navi Mumbai,400709,F,32,2026-02-01,False,False,WF-023,Bronze
C-004125,Goa,403001,F,34,2025-04-29,False,False,WF-028,Bronze
C-004126,Mumbai,400086,F,24,2024-07-21,False,False,WF-005,Silver
C-004127,Mumbai,400064,F,44,2025-02-05,False,True,WF-003,Silver
C-004128,Bengaluru,560001,F,25,2026-02-28,False,False,WF-029,Silver
C-004129,Goa,403001,M,18,2025-08-05,False,False,WF-028,Bronze
C-004130,Thane,400607,F,32,2025-05-18,False,False,WF-020,Silver
C-004131,Thane,400607,F,32,2023-05-30,False,False,WF-020,Silver
C-004132,Goa,403001,F,33,2025-11-27,True,False,WF-028,Bronze
C-004133,Mumbai,400076,F,28,2024-03-24,False,False,WF-007,Silver
C-004134,Nashik,422001,F,32,2023-10-02,False,False,WF-027,Bronze
C-004135,Pune,411014,M,57,2023-09-13,False,False,WF-018,Bronze
C-004136,Mumbai,400097,M,20,2025-07-31,False,False,WF-011,Silver
C-004137,Bengaluru,560034,Other,41,2025-11-08,False,False,WF-029,Silver
C-004138,Thane,400607,M,56,2024-03-02,False,False,WF-022,Silver
C-004139,Thane,400610,M,36,2024-09-26,False,False,WF-019,Bronze
C-004140,Pune,411021,M,29,2023-05-10,False,False,WF-017,Silver
C-004141,Mumbai,400058,Other,47,2023-06-24,False,False,WF-003,Gold
C-004142,Mumbai,400080,M,34,2025-07-19,False,False,WF-008,Silver
C-004143,Navi Mumbai,400703,M,61,2025-04-11,False,False,WF-023,Bronze
C-004144,Navi Mumbai,400706,F,58,2023-10-21,False,False,WF-025,Silver
C-004145,Navi Mumbai,400706,M,28,2023-05-07,False,False,WF-024,Silver
C-004146,Bengaluru,560034,M,19,2023-11-01,True,False,WF-029,Gold
C-004147,Mumbai,400076,M,48,2025-11-29,False,False,WF-007,Gold
C-004148,Navi Mumbai,400709,Other,24,2024-09-18,False,False,WF-025,Bronze
C-004149,Pune,411021,Other,53,2024-02-24,False,False,WF-017,Gold
C-004150,Mumbai,400076,M,36,2025-09-04,False,False,WF-004,Silver
C-004151,Nashik,422005,F,39,2024-03-31,False,False,WF-027,Silver
C-004152,Navi Mumbai,400703,M,28,2025-06-03,False,False,WF-023,Bronze
C-004153,Mumbai,400058,M,36,2026-01-16,False,False,WF-012,Bronze
C-004154,Goa,403001,F,39,2025-10-03,True,False,WF-028,Platinum
C-004155,Nashik,422001,F,19,2024-07-06,False,False,WF-026,Bronze
C-004156,Mumbai,400069,M,28,2024-10-29,False,False,WF-004,Bronze
C-004157,Nashik,422005,F,54,2023-11-28,False,False,WF-027,Silver
C-004158,Mumbai,400097,F,18,2024-03-15,False,False,WF-005,Bronze
C-004159,Goa,403001,F,18,2025-07-24,False,False,WF-028,Bronze
C-004160,Pune,411045,F,26,2024-11-07,False,False,WF-016,Bronze
C-004161,Mumbai,400069,F,39,2023-06-28,False,False,WF-010,Gold
C-004162,Mumbai,400064,M,32,2026-03-21,False,False,WF-002,Gold
C-004163,Mumbai,400064,F,52,2023-06-28,False,False,WF-009,Bronze
C-004164,Mumbai,400080,F,80,2023-12-21,False,False,WF-006,Bronze
C-004165,Thane,400607,M,18,2023-10-22,False,False,WF-019,Silver
C-004166,Mumbai,400053,F,38,2025-10-14,False,True,WF-001,Bronze
C-004167,Navi Mumbai,400709,F,47,2025-07-05,False,False,WF-025,Gold
C-004168,Pune,411001,M,18,2023-08-16,False,False,WF-016,Bronze
C-004169,Mumbai,400064,M,29,2024-06-10,True,False,WF-002,Silver
C-004170,Mumbai,400001,F,37,2026-01-03,False,False,WF-009,Bronze
C-004171,Navi Mumbai,400709,M,62,2025-10-21,False,False,WF-024,Silver
C-004172,Mumbai,400097,F,37,2024-01-16,False,False,WF-002,Silver
C-004173,Pune,411001,M,18,2023-10-21,False,False,WF-016,Silver
C-004174,Pune,411021,F,42,2023-08-09,True,False,WF-015,Silver
C-004175,Nashik,422005,M,48,2025-01-02,False,False,WF-027,Silver
C-004176,Mumbai,400050,M,41,2025-01-28,False,False,WF-004,Bronze
C-004177,Mumbai,400058,F,42,2025-05-04,True,False,WF-010,Bronze
C-004178,Goa,403001,M,41,2025-12-13,False,False,WF-028,Bronze
C-004179,Thane,400602,M,48,2023-08-15,False,False,WF-019,Bronze
C-004180,Pune,411021,M,47,2024-12-14,False,True,WF-014,Bronze
C-004181,Pune,411038,M,25,2024-11-02,False,False,WF-013,Silver
C-004182,Nashik,422001,F,42,2024-05-13,False,False,WF-026,Bronze
C-004183,Pune,411038,M,33,2025-08-30,False,False,WF-014,Bronze
C-004184,Pune,411001,F,36,2025-12-18,False,False,WF-017,Gold
C-004185,Mumbai,400058,M,39,2025-08-13,False,False,WF-010,Silver
C-004186,Goa,403001,M,36,2026-04-27,False,True,WF-028,Bronze
C-004187,Mumbai,400080,F,50,2025-06-16,False,False,WF-008,Bronze
C-004188,Mumbai,400097,M,43,2024-01-01,False,False,WF-003,Bronze
C-004189,Mumbai,400076,M,38,2024-01-15,False,False,WF-007,Bronze
C-004190,Pune,411045,M,38,2025-11-03,False,False,WF-014,Bronze
C-004191,Mumbai,400058,M,55,2023-06-06,False,False,WF-006,Silver
C-004192,Mumbai,400069,F,19,2026-01-06,False,False,WF-006,Platinum
C-004193,Bengaluru,560001,M,22,2024-11-15,False,False,WF-030,Gold
C-004194,Mumbai,400092,F,18,2023-07-17,False,False,WF-005,Bronze
C-004195,Bengaluru,560034,F,18,2025-03-21,True,False,WF-030,Silver
C-004196,Mumbai,400072,F,29,2024-09-11,True,False,WF-001,Bronze
C-004197,Nashik,422001,M,41,2024-10-16,False,False,WF-026,Silver
C-004198,Bengaluru,560001,F,44,2024-07-13,False,False,WF-030,Silver
C-004199,Mumbai,400064,M,31,2024-08-24,False,False,WF-004,Bronze
C-004200,Mumbai,400050,F,29,2025-05-24,False,False,WF-012,Bronze
C-004201,Thane,400607,F,40,2025-05-20,False,False,WF-020,Silver
C-004202,Mumbai,400053,M,34,2024-02-17,False,False,WF-002,Gold
C-004203,Mumbai,400097,M,37,2024-09-26,False,False,WF-001,Gold
C-004204,Mumbai,400097,M,37,2023-09-27,False,False,WF-001,Bronze
C-004205,Pune,411045,F,53,2023-12-02,False,False,WF-013,Bronze
C-004206,Goa,403001,F,44,2024-06-08,False,True,WF-028,Bronze
C-004207,Thane,400601,F,18,2024-01-01,False,True,WF-022,Silver
C-004208,Mumbai,400076,F,36,2024-03-25,False,False,WF-004,Silver
C-004209,Thane,400607,F,18,2025-06-13,False,False,WF-020,Bronze
C-004210,Nashik,422001,M,18,2026-03-09,False,False,WF-027,Silver
C-004211,Navi Mumbai,400706,F,50,2024-06-06,False,False,WF-025,Gold
C-004212,Mumbai,400050,F,33,2025-06-05,False,False,WF-008,Silver
C-004213,Navi Mumbai,400703,F,33,2025-06-04,True,False,WF-024,Gold
C-004214,Mumbai,400080,F,33,2023-12-22,False,False,WF-003,Bronze
C-004215,Nashik,422001,F,42,2024-12-12,True,False,WF-027,Bronze
C-004216,Mumbai,400053,F,36,2024-03-11,False,False,WF-007,Silver
C-004217,Nashik,422005,M,26,2023-08-09,False,False,WF-027,Silver
C-004218,Pune,411004,M,45,2025-08-10,False,False,WF-018,Bronze
C-004219,Navi Mumbai,400703,Other,25,2024-07-21,False,False,WF-023,Gold
C-004220,Nashik,422001,M,69,2023-07-30,False,False,WF-026,Silver
C-004221,Mumbai,400086,F,48,2025-05-11,False,False,WF-010,Gold
C-004222,Pune,411001,F,34,2025-03-25,False,False,WF-016,Silver
C-004223,Mumbai,400097,M,34,2024-02-16,False,False,WF-007,Gold
C-004224,Goa,403001,M,46,2023-09-14,True,False,WF-028,Bronze
C-004225,Pune,411014,F,32,2024-07-15,False,False,WF-016,Bronze
C-004226,Pune,411038,M,24,2024-11-08,True,False,WF-015,Bronze
C-004227,Goa,403001,F,32,2025-09-10,False,False,WF-028,Silver
C-004228,Mumbai,400053,F,38,2025-09-01,False,False,WF-006,Gold
C-004229,Mumbai,400053,M,54,2023-05-23,False,False,WF-012,Gold
C-004230,Thane,400602,M,18,2023-10-14,False,False,WF-021,Platinum
C-004231,Mumbai,400064,M,44,2024-08-16,False,False,WF-002,Silver
C-004232,Mumbai,400001,M,18,2025-05-09,False,True,WF-001,Silver
C-004233,Nashik,422001,M,21,2024-02-24,False,False,WF-026,Platinum
C-004234,Nashik,422001,F,35,2025-04-04,True,False,WF-027,Gold
C-004235,Thane,400602,M,52,2024-08-23,False,False,WF-019,Gold
C-004236,Mumbai,400092,F,40,2024-06-07,False,False,WF-001,Bronze
C-004237,Mumbai,400092,M,34,2025-07-06,False,False,WF-005,Bronze
C-004238,Thane,400602,M,25,2023-06-04,False,True,WF-019,Silver
C-004239,Bengaluru,560001,F,18,2026-01-11,False,False,WF-029,Silver
C-004240,Mumbai,400058,M,50,2024-01-23,False,False,WF-004,Bronze
C-004241,Mumbai,400072,F,30,2023-06-25,False,False,WF-008,Silver
C-004242,Thane,400607,F,44,2025-08-23,False,True,WF-020,Bronze
C-004243,Mumbai,400064,F,47,2023-11-12,False,True,WF-005,Silver
C-004244,Thane,400602,F,41,2025-09-10,False,False,WF-022,Bronze
C-004245,Thane,400610,F,34,2024-07-16,False,False,WF-019,Silver
C-004246,Mumbai,400097,F,30,2026-04-15,False,False,WF-006,Bronze
C-004247,Nashik,422001,M,48,2024-03-13,False,False,WF-027,Gold
C-004248,Thane,400602,M,20,2024-02-24,False,False,WF-019,Bronze
C-004249,Pune,411001,M,30,2023-09-20,True,False,WF-013,Bronze
C-004250,Mumbai,400053,M,19,2025-04-27,False,False,WF-009,Gold
C-004251,Mumbai,400086,M,45,2023-06-15,False,False,WF-010,Bronze
C-004252,Mumbai,400053,F,38,2025-07-10,False,False,WF-011,Silver
C-004253,Mumbai,400050,M,34,2025-04-10,True,False,WF-006,Silver
C-004254,Bengaluru,560001,M,22,2025-06-22,False,False,WF-030,Silver
C-004255,Bengaluru,560034,M,44,2023-06-14,False,False,WF-030,Bronze
C-004256,Bengaluru,560001,M,46,2023-06-28,True,False,WF-030,Bronze
C-004257,Mumbai,400086,M,40,2023-11-30,False,False,WF-001,Silver
C-004258,Mumbai,400069,F,23,2025-11-03,False,False,WF-007,Bronze
C-004259,Mumbai,400064,M,54,2025-10-20,False,False,WF-011,Silver
C-004260,Mumbai,400064,M,41,2025-09-30,False,False,WF-009,Silver
C-004261,Pune,411045,F,38,2024-07-25,False,True,WF-013,Gold
C-004262,Thane,400601,F,23,2025-06-13,False,False,WF-019,Silver
C-004263,Pune,411004,M,43,2026-01-31,False,False,WF-016,Bronze
C-004264,Mumbai,400080,M,32,2024-11-19,False,False,WF-006,Bronze
C-004265,Thane,400602,M,52,2026-04-28,False,False,WF-019,Bronze
C-004266,Thane,400601,F,56,2023-12-15,False,False,WF-020,Bronze
C-004267,Mumbai,400050,F,31,2026-04-14,False,True,WF-010,Gold
C-004268,Mumbai,400058,M,32,2023-07-25,False,False,WF-003,Silver
C-004269,Thane,400610,M,56,2024-08-05,False,False,WF-019,Silver
C-004270,Mumbai,400053,M,56,2024-09-13,False,False,WF-001,Silver
C-004271,Mumbai,400072,M,41,2024-05-01,False,False,WF-006,Bronze
C-004272,Mumbai,400080,F,18,2025-07-04,False,False,WF-002,Bronze
C-004273,Mumbai,400086,M,55,2025-05-17,False,False,WF-010,Bronze
C-004274,Pune,411045,M,20,2024-07-30,False,False,WF-014,Bronze
C-004275,Pune,411038,F,54,2026-03-20,False,False,WF-014,Bronze
C-004276,Bengaluru,560001,F,23,2024-07-25,False,False,WF-029,Bronze
C-004277,Pune,411038,M,34,2025-08-01,False,False,WF-014,Bronze
C-004278,Thane,400610,M,53,2025-06-09,True,False,WF-020,Silver
C-004279,Navi Mumbai,400706,F,41,2023-12-26,False,False,WF-023,Bronze
C-004280,Bengaluru,560001,F,32,2025-03-11,False,False,WF-029,Bronze
C-004281,Pune,411004,M,39,2024-11-09,False,False,WF-018,Silver
C-004282,Mumbai,400097,F,38,2024-02-26,False,False,WF-009,Gold
C-004283,Bengaluru,560001,F,48,2025-10-28,False,False,WF-030,Bronze
C-004284,Goa,403001,M,54,2023-12-30,False,False,WF-028,Bronze
C-004285,Goa,403001,M,39,2025-01-14,False,False,WF-028,Bronze
C-004286,Mumbai,400086,M,20,2023-11-18,False,False,WF-007,Bronze
C-004287,Mumbai,400069,M,18,2023-09-22,True,False,WF-009,Gold
C-004288,Mumbai,400058,M,55,2026-04-28,False,False,WF-008,Bronze
C-004289,Pune,411014,F,44,2025-07-25,False,False,WF-014,Bronze
C-004290,Bengaluru,560001,M,49,2025-06-26,False,True,WF-030,Silver
C-004291,Navi Mumbai,400709,F,27,2025-05-28,False,False,WF-025,Bronze
C-004292,Mumbai,400053,M,35,2026-02-24,False,False,WF-011,Bronze
C-004293,Mumbai,400097,F,34,2024-09-02,False,False,WF-009,Bronze
C-004294,Navi Mumbai,400706,M,48,2023-12-29,True,False,WF-024,Silver
C-004295,Mumbai,400086,F,39,2023-05-17,False,False,WF-005,Bronze
C-004296,Mumbai,400076,F,49,2024-05-07,False,False,WF-007,Platinum
C-004297,Mumbai,400097,M,59,2023-09-02,False,False,WF-012,Silver
C-004298,Bengaluru,560001,F,31,2023-10-18,False,False,WF-030,Gold
C-004299,Navi Mumbai,400709,M,19,2025-07-08,True,False,WF-023,Gold
C-004300,Bengaluru,560034,M,33,2024-06-18,False,False,WF-030,Bronze
C-004301,Pune,411014,M,36,2023-05-11,False,False,WF-018,Bronze
C-004302,Pune,411001,M,33,2023-08-08,False,False,WF-015,Bronze
C-004303,Pune,411045,M,27,2023-10-21,False,False,WF-014,Gold
C-004304,Bengaluru,560034,Other,28,2025-06-11,False,False,WF-030,Bronze
C-004305,Bengaluru,560034,F,25,2024-11-05,False,False,WF-029,Bronze
C-004306,Mumbai,400072,M,48,2025-05-15,False,False,WF-006,Gold
C-004307,Bengaluru,560001,M,37,2025-05-04,False,False,WF-030,Gold
C-004308,Mumbai,400097,M,37,2024-08-25,False,False,WF-007,Bronze
C-004309,Mumbai,400069,Other,28,2024-02-29,False,False,WF-002,Bronze
C-004310,Mumbai,400069,M,36,2023-11-11,False,False,WF-007,Silver
C-004311,Thane,400601,M,38,2025-07-12,False,False,WF-020,Silver
C-004312,Mumbai,400086,M,49,2026-03-07,False,False,WF-012,Bronze
C-004313,Bengaluru,560001,M,32,2025-04-21,True,False,WF-029,Silver
C-004314,Nashik,422001,F,41,2025-10-01,True,False,WF-027,Silver
C-004315,Navi Mumbai,400709,M,58,2023-08-14,False,False,WF-025,Silver
C-004316,Pune,411004,M,38,2023-09-08,False,True,WF-013,Silver
C-004317,Mumbai,400072,F,37,2025-01-31,False,False,WF-010,Silver
C-004318,Mumbai,400092,F,42,2025-07-26,False,False,WF-010,Bronze
C-004319,Mumbai,400097,F,40,2023-08-22,False,False,WF-007,Gold
C-004320,Pune,411045,F,46,2024-09-16,False,False,WF-014,Silver
C-004321,Pune,411045,M,36,2024-01-27,False,False,WF-014,Bronze
C-004322,Pune,411004,F,24,2025-12-07,False,False,WF-014,Gold
C-004323,Mumbai,400086,F,27,2023-12-24,False,False,WF-002,Bronze
C-004324,Mumbai,400076,F,18,2026-04-23,True,False,WF-004,Gold
C-004325,Mumbai,400092,M,34,2025-09-27,False,False,WF-012,Bronze
C-004326,Thane,400602,F,33,2024-11-28,False,False,WF-020,Gold
C-004327,Thane,400610,F,18,2025-06-16,False,False,WF-020,Bronze
C-004328,Pune,411021,F,29,2024-08-28,False,False,WF-014,Bronze
C-004329,Mumbai,400086,M,67,2025-03-11,False,False,WF-005,Silver
C-004330,Mumbai,400072,M,62,2024-08-07,False,False,WF-009,Bronze
C-004331,Mumbai,400086,F,32,2023-05-05,False,False,WF-007,Silver
C-004332,Mumbai,400069,M,34,2024-03-03,False,False,WF-006,Bronze
C-004333,Bengaluru,560034,M,45,2023-05-31,False,False,WF-030,Gold
C-004334,Navi Mumbai,400709,F,53,2023-07-03,False,False,WF-023,Gold
C-004335,Nashik,422005,M,37,2025-11-21,False,False,WF-026,Gold
C-004336,Bengaluru,560001,F,25,2026-01-22,False,False,WF-030,Silver
C-004337,Thane,400607,F,39,2025-06-22,False,False,WF-020,Gold
C-004338,Bengaluru,560034,M,29,2023-11-09,False,False,WF-029,Bronze
C-004339,Mumbai,400092,M,23,2023-12-24,False,False,WF-003,Bronze
C-004340,Thane,400610,M,33,2026-01-13,False,False,WF-020,Bronze
C-004341,Pune,411038,M,23,2023-07-26,False,False,WF-017,Platinum
C-004342,Navi Mumbai,400703,F,28,2023-07-07,False,False,WF-025,Bronze
C-004343,Pune,411038,F,31,2024-12-28,True,False,WF-016,Gold
C-004344,Mumbai,400072,F,32,2023-09-08,False,False,WF-008,Silver
C-004345,Thane,400602,M,53,2024-06-06,False,False,WF-022,Bronze
C-004346,Navi Mumbai,400706,M,48,2023-05-14,False,False,WF-023,Bronze
C-004347,Bengaluru,560001,F,53,2025-09-17,False,False,WF-030,Gold
C-004348,Mumbai,400050,M,48,2023-07-29,False,False,WF-008,Silver
C-004349,Bengaluru,560001,M,31,2024-01-08,False,False,WF-029,Bronze
C-004350,Nashik,422005,F,19,2025-03-15,False,False,WF-027,Silver
C-004351,Mumbai,400072,F,21,2025-07-03,False,False,WF-005,Silver
C-004352,Bengaluru,560001,M,18,2025-04-09,False,False,WF-029,Silver
C-004353,Nashik,422001,Other,28,2025-06-28,False,False,WF-026,Gold
C-004354,Pune,411001,F,47,2025-08-06,True,False,WF-017,Bronze
C-004355,Navi Mumbai,400706,M,21,2026-04-17,False,False,WF-025,Gold
C-004356,Goa,403001,Other,18,2024-05-27,True,False,WF-028,Gold
C-004357,Mumbai,400080,M,31,2024-05-25,False,False,WF-007,Bronze
C-004358,Bengaluru,560034,F,34,2025-07-13,False,False,WF-030,Bronze
C-004359,Mumbai,400064,F,30,2023-07-31,False,False,WF-008,Bronze
C-004360,Nashik,422005,F,28,2025-09-28,False,False,WF-027,Bronze
C-004361,Mumbai,400064,F,28,2026-01-20,False,False,WF-003,Silver
C-004362,Nashik,422005,F,45,2026-03-20,False,False,WF-026,Silver
C-004363,Mumbai,400069,M,23,2025-07-13,True,False,WF-012,Bronze
C-004364,Pune,411014,F,34,2025-07-07,False,False,WF-016,Gold
C-004365,Nashik,422005,M,50,2023-07-11,False,True,WF-027,Bronze
C-004366,Goa,403001,F,37,2023-08-12,False,False,WF-028,Silver
C-004367,Mumbai,400092,M,53,2025-08-22,False,False,WF-008,Bronze
C-004368,Mumbai,400076,F,18,2024-02-27,False,False,WF-007,Bronze
C-004369,Pune,411014,F,35,2025-05-07,False,False,WF-014,Bronze
C-004370,Mumbai,400072,M,30,2025-01-01,False,False,WF-007,Bronze
C-004371,Pune,411045,M,45,2024-12-09,False,True,WF-017,Bronze
C-004372,Bengaluru,560034,F,32,2023-12-30,False,False,WF-029,Silver
C-004373,Bengaluru,560001,M,47,2025-08-24,False,False,WF-030,Bronze
C-004374,Bengaluru,560001,F,34,2026-03-14,False,False,WF-029,Platinum
C-004375,Pune,411001,M,26,2023-06-21,False,False,WF-017,Bronze
C-004376,Pune,411021,M,32,2023-06-24,False,False,WF-016,Bronze
C-004377,Thane,400601,M,55,2024-07-03,False,False,WF-020,Silver
C-004378,Mumbai,400080,F,26,2026-03-05,False,False,WF-005,Platinum
C-004379,Mumbai,400058,M,42,2024-01-04,False,False,WF-001,Bronze
C-004380,Nashik,422005,F,55,2023-05-06,False,False,WF-027,Bronze
C-004381,Mumbai,400053,M,32,2024-02-11,False,False,WF-002,Silver
C-004382,Pune,411021,M,41,2026-02-27,False,True,WF-015,Silver
C-004383,Mumbai,400092,M,22,2024-12-27,False,False,WF-005,Silver
C-004384,Pune,411045,F,37,2023-10-17,False,False,WF-014,Silver
C-004385,Goa,403001,M,28,2024-08-03,False,False,WF-028,Gold
C-004386,Thane,400610,F,34,2024-10-29,False,False,WF-020,Silver
C-004387,Bengaluru,560001,M,52,2026-03-07,False,False,WF-030,Platinum
C-004388,Nashik,422005,M,58,2025-06-29,False,True,WF-027,Gold
C-004389,Mumbai,400053,M,45,2025-08-02,False,False,WF-001,Bronze
C-004390,Nashik,422005,F,45,2023-06-05,False,False,WF-027,Bronze
C-004391,Nashik,422005,F,51,2024-01-30,True,False,WF-026,Bronze
C-004392,Mumbai,400064,M,43,2023-06-25,False,False,WF-003,Silver
C-004393,Pune,411038,M,46,2025-11-30,False,False,WF-015,Bronze
C-004394,Nashik,422005,M,39,2024-07-16,False,False,WF-027,Bronze
C-004395,Navi Mumbai,400706,M,24,2024-03-17,False,False,WF-024,Bronze
C-004396,Pune,411001,M,50,2023-10-08,False,False,WF-017,Bronze
C-004397,Mumbai,400076,F,58,2024-04-01,False,False,WF-003,Bronze
C-004398,Mumbai,400064,M,24,2023-11-12,False,False,WF-002,Bronze
C-004399,Mumbai,400053,F,31,2025-04-09,False,False,WF-011,Silver
C-004400,Navi Mumbai,400703,M,18,2024-12-27,True,False,WF-025,Platinum
C-004401,Bengaluru,560001,F,66,2024-06-22,False,False,WF-030,Silver
C-004402,Mumbai,400097,M,19,2024-03-25,False,False,WF-003,Bronze
C-004403,Nashik,422005,F,33,2025-04-16,False,False,WF-026,Bronze
C-004404,Mumbai,400072,F,18,2023-06-25,True,False,WF-002,Bronze
C-004405,Mumbai,400080,M,37,2023-06-21,False,False,WF-010,Bronze
C-004406,Mumbai,400080,M,24,2026-04-27,False,False,WF-012,Bronze
C-004407,Bengaluru,560001,M,28,2024-03-11,False,False,WF-030,Silver
C-004408,Mumbai,400092,M,30,2025-11-01,False,False,WF-005,Bronze
C-004409,Pune,411045,F,18,2024-11-02,False,False,WF-017,Bronze
C-004410,Mumbai,400058,F,30,2023-08-13,False,False,WF-010,Platinum
C-004411,Nashik,422005,F,18,2023-08-10,False,False,WF-027,Bronze
C-004412,Mumbai,400076,F,18,2024-03-14,False,False,WF-003,Gold
C-004413,Navi Mumbai,400703,M,44,2024-08-07,False,False,WF-023,Bronze
C-004414,Mumbai,400058,M,37,2024-03-06,False,False,WF-011,Bronze
C-004415,Navi Mumbai,400703,M,55,2024-02-20,False,False,WF-023,Bronze
C-004416,Goa,403001,M,18,2024-06-23,False,False,WF-028,Bronze
C-004417,Mumbai,400064,F,59,2023-09-23,True,False,WF-004,Bronze
C-004418,Thane,400610,M,26,2025-07-13,False,False,WF-022,Silver
C-004419,Pune,411014,F,40,2026-03-21,False,False,WF-017,Silver
C-004420,Mumbai,400086,F,28,2025-11-03,True,False,WF-008,Bronze
C-004421,Mumbai,400053,M,32,2024-02-19,True,False,WF-002,Silver
C-004422,Pune,411045,F,25,2024-10-27,False,False,WF-017,Bronze
C-004423,Mumbai,400076,F,52,2024-12-29,False,False,WF-003,Silver
C-004424,Mumbai,400072,M,23,2024-10-13,True,False,WF-010,Silver
C-004425,Navi Mumbai,400709,F,57,2026-02-02,False,False,WF-025,Bronze
C-004426,Goa,403001,M,62,2025-05-27,False,False,WF-028,Bronze
C-004427,Mumbai,400053,M,43,2024-10-22,False,True,WF-009,Gold
C-004428,Mumbai,400080,M,45,2024-02-06,False,True,WF-011,Bronze
C-004429,Goa,403001,F,33,2023-05-04,False,False,WF-028,Silver
C-004430,Mumbai,400072,F,53,2025-12-28,False,True,WF-011,Silver
C-004431,Pune,411045,M,37,2026-01-26,False,False,WF-018,Bronze
C-004432,Pune,411004,F,35,2024-01-24,True,False,WF-016,Bronze
C-004433,Mumbai,400080,M,37,2023-11-19,False,False,WF-007,Platinum
C-004434,Goa,403001,F,38,2026-01-27,False,False,WF-028,Silver
C-004435,Bengaluru,560034,M,42,2024-06-01,False,True,WF-030,Bronze
C-004436,Mumbai,400050,F,37,2025-04-07,False,False,WF-002,Platinum
C-004437,Mumbai,400050,F,19,2024-07-20,False,False,WF-003,Gold
C-004438,Pune,411045,F,18,2025-07-13,False,False,WF-015,Silver
C-004439,Nashik,422005,F,52,2025-06-26,False,False,WF-026,Gold
C-004440,Bengaluru,560001,M,54,2023-08-18,False,False,WF-029,Gold
C-004441,Mumbai,400058,M,32,2023-08-04,False,False,WF-002,Bronze
C-004442,Pune,411004,F,42,2024-11-17,False,False,WF-013,Silver
C-004443,Mumbai,400058,M,36,2024-12-22,False,False,WF-003,Gold
C-004444,Navi Mumbai,400706,M,39,2026-03-20,False,True,WF-025,Bronze
C-004445,Pune,411014,M,24,2026-04-27,False,False,WF-017,Silver
C-004446,Thane,400610,M,40,2024-03-16,False,False,WF-019,Gold
C-004447,Mumbai,400001,M,50,2023-06-30,False,False,WF-002,Gold
C-004448,Mumbai,400058,F,31,2023-06-23,False,False,WF-009,Silver
C-004449,Pune,411001,F,44,2023-05-13,False,False,WF-018,Silver
C-004450,Mumbai,400092,F,37,2025-06-21,True,False,WF-008,Bronze
C-004451,Pune,411004,F,35,2025-08-22,True,False,WF-017,Silver
C-004452,Mumbai,400092,M,50,2023-11-16,False,False,WF-009,Silver
C-004453,Thane,400601,M,44,2023-12-12,True,False,WF-022,Bronze
C-004454,Thane,400607,M,22,2023-06-29,False,False,WF-020,Platinum
C-004455,Mumbai,400050,F,35,2024-05-18,True,False,WF-006,Silver
C-004456,Navi Mumbai,400709,F,36,2023-11-24,False,False,WF-024,Bronze
C-004457,Mumbai,400076,F,61,2026-04-23,False,False,WF-002,Bronze
C-004458,Navi Mumbai,400703,M,45,2023-11-19,False,False,WF-023,Bronze
C-004459,Navi Mumbai,400709,M,34,2023-08-20,True,False,WF-025,Bronze
C-004460,Pune,411001,F,40,2023-11-13,True,False,WF-014,Bronze
C-004461,Bengaluru,560034,Other,27,2025-08-18,False,False,WF-030,Silver
C-004462,Pune,411045,F,25,2023-07-16,False,False,WF-016,Bronze
C-004463,Mumbai,400001,M,62,2026-03-01,False,False,WF-011,Bronze
C-004464,Nashik,422005,M,34,2023-12-26,True,False,WF-026,Bronze
C-004465,Thane,400610,F,44,2025-03-30,False,False,WF-021,Silver
C-004466,Thane,400602,F,29,2023-07-23,False,False,WF-019,Silver
C-004467,Thane,400601,F,33,2026-01-05,False,False,WF-022,Silver
C-004468,Pune,411014,M,36,2025-02-03,False,False,WF-014,Silver
C-004469,Pune,411021,M,48,2024-06-12,False,False,WF-018,Platinum
C-004470,Mumbai,400080,M,26,2023-05-27,False,False,WF-001,Silver
C-004471,Thane,400602,M,43,2025-12-16,False,False,WF-021,Bronze
C-004472,Navi Mumbai,400703,F,48,2024-01-04,False,False,WF-023,Bronze
C-004473,Thane,400610,M,41,2023-10-22,True,False,WF-021,Gold
C-004474,Mumbai,400001,F,51,2025-08-22,True,False,WF-003,Bronze
C-004475,Mumbai,400001,M,41,2025-02-05,False,False,WF-010,Bronze
C-004476,Nashik,422001,M,43,2023-08-06,False,False,WF-027,Silver
C-004477,Bengaluru,560034,M,25,2024-06-19,True,False,WF-029,Bronze
C-004478,Mumbai,400072,F,35,2025-10-04,False,False,WF-003,Bronze
C-004479,Navi Mumbai,400703,F,43,2025-01-19,False,False,WF-024,Silver
C-004480,Mumbai,400053,M,21,2024-07-17,False,False,WF-009,Silver
C-004481,Thane,400607,M,20,2023-05-12,False,False,WF-020,Bronze
C-004482,Pune,411014,F,66,2026-01-18,False,False,WF-015,Silver
C-004483,Mumbai,400076,M,72,2025-02-05,False,False,WF-012,Bronze
C-004484,Nashik,422005,M,47,2024-09-28,False,False,WF-027,Silver
C-004485,Thane,400607,F,41,2025-05-22,False,False,WF-021,Bronze
C-004486,Pune,411014,M,33,2025-12-01,True,False,WF-018,Gold
C-004487,Navi Mumbai,400709,M,21,2023-06-06,False,False,WF-023,Silver
C-004488,Mumbai,400092,F,44,2024-09-08,False,False,WF-003,Platinum
C-004489,Pune,411038,M,43,2025-10-04,False,False,WF-017,Gold
C-004490,Navi Mumbai,400703,M,36,2025-03-25,False,False,WF-023,Bronze
C-004491,Bengaluru,560001,F,36,2026-02-24,True,False,WF-030,Bronze
C-004492,Mumbai,400050,M,38,2026-04-06,False,True,WF-007,Bronze
C-004493,Mumbai,400072,F,18,2024-02-02,False,False,WF-012,Bronze
C-004494,Pune,411004,F,36,2023-08-17,False,False,WF-013,Bronze
C-004495,Thane,400610,M,51,2023-07-11,False,False,WF-022,Gold
C-004496,Thane,400601,F,28,2024-01-26,True,False,WF-022,Silver
C-004497,Nashik,422005,M,54,2024-11-25,False,False,WF-027,Silver
C-004498,Goa,403001,F,20,2024-05-13,False,True,WF-028,Bronze
C-004499,Mumbai,400058,M,24,2024-08-14,True,False,WF-005,Gold
C-004500,Pune,411004,M,51,2025-11-08,False,True,WF-016,Gold
C-004501,Goa,403001,F,27,2024-08-22,False,False,WF-028,Bronze
C-004502,Bengaluru,560034,F,18,2025-05-06,False,False,WF-029,Bronze
C-004503,Pune,411014,F,33,2024-03-15,False,False,WF-017,Silver
C-004504,Thane,400607,F,41,2023-06-01,False,False,WF-020,Gold
C-004505,Thane,400602,M,35,2024-07-15,False,False,WF-020,Gold
C-004506,Goa,403001,F,29,2023-05-28,False,False,WF-028,Bronze
C-004507,Nashik,422001,M,41,2026-03-08,False,False,WF-027,Bronze
C-004508,Navi Mumbai,400709,M,38,2025-07-06,False,True,WF-023,Silver
C-004509,Mumbai,400086,F,35,2023-07-06,False,False,WF-005,Silver
C-004510,Mumbai,400072,M,47,2025-04-25,False,False,WF-001,Silver
C-004511,Nashik,422005,M,43,2024-05-30,False,False,WF-026,Gold
C-004512,Mumbai,400092,F,18,2024-01-29,False,False,WF-008,Bronze
C-004513,Goa,403001,F,51,2026-03-26,False,False,WF-028,Bronze
C-004514,Mumbai,400080,M,63,2023-08-21,True,False,WF-006,Bronze
C-004515,Pune,411021,M,34,2023-10-11,True,False,WF-018,Silver
C-004516,Pune,411038,M,29,2024-11-23,False,False,WF-016,Bronze
C-004517,Nashik,422001,M,44,2023-07-21,False,False,WF-026,Bronze
C-004518,Thane,400602,F,27,2024-07-22,False,False,WF-020,Gold
C-004519,Nashik,422005,F,44,2024-08-15,False,False,WF-026,Gold
C-004520,Nashik,422005,M,23,2024-12-16,True,False,WF-026,Gold
C-004521,Thane,400610,F,55,2024-03-24,False,False,WF-020,Gold
C-004522,Thane,400610,F,43,2025-05-13,False,False,WF-021,Silver
C-004523,Goa,403001,M,26,2023-05-07,False,False,WF-028,Bronze
C-004524,Bengaluru,560001,F,18,2023-10-20,False,False,WF-029,Bronze
C-004525,Mumbai,400086,M,18,2024-12-15,False,True,WF-005,Gold
C-004526,Mumbai,400069,Other,18,2025-04-10,True,False,WF-012,Bronze
C-004527,Mumbai,400086,M,35,2024-02-25,False,False,WF-002,Gold
C-004528,Mumbai,400072,F,48,2026-04-20,False,False,WF-009,Silver
C-004529,Pune,411004,F,33,2024-11-27,False,False,WF-013,Bronze
C-004530,Mumbai,400086,F,45,2025-07-20,False,False,WF-008,Bronze
C-004531,Navi Mumbai,400709,M,25,2026-02-08,False,False,WF-023,Platinum
C-004532,Mumbai,400072,M,46,2026-04-26,False,False,WF-002,Silver
C-004533,Mumbai,400064,M,19,2024-09-05,False,True,WF-004,Bronze
C-004534,Navi Mumbai,400709,F,42,2024-01-13,False,False,WF-025,Bronze
C-004535,Mumbai,400064,F,58,2024-06-09,False,True,WF-004,Silver
C-004536,Mumbai,400064,F,22,2026-04-26,False,True,WF-002,Silver
C-004537,Pune,411001,F,42,2025-07-02,False,False,WF-015,Bronze
C-004538,Bengaluru,560001,F,46,2026-04-17,False,False,WF-029,Bronze
C-004539,Pune,411021,F,45,2024-05-11,False,False,WF-014,Bronze
C-004540,Mumbai,400053,M,42,2024-05-15,False,False,WF-010,Bronze
C-004541,Pune,411004,F,21,2023-09-16,False,False,WF-016,Bronze
C-004542,Mumbai,400001,M,63,2025-09-04,False,True,WF-010,Bronze
C-004543,Mumbai,400080,F,53,2026-04-05,False,False,WF-007,Bronze
C-004544,Goa,403001,M,25,2023-12-29,True,False,WF-028,Gold
C-004545,Pune,411045,M,50,2026-01-10,False,False,WF-018,Silver
C-004546,Nashik,422005,M,28,2023-08-18,False,False,WF-026,Bronze
C-004547,Pune,411045,F,47,2023-07-11,True,False,WF-017,Gold
C-004548,Mumbai,400080,F,36,2023-08-23,False,False,WF-004,Bronze
C-004549,Mumbai,400064,F,47,2024-06-30,False,False,WF-001,Platinum
C-004550,Mumbai,400080,M,47,2025-12-01,False,False,WF-012,Bronze
C-004551,Goa,403001,F,54,2024-10-31,False,False,WF-028,Bronze
C-004552,Bengaluru,560001,M,32,2024-07-30,False,False,WF-030,Silver
C-004553,Pune,411045,F,31,2023-06-09,False,False,WF-013,Bronze
C-004554,Mumbai,400080,F,27,2023-11-02,True,False,WF-011,Silver
C-004555,Thane,400610,F,44,2024-11-17,False,False,WF-021,Bronze
C-004556,Goa,403001,M,42,2025-07-13,False,False,WF-028,Bronze
C-004557,Mumbai,400080,F,46,2024-03-11,False,False,WF-008,Gold
C-004558,Navi Mumbai,400706,F,31,2024-08-09,False,True,WF-023,Bronze
C-004559,Goa,403001,M,49,2025-07-22,False,False,WF-028,Silver
C-004560,Pune,411038,F,42,2023-10-07,False,False,WF-017,Bronze
C-004561,Mumbai,400097,M,32,2024-03-06,False,False,WF-010,Bronze
C-004562,Mumbai,400092,M,28,2025-07-13,False,False,WF-002,Bronze
C-004563,Bengaluru,560034,M,29,2025-03-17,False,False,WF-029,Silver
C-004564,Goa,403001,F,22,2023-12-01,False,False,WF-028,Silver
C-004565,Mumbai,400001,F,33,2024-02-04,True,False,WF-009,Silver
C-004566,Mumbai,400053,M,23,2025-05-08,True,False,WF-007,Bronze
C-004567,Mumbai,400053,F,40,2024-12-21,False,True,WF-002,Bronze
C-004568,Mumbai,400050,F,47,2025-09-03,False,False,WF-009,Silver
C-004569,Mumbai,400064,F,24,2025-02-15,False,False,WF-008,Bronze
C-004570,Mumbai,400076,M,57,2024-03-17,False,False,WF-002,Silver
C-004571,Bengaluru,560001,M,29,2024-06-16,False,False,WF-030,Bronze
C-004572,Mumbai,400050,M,24,2023-08-09,False,False,WF-009,Bronze
C-004573,Pune,411004,F,41,2024-03-27,False,False,WF-018,Silver
C-004574,Thane,400610,Other,50,2025-04-14,False,False,WF-021,Bronze
C-004575,Pune,411014,M,49,2025-12-09,False,True,WF-013,Bronze
C-004576,Mumbai,400072,F,30,2024-07-04,False,False,WF-005,Silver
C-004577,Bengaluru,560034,F,47,2026-03-25,False,False,WF-030,Silver
C-004578,Pune,411045,M,33,2024-10-29,False,False,WF-017,Gold
C-004579,Goa,403001,M,61,2024-01-15,False,False,WF-028,Bronze
C-004580,Navi Mumbai,400703,M,46,2023-05-25,True,False,WF-025,Silver
C-004581,Mumbai,400072,M,57,2023-11-28,False,False,WF-006,Bronze
C-004582,Navi Mumbai,400709,M,58,2024-09-09,False,False,WF-024,Silver
C-004583,Mumbai,400076,M,37,2025-03-25,False,False,WF-007,Bronze
C-004584,Bengaluru,560034,M,29,2023-07-24,True,False,WF-029,Silver
C-004585,Thane,400607,M,42,2024-01-08,True,True,WF-022,Gold
C-004586,Goa,403001,M,29,2025-09-17,False,False,WF-028,Silver
C-004587,Pune,411021,M,18,2025-11-13,False,False,WF-014,Bronze
C-004588,Mumbai,400001,M,18,2024-03-16,True,False,WF-001,Platinum
C-004589,Nashik,422001,F,49,2024-10-19,False,False,WF-027,Gold
C-004590,Mumbai,400058,M,19,2023-08-13,True,False,WF-006,Bronze
C-004591,Thane,400601,F,53,2025-01-04,False,False,WF-021,Silver
C-004592,Navi Mumbai,400709,F,50,2023-05-03,False,False,WF-023,Silver
C-004593,Bengaluru,560001,F,41,2024-12-17,False,True,WF-030,Bronze
C-004594,Mumbai,400064,F,34,2025-12-01,False,False,WF-012,Bronze
C-004595,Goa,403001,M,63,2023-06-23,False,False,WF-028,Bronze
C-004596,Mumbai,400092,F,24,2025-03-10,False,False,WF-009,Bronze
C-004597,Pune,411021,M,18,2025-03-17,True,False,WF-016,Platinum
C-004598,Navi Mumbai,400703,F,37,2025-10-01,False,False,WF-023,Silver
C-004599,Mumbai,400050,F,48,2025-03-10,False,False,WF-012,Bronze
C-004600,Thane,400610,F,62,2023-07-06,False,False,WF-022,Bronze
C-004601,Pune,411045,F,42,2024-05-23,True,False,WF-016,Gold
C-004602,Mumbai,400086,M,35,2023-09-03,False,False,WF-001,Silver
C-004603,Mumbai,400058,M,18,2025-08-28,False,False,WF-005,Silver
C-004604,Pune,411045,F,43,2023-05-13,False,False,WF-016,Gold
C-004605,Goa,403001,F,58,2024-06-18,False,True,WF-028,Bronze
C-004606,Thane,400610,M,49,2023-05-07,True,False,WF-021,Silver
C-004607,Mumbai,400001,F,55,2024-10-02,False,False,WF-009,Silver
C-004608,Mumbai,400076,F,24,2024-07-09,False,True,WF-007,Bronze
C-004609,Mumbai,400064,Other,49,2025-08-14,False,False,WF-002,Gold
C-004610,Thane,400607,F,27,2024-09-09,False,False,WF-021,Bronze
C-004611,Pune,411014,M,60,2025-11-06,False,False,WF-015,Bronze
C-004612,Navi Mumbai,400703,M,37,2025-06-23,False,True,WF-023,Silver
C-004613,Goa,403001,F,18,2023-10-30,False,False,WF-028,Bronze
C-004614,Mumbai,400053,F,18,2023-12-14,False,False,WF-012,Bronze
C-004615,Nashik,422001,F,45,2025-11-17,False,True,WF-027,Bronze
C-004616,Pune,411001,F,41,2025-07-07,False,False,WF-015,Silver
C-004617,Thane,400610,F,32,2025-11-29,False,False,WF-022,Platinum
C-004618,Mumbai,400072,M,32,2023-09-05,False,False,WF-012,Bronze
C-004619,Bengaluru,560001,F,55,2026-04-11,False,False,WF-029,Bronze
C-004620,Navi Mumbai,400703,F,36,2024-11-25,False,False,WF-023,Gold
C-004621,Mumbai,400076,M,76,2025-12-03,True,False,WF-001,Silver
C-004622,Thane,400602,F,53,2026-02-07,False,False,WF-022,Silver
C-004623,Mumbai,400080,F,61,2024-06-21,False,True,WF-012,Bronze
C-004624,Mumbai,400001,M,29,2025-04-17,False,False,WF-006,Bronze
C-004625,Mumbai,400080,M,60,2025-10-23,False,False,WF-002,Silver
C-004626,Navi Mumbai,400703,M,29,2024-10-19,False,True,WF-023,Gold
C-004627,Pune,411021,M,18,2025-02-16,False,False,WF-013,Gold
C-004628,Nashik,422005,F,40,2026-03-03,False,False,WF-026,Bronze
C-004629,Pune,411021,M,18,2024-01-27,False,False,WF-017,Gold
C-004630,Bengaluru,560034,M,41,2025-02-26,False,False,WF-030,Bronze
C-004631,Mumbai,400092,M,58,2024-05-17,False,False,WF-010,Silver
C-004632,Mumbai,400076,M,36,2026-04-26,True,False,WF-010,Silver
C-004633,Pune,411038,M,50,2024-07-27,True,False,WF-015,Gold
C-004634,Mumbai,400097,M,34,2023-11-07,False,False,WF-011,Bronze
C-004635,Pune,411045,F,42,2024-01-11,False,False,WF-014,Gold
C-004636,Pune,411014,M,50,2023-11-21,False,False,WF-015,Bronze
C-004637,Bengaluru,560034,F,30,2025-02-01,False,False,WF-030,Bronze
C-004638,Pune,411021,M,37,2025-09-12,True,False,WF-018,Bronze
C-004639,Mumbai,400092,F,80,2023-05-14,True,False,WF-003,Bronze
C-004640,Nashik,422005,F,42,2023-06-28,False,False,WF-026,Gold
C-004641,Mumbai,400097,M,61,2023-11-20,False,False,WF-001,Bronze
C-004642,Pune,411014,F,34,2025-11-01,False,False,WF-017,Bronze
C-004643,Mumbai,400080,F,55,2024-05-17,False,False,WF-002,Bronze
C-004644,Mumbai,400001,M,37,2025-01-17,False,False,WF-011,Silver
C-004645,Thane,400602,M,22,2025-06-20,False,False,WF-022,Bronze
C-004646,Mumbai,400001,M,19,2024-03-25,True,False,WF-007,Bronze
C-004647,Thane,400610,M,50,2023-06-25,True,False,WF-019,Silver
C-004648,Mumbai,400092,M,51,2023-11-18,False,False,WF-008,Silver
C-004649,Pune,411038,M,32,2023-07-31,False,False,WF-017,Bronze
C-004650,Mumbai,400076,F,55,2023-10-29,False,False,WF-010,Silver
C-004651,Pune,411021,M,20,2025-04-20,False,False,WF-016,Bronze
C-004652,Bengaluru,560034,M,34,2023-05-18,False,True,WF-029,Bronze
C-004653,Mumbai,400080,F,56,2024-10-01,False,False,WF-009,Bronze
C-004654,Thane,400607,M,61,2025-10-21,True,False,WF-021,Gold
C-004655,Pune,411021,F,42,2025-11-04,False,False,WF-015,Platinum
C-004656,Mumbai,400097,F,36,2023-08-07,False,False,WF-002,Bronze
C-004657,Mumbai,400069,M,18,2023-10-17,False,False,WF-006,Bronze
C-004658,Bengaluru,560001,F,19,2024-02-22,False,False,WF-029,Bronze
C-004659,Nashik,422001,F,20,2024-12-30,False,False,WF-027,Bronze
C-004660,Thane,400602,F,58,2023-07-04,True,False,WF-020,Silver
C-004661,Mumbai,400076,F,27,2026-03-01,False,False,WF-011,Silver
C-004662,Bengaluru,560001,M,55,2025-08-05,False,False,WF-030,Silver
C-004663,Mumbai,400092,F,54,2025-04-02,False,False,WF-003,Gold
C-004664,Mumbai,400080,M,66,2023-12-31,False,False,WF-005,Bronze
C-004665,Thane,400601,M,43,2025-06-04,False,False,WF-019,Bronze
C-004666,Mumbai,400050,M,36,2025-03-19,False,False,WF-012,Bronze
C-004667,Mumbai,400069,F,25,2024-03-08,False,False,WF-002,Bronze
C-004668,Bengaluru,560001,F,50,2023-07-23,False,False,WF-029,Gold
C-004669,Thane,400607,M,23,2023-09-11,False,False,WF-020,Silver
C-004670,Pune,411014,M,50,2023-07-01,False,False,WF-015,Gold
C-004671,Pune,411004,M,21,2024-01-10,False,False,WF-014,Bronze
C-004672,Mumbai,400086,F,19,2026-01-21,False,False,WF-003,Silver
C-004673,Pune,411045,M,22,2025-03-09,True,False,WF-018,Bronze
C-004674,Nashik,422001,M,24,2024-01-12,False,False,WF-027,Bronze
C-004675,Pune,411014,M,26,2023-06-03,False,False,WF-013,Bronze
C-004676,Pune,411021,M,26,2023-05-28,False,False,WF-014,Silver
C-004677,Mumbai,400064,M,32,2024-08-14,False,False,WF-009,Bronze
C-004678,Bengaluru,560001,M,50,2023-07-31,False,False,WF-029,Bronze
C-004679,Mumbai,400080,M,34,2023-10-19,True,False,WF-012,Bronze
C-004680,Nashik,422005,F,47,2025-01-08,False,False,WF-026,Silver
C-004681,Nashik,422005,F,30,2025-01-11,False,False,WF-027,Bronze
C-004682,Mumbai,400050,M,25,2024-12-05,False,False,WF-007,Bronze
C-004683,Navi Mumbai,400703,F,55,2025-07-21,True,False,WF-023,Silver
C-004684,Thane,400610,F,52,2024-12-17,False,False,WF-022,Bronze
C-004685,Mumbai,400053,F,52,2023-06-18,False,False,WF-009,Bronze
C-004686,Pune,411004,F,35,2024-07-18,False,False,WF-016,Silver
C-004687,Mumbai,400050,M,26,2023-11-30,True,False,WF-011,Gold
C-004688,Mumbai,400076,M,27,2024-10-03,False,False,WF-007,Platinum
C-004689,Nashik,422001,F,23,2023-06-05,False,False,WF-027,Bronze
C-004690,Pune,411004,M,48,2024-03-01,False,False,WF-015,Bronze
C-004691,Mumbai,400076,F,53,2025-10-19,False,False,WF-010,Bronze
C-004692,Pune,411038,F,48,2023-11-25,True,False,WF-018,Gold
C-004693,Pune,411001,M,31,2023-08-15,False,False,WF-015,Platinum
C-004694,Nashik,422005,M,45,2023-07-31,False,False,WF-027,Gold
C-004695,Goa,403001,M,80,2025-07-21,False,False,WF-028,Bronze
C-004696,Mumbai,400080,M,44,2024-02-19,False,False,WF-010,Silver
C-004697,Bengaluru,560034,F,18,2025-01-14,False,False,WF-030,Gold
C-004698,Navi Mumbai,400709,F,37,2025-03-11,True,False,WF-024,Bronze
C-004699,Mumbai,400050,M,61,2023-12-06,False,False,WF-002,Silver
C-004700,Nashik,422001,F,56,2024-08-26,False,False,WF-027,Bronze
C-004701,Mumbai,400086,M,61,2023-06-15,False,False,WF-008,Silver
C-004702,Mumbai,400092,F,41,2025-03-02,False,True,WF-008,Silver
C-004703,Navi Mumbai,400709,M,30,2023-05-06,False,False,WF-024,Silver
C-004704,Navi Mumbai,400709,F,18,2023-07-04,False,False,WF-025,Gold
C-004705,Thane,400601,F,29,2023-05-30,False,False,WF-020,Bronze
C-004706,Pune,411045,M,38,2025-07-14,True,False,WF-017,Silver
C-004707,Bengaluru,560034,M,28,2023-12-11,False,False,WF-030,Bronze
C-004708,Bengaluru,560034,M,26,2023-12-30,False,False,WF-029,Bronze
C-004709,Mumbai,400064,M,35,2026-03-27,False,False,WF-009,Bronze
C-004710,Thane,400607,M,24,2023-05-27,False,False,WF-021,Bronze
C-004711,Bengaluru,560034,F,31,2023-08-15,False,True,WF-030,Bronze
C-004712,Mumbai,400064,M,62,2025-02-04,False,False,WF-006,Bronze
C-004713,Pune,411045,M,28,2024-08-07,True,False,WF-017,Silver
C-004714,Pune,411014,M,42,2025-11-28,False,False,WF-018,Bronze
C-004715,Goa,403001,M,37,2024-11-05,False,False,WF-028,Bronze
C-004716,Goa,403001,F,30,2024-09-27,True,False,WF-028,Silver
C-004717,Mumbai,400050,F,38,2023-09-10,False,False,WF-009,Silver
C-004718,Mumbai,400064,M,68,2023-10-30,False,False,WF-005,Silver
C-004719,Bengaluru,560034,F,22,2025-10-02,True,False,WF-029,Silver
C-004720,Navi Mumbai,400703,M,47,2023-06-09,False,False,WF-025,Silver
C-004721,Mumbai,400072,F,66,2024-01-28,False,False,WF-004,Bronze
C-004722,Thane,400601,M,65,2025-07-13,False,False,WF-021,Bronze
C-004723,Thane,400602,F,57,2023-07-09,True,False,WF-021,Bronze
C-004724,Thane,400610,M,48,2025-12-22,False,False,WF-022,Bronze
C-004725,Thane,400610,M,42,2025-09-11,False,False,WF-021,Bronze
C-004726,Thane,400610,M,49,2025-05-11,False,False,WF-019,Bronze
C-004727,Pune,411021,F,30,2024-07-17,False,False,WF-016,Bronze
C-004728,Navi Mumbai,400703,F,56,2023-12-06,False,False,WF-024,Platinum
C-004729,Bengaluru,560034,M,27,2025-04-20,False,False,WF-029,Platinum
C-004730,Mumbai,400092,F,40,2024-02-22,False,False,WF-004,Gold
C-004731,Thane,400610,F,29,2023-06-05,False,False,WF-021,Bronze
C-004732,Mumbai,400050,F,44,2025-10-23,True,False,WF-004,Platinum
C-004733,Mumbai,400053,M,18,2025-12-01,False,False,WF-005,Bronze
C-004734,Nashik,422005,M,42,2025-05-16,True,False,WF-027,Gold
C-004735,Bengaluru,560034,F,27,2023-11-11,False,False,WF-029,Bronze
C-004736,Thane,400610,F,39,2025-05-03,False,False,WF-022,Silver
C-004737,Mumbai,400080,M,37,2024-10-22,False,False,WF-001,Bronze
C-004738,Mumbai,400058,F,50,2025-12-20,False,True,WF-012,Silver
C-004739,Thane,400602,M,34,2023-10-21,False,False,WF-021,Silver
C-004740,Pune,411038,F,33,2024-09-29,False,False,WF-013,Bronze
C-004741,Pune,411038,M,41,2025-11-03,False,False,WF-017,Silver
C-004742,Nashik,422005,M,24,2024-01-17,True,False,WF-026,Bronze
C-004743,Pune,411038,M,33,2023-10-07,False,False,WF-018,Gold
C-004744,Nashik,422001,M,44,2026-01-02,True,False,WF-026,Bronze
C-004745,Pune,411014,M,34,2023-11-10,False,False,WF-013,Gold
C-004746,Mumbai,400058,F,46,2025-12-12,False,False,WF-012,Gold
C-004747,Thane,400601,F,39,2024-03-15,False,False,WF-022,Gold
C-004748,Mumbai,400092,M,55,2025-03-13,False,False,WF-007,Bronze
C-004749,Pune,411004,M,44,2025-02-18,False,False,WF-014,Bronze
C-004750,Navi Mumbai,400709,F,18,2023-06-30,False,False,WF-024,Bronze
C-004751,Navi Mumbai,400703,F,46,2025-05-25,False,False,WF-023,Bronze
C-004752,Mumbai,400076,F,28,2024-11-01,False,False,WF-012,Bronze
C-004753,Navi Mumbai,400709,F,54,2026-01-28,False,False,WF-025,Bronze
C-004754,Mumbai,400092,F,24,2024-03-26,False,False,WF-004,Bronze
C-004755,Mumbai,400072,F,33,2023-08-24,False,False,WF-008,Bronze
C-004756,Mumbai,400086,F,33,2024-07-25,False,False,WF-010,Gold
C-004757,Bengaluru,560001,F,37,2025-10-07,True,False,WF-029,Bronze
C-004758,Thane,400610,F,49,2024-02-26,True,False,WF-019,Bronze
C-004759,Mumbai,400092,M,58,2025-04-09,False,False,WF-011,Bronze
C-004760,Pune,411004,M,32,2023-09-02,True,False,WF-013,Bronze
C-004761,Goa,403001,F,48,2024-07-28,True,True,WF-028,Silver
C-004762,Navi Mumbai,400703,Other,26,2025-06-23,False,False,WF-024,Gold
C-004763,Mumbai,400053,M,31,2025-07-11,False,False,WF-008,Bronze
C-004764,Mumbai,400080,M,48,2025-11-08,False,False,WF-006,Bronze
C-004765,Navi Mumbai,400703,F,29,2023-08-14,False,False,WF-023,Bronze
C-004766,Pune,411004,F,40,2024-11-23,False,False,WF-014,Bronze
C-004767,Pune,411038,M,35,2023-09-12,False,False,WF-013,Silver
C-004768,Mumbai,400080,F,44,2023-12-20,False,True,WF-002,Silver
C-004769,Navi Mumbai,400706,M,24,2024-12-05,False,False,WF-023,Bronze
C-004770,Mumbai,400064,M,45,2023-09-15,False,False,WF-001,Bronze
C-004771,Goa,403001,F,31,2026-04-08,True,False,WF-028,Silver
C-004772,Nashik,422001,F,36,2024-03-23,False,False,WF-027,Gold
C-004773,Thane,400602,F,32,2025-08-08,False,False,WF-022,Gold
C-004774,Mumbai,400086,M,42,2025-03-13,True,True,WF-007,Gold
C-004775,Nashik,422005,F,36,2025-07-25,False,False,WF-027,Bronze
C-004776,Mumbai,400080,F,54,2024-08-24,False,False,WF-003,Bronze
C-004777,Mumbai,400064,F,33,2025-08-23,False,False,WF-009,Bronze
C-004778,Thane,400607,F,62,2023-08-18,True,False,WF-021,Bronze
C-004779,Mumbai,400053,F,40,2024-02-03,False,False,WF-002,Silver
C-004780,Thane,400601,M,38,2025-01-07,False,False,WF-022,Gold
C-004781,Bengaluru,560001,F,30,2025-05-17,False,False,WF-030,Silver
C-004782,Mumbai,400097,M,50,2023-10-06,False,False,WF-011,Silver
C-004783,Mumbai,400092,F,20,2026-01-29,False,False,WF-002,Gold
C-004784,Pune,411038,F,33,2024-01-24,False,False,WF-015,Bronze
C-004785,Navi Mumbai,400706,F,27,2025-03-07,False,False,WF-024,Bronze
C-004786,Pune,411014,F,23,2025-07-27,False,False,WF-015,Platinum
C-004787,Goa,403001,F,48,2025-11-05,False,False,WF-028,Silver
C-004788,Navi Mumbai,400706,M,51,2025-07-13,True,False,WF-025,Bronze
C-004789,Thane,400602,F,31,2025-12-19,False,False,WF-022,Bronze
C-004790,Thane,400610,F,37,2024-12-17,False,False,WF-022,Bronze
C-004791,Navi Mumbai,400703,M,43,2024-01-29,False,True,WF-024,Bronze
C-004792,Nashik,422001,M,37,2025-01-13,False,False,WF-027,Bronze
C-004793,Bengaluru,560001,M,36,2025-01-25,False,False,WF-029,Silver
C-004794,Mumbai,400092,M,50,2023-06-04,False,True,WF-004,Silver
C-004795,Mumbai,400058,F,34,2025-03-19,False,False,WF-009,Bronze
C-004796,Thane,400601,M,51,2025-06-09,False,False,WF-021,Silver
C-004797,Pune,411004,F,58,2026-04-03,False,False,WF-016,Bronze
C-004798,Bengaluru,560034,M,18,2023-08-23,False,True,WF-030,Gold
C-004799,Bengaluru,560034,F,61,2023-08-16,False,True,WF-030,Gold
C-004800,Pune,411038,F,34,2025-10-15,False,False,WF-013,Silver
C-004801,Pune,411014,M,59,2025-05-31,False,False,WF-017,Bronze
C-004802,Bengaluru,560001,F,32,2023-07-24,False,False,WF-030,Silver
C-004803,Goa,403001,F,47,2026-02-13,False,False,WF-028,Silver
C-004804,Pune,411001,F,31,2025-08-17,False,False,WF-013,Bronze
C-004805,Thane,400601,M,41,2024-03-06,False,False,WF-019,Bronze
C-004806,Navi Mumbai,400706,M,18,2024-08-29,False,False,WF-024,Silver
C-004807,Mumbai,400069,M,30,2023-10-01,False,False,WF-005,Silver
C-004808,Nashik,422005,M,27,2026-01-29,False,False,WF-026,Bronze
C-004809,Goa,403001,M,35,2023-12-24,False,False,WF-028,Bronze
C-004810,Pune,411001,F,49,2026-04-25,False,False,WF-015,Gold
C-004811,Mumbai,400072,M,19,2023-07-09,False,False,WF-012,Silver
C-004812,Thane,400602,M,58,2025-12-28,False,False,WF-022,Bronze
C-004813,Mumbai,400050,F,28,2025-04-03,False,False,WF-002,Gold
C-004814,Mumbai,400080,F,47,2023-05-13,False,False,WF-001,Bronze
C-004815,Mumbai,400001,M,34,2024-07-04,True,False,WF-006,Gold
C-004816,Pune,411038,F,54,2023-10-29,False,False,WF-013,Bronze
C-004817,Mumbai,400058,F,22,2023-12-03,False,False,WF-006,Gold
C-004818,Navi Mumbai,400703,F,56,2024-05-06,False,False,WF-025,Silver
C-004819,Navi Mumbai,400706,M,21,2025-01-30,False,False,WF-025,Platinum
C-004820,Bengaluru,560001,F,18,2026-04-19,False,False,WF-029,Bronze
C-004821,Bengaluru,560001,M,65,2026-01-26,False,False,WF-030,Silver
C-004822,Mumbai,400069,M,39,2025-01-31,False,False,WF-008,Bronze
C-004823,Nashik,422005,M,24,2023-10-06,True,False,WF-027,Bronze
C-004824,Mumbai,400086,M,25,2024-05-25,False,False,WF-010,Gold
C-004825,Bengaluru,560034,F,43,2023-07-01,False,False,WF-030,Bronze
C-004826,Navi Mumbai,400703,F,64,2024-09-17,True,False,WF-025,Bronze
C-004827,Pune,411001,F,44,2023-12-24,True,False,WF-015,Silver
C-004828,Pune,411021,F,19,2024-12-28,False,False,WF-018,Bronze
C-004829,Bengaluru,560034,F,18,2025-04-14,True,False,WF-030,Bronze
C-004830,Mumbai,400064,M,36,2024-10-23,False,False,WF-004,Silver
C-004831,Pune,411021,M,56,2024-05-28,False,False,WF-015,Bronze
C-004832,Mumbai,400053,M,55,2023-08-11,False,False,WF-004,Silver
C-004833,Pune,411021,M,28,2025-02-17,False,False,WF-013,Bronze
C-004834,Pune,411045,M,24,2023-05-07,False,False,WF-017,Silver
C-004835,Bengaluru,560034,F,48,2025-08-29,False,False,WF-030,Bronze
C-004836,Pune,411014,F,43,2026-04-02,False,False,WF-014,Bronze
C-004837,Bengaluru,560001,F,37,2025-10-09,False,False,WF-030,Silver
C-004838,Pune,411014,Other,30,2023-07-12,False,False,WF-016,Silver
C-004839,Pune,411038,M,36,2025-07-11,False,False,WF-015,Bronze
C-004840,Pune,411014,M,52,2023-09-14,True,False,WF-015,Bronze
C-004841,Thane,400601,M,33,2024-08-21,True,False,WF-021,Silver
C-004842,Mumbai,400058,F,35,2025-07-25,False,False,WF-001,Silver
C-004843,Mumbai,400080,M,39,2024-12-23,False,False,WF-008,Silver
C-004844,Mumbai,400053,F,52,2024-10-02,False,False,WF-001,Bronze
C-004845,Goa,403001,F,56,2023-05-14,True,True,WF-028,Silver
C-004846,Mumbai,400069,F,43,2024-06-24,False,False,WF-009,Silver
C-004847,Mumbai,400086,M,33,2023-09-27,False,False,WF-012,Bronze
C-004848,Bengaluru,560034,F,27,2023-12-06,False,True,WF-029,Bronze
C-004849,Thane,400610,M,49,2023-10-25,True,False,WF-021,Silver
C-004850,Pune,411014,M,50,2024-06-21,False,True,WF-017,Silver
C-004851,Mumbai,400069,M,56,2026-04-08,True,False,WF-002,Gold
C-004852,Bengaluru,560001,F,18,2025-11-25,False,False,WF-029,Bronze
C-004853,Mumbai,400086,F,34,2023-12-19,True,True,WF-007,Bronze
C-004854,Navi Mumbai,400706,F,50,2025-04-04,False,False,WF-025,Silver
C-004855,Nashik,422005,M,50,2025-06-01,True,False,WF-026,Bronze
C-004856,Nashik,422001,M,42,2024-10-23,False,False,WF-027,Gold
C-004857,Thane,400602,F,50,2023-06-18,True,False,WF-021,Bronze
C-004858,Mumbai,400001,M,44,2025-11-04,False,False,WF-001,Bronze
C-004859,Bengaluru,560034,F,39,2024-07-13,False,False,WF-030,Bronze
C-004860,Mumbai,400092,F,42,2025-06-07,False,False,WF-008,Gold
C-004861,Mumbai,400001,F,30,2024-01-02,True,False,WF-002,Silver
C-004862,Mumbai,400053,M,48,2025-11-09,False,False,WF-004,Bronze
C-004863,Pune,411045,M,51,2023-05-15,False,False,WF-014,Silver
C-004864,Bengaluru,560034,M,18,2025-05-21,False,False,WF-030,Silver
C-004865,Bengaluru,560034,F,43,2023-11-20,False,True,WF-029,Gold
C-004866,Thane,400601,M,38,2024-05-10,False,False,WF-022,Gold
C-004867,Nashik,422001,M,28,2025-07-20,False,False,WF-027,Silver
C-004868,Pune,411045,F,27,2024-08-21,False,False,WF-015,Bronze
C-004869,Goa,403001,F,28,2025-10-28,False,False,WF-028,Bronze
C-004870,Bengaluru,560001,M,42,2025-06-03,True,False,WF-029,Gold
C-004871,Pune,411004,F,32,2024-05-23,False,False,WF-014,Silver
C-004872,Goa,403001,M,32,2025-05-03,False,False,WF-028,Silver
C-004873,Navi Mumbai,400709,M,49,2023-10-13,False,False,WF-023,Silver
C-004874,Goa,403001,F,46,2025-02-05,False,False,WF-028,Silver
C-004875,Navi Mumbai,400709,F,36,2025-02-09,False,False,WF-025,Silver
C-004876,Goa,403001,M,49,2024-02-01,False,True,WF-028,Bronze
C-004877,Mumbai,400080,F,32,2025-07-06,False,False,WF-002,Silver
C-004878,Goa,403001,M,42,2026-04-10,True,False,WF-028,Platinum
C-004879,Nashik,422005,M,45,2024-09-15,True,False,WF-027,Bronze
C-004880,Pune,411021,F,67,2026-04-01,False,False,WF-017,Bronze
C-004881,Mumbai,400092,M,58,2025-09-15,False,False,WF-005,Gold
C-004882,Thane,400610,F,50,2025-02-24,False,False,WF-022,Bronze
C-004883,Mumbai,400050,M,35,2024-07-01,False,False,WF-007,Bronze
C-004884,Goa,403001,F,52,2024-02-07,True,False,WF-028,Silver
C-004885,Nashik,422005,F,43,2025-09-01,False,False,WF-026,Gold
C-004886,Mumbai,400053,M,18,2023-08-08,False,False,WF-012,Silver
C-004887,Bengaluru,560001,F,41,2025-12-19,False,False,WF-029,Bronze
C-004888,Mumbai,400072,M,38,2024-01-23,True,False,WF-004,Silver
C-004889,Mumbai,400053,F,27,2025-07-14,False,False,WF-003,Gold
C-004890,Pune,411021,F,40,2025-11-16,False,False,WF-015,Bronze
C-004891,Mumbai,400069,M,22,2024-07-23,False,False,WF-006,Silver
C-004892,Mumbai,400076,Other,27,2026-04-12,False,False,WF-004,Bronze
C-004893,Mumbai,400064,M,33,2024-12-12,False,False,WF-003,Bronze
C-004894,Goa,403001,F,50,2025-12-06,False,False,WF-028,Bronze
C-004895,Navi Mumbai,400706,M,26,2025-07-07,True,False,WF-025,Bronze
C-004896,Nashik,422001,F,34,2024-02-28,False,False,WF-026,Bronze
C-004897,Pune,411021,F,31,2026-03-30,False,False,WF-017,Silver
C-004898,Mumbai,400080,M,18,2025-12-01,False,True,WF-005,Bronze
C-004899,Goa,403001,F,49,2023-08-31,False,False,WF-028,Silver
C-004900,Pune,411001,M,24,2025-09-04,False,False,WF-013,Bronze
C-004901,Mumbai,400053,F,35,2024-06-02,False,False,WF-003,Gold
C-004902,Pune,411014,F,18,2023-05-12,False,False,WF-017,Silver
C-004903,Pune,411045,M,45,2025-06-14,False,False,WF-014,Silver
C-004904,Pune,411014,F,42,2023-11-03,False,False,WF-015,Bronze
C-004905,Bengaluru,560001,F,39,2026-02-13,False,False,WF-029,Bronze
C-004906,Nashik,422001,M,53,2023-12-12,False,False,WF-026,Bronze
C-004907,Nashik,422001,M,42,2023-06-18,False,False,WF-027,Silver
C-004908,Thane,400601,M,39,2024-08-11,False,False,WF-021,Bronze
C-004909,Mumbai,400086,M,18,2026-01-16,False,False,WF-003,Bronze
C-004910,Goa,403001,M,25,2025-12-13,False,False,WF-028,Silver
C-004911,Pune,411021,M,48,2026-04-17,False,False,WF-013,Silver
C-004912,Navi Mumbai,400706,M,49,2026-03-31,False,False,WF-025,Gold
C-004913,Mumbai,400086,F,65,2025-10-06,False,False,WF-012,Gold
C-004914,Mumbai,400086,M,36,2023-05-28,False,False,WF-008,Silver
C-004915,Mumbai,400097,F,30,2023-11-17,False,False,WF-012,Gold
C-004916,Mumbai,400053,M,36,2023-12-22,False,False,WF-005,Bronze
C-004917,Nashik,422001,F,45,2023-07-28,False,False,WF-026,Bronze
C-004918,Thane,400602,M,31,2024-06-05,False,False,WF-020,Silver
C-004919,Navi Mumbai,400709,F,42,2025-05-20,False,False,WF-023,Bronze
C-004920,Pune,411001,F,42,2025-04-30,True,False,WF-013,Gold
C-004921,Bengaluru,560034,M,41,2025-05-18,False,False,WF-030,Silver
C-004922,Mumbai,400086,M,25,2023-06-18,True,False,WF-010,Silver
C-004923,Mumbai,400001,M,31,2024-02-10,False,False,WF-001,Bronze
C-004924,Mumbai,400097,M,18,2023-06-23,False,False,WF-001,Bronze
C-004925,Pune,411004,M,18,2023-05-22,False,False,WF-014,Gold
C-004926,Navi Mumbai,400709,M,36,2025-03-03,False,True,WF-023,Bronze
C-004927,Pune,411001,M,19,2024-05-16,False,False,WF-016,Gold
C-004928,Pune,411045,M,31,2025-10-14,False,False,WF-018,Gold
C-004929,Pune,411001,F,46,2025-07-11,False,False,WF-017,Gold
C-004930,Goa,403001,F,30,2026-01-29,False,False,WF-028,Gold
C-004931,Navi Mumbai,400703,F,63,2024-11-10,False,False,WF-023,Bronze
C-004932,Mumbai,400069,F,41,2023-09-01,False,False,WF-009,Silver
C-004933,Pune,411045,M,32,2025-03-18,False,False,WF-016,Gold
C-004934,Mumbai,400053,M,53,2023-07-18,False,True,WF-005,Bronze
C-004935,Pune,411038,F,46,2024-05-21,False,False,WF-014,Bronze
C-004936,Mumbai,400097,F,44,2024-08-21,False,False,WF-012,Bronze
C-004937,Mumbai,400076,F,36,2023-08-27,True,False,WF-004,Bronze
C-004938,Mumbai,400086,M,37,2025-04-25,False,False,WF-004,Silver
C-004939,Pune,411014,M,46,2023-10-14,False,False,WF-017,Silver
C-004940,Mumbai,400072,M,70,2024-03-02,True,False,WF-006,Gold
C-004941,Pune,411021,M,20,2023-07-05,False,False,WF-013,Silver
C-004942,Mumbai,400069,F,49,2024-10-06,False,False,WF-011,Silver
C-004943,Mumbai,400072,M,43,2023-06-29,True,False,WF-003,Bronze
C-004944,Bengaluru,560034,F,29,2024-08-10,False,False,WF-029,Silver
C-004945,Navi Mumbai,400703,F,33,2025-07-31,False,False,WF-024,Bronze
C-004946,Pune,411001,F,44,2025-06-04,False,False,WF-016,Bronze
C-004947,Goa,403001,F,21,2024-03-04,False,False,WF-028,Silver
C-004948,Pune,411038,F,40,2023-06-20,True,False,WF-013,Bronze
C-004949,Navi Mumbai,400709,M,18,2024-08-22,False,True,WF-025,Bronze
C-004950,Goa,403001,M,46,2024-01-21,False,False,WF-028,Bronze
C-004951,Pune,411004,M,22,2023-10-06,False,False,WF-016,Bronze
C-004952,Mumbai,400076,M,39,2024-02-03,True,False,WF-009,Bronze
C-004953,Mumbai,400076,F,61,2023-11-15,True,False,WF-001,Bronze
C-004954,Mumbai,400001,F,61,2026-02-02,True,False,WF-004,Silver
C-004955,Pune,411021,M,31,2023-06-11,False,False,WF-015,Bronze
C-004956,Mumbai,400097,F,19,2026-01-21,False,False,WF-010,Bronze
C-004957,Mumbai,400050,M,28,2025-11-11,False,False,WF-010,Silver
C-004958,Mumbai,400092,F,60,2025-09-27,True,False,WF-002,Bronze
C-004959,Mumbai,400080,M,26,2025-05-20,False,False,WF-004,Bronze
C-004960,Navi Mumbai,400706,M,30,2024-01-29,False,False,WF-023,Gold
C-004961,Thane,400610,F,25,2024-01-27,False,False,WF-021,Silver
C-004962,Goa,403001,M,22,2024-10-28,False,False,WF-028,Silver
C-004963,Thane,400601,F,38,2025-09-01,False,False,WF-019,Silver
C-004964,Thane,400610,M,23,2024-07-20,False,False,WF-022,Bronze
C-004965,Navi Mumbai,400709,F,49,2024-03-05,False,False,WF-025,Platinum
C-004966,Bengaluru,560034,F,42,2025-04-29,False,False,WF-030,Platinum
C-004967,Pune,411001,M,29,2025-04-07,False,True,WF-017,Bronze
C-004968,Mumbai,400080,F,34,2023-08-30,False,True,WF-006,Silver
C-004969,Pune,411004,M,32,2024-01-13,False,False,WF-015,Bronze
C-004970,Goa,403001,F,41,2025-12-13,False,False,WF-028,Bronze
C-004971,Goa,403001,F,34,2024-03-29,True,True,WF-028,Platinum
C-004972,Mumbai,400097,M,18,2026-03-15,False,False,WF-001,Bronze
C-004973,Pune,411021,F,36,2024-06-20,False,False,WF-014,Bronze
C-004974,Navi Mumbai,400709,M,38,2023-12-01,False,False,WF-025,Gold
C-004975,Thane,400607,F,57,2024-09-29,False,False,WF-022,Bronze
C-004976,Mumbai,400080,M,33,2026-04-16,False,False,WF-009,Platinum
C-004977,Thane,400601,F,34,2023-09-28,True,False,WF-020,Gold
C-004978,Mumbai,400050,F,60,2025-05-04,False,False,WF-001,Bronze
C-004979,Bengaluru,560034,F,43,2023-06-10,False,False,WF-030,Bronze
C-004980,Bengaluru,560001,F,34,2025-04-10,False,False,WF-029,Bronze
C-004981,Navi Mumbai,400706,F,54,2023-11-28,False,False,WF-024,Bronze
C-004982,Nashik,422005,F,18,2024-02-18,False,False,WF-027,Gold
C-004983,Bengaluru,560001,F,34,2023-05-07,False,False,WF-029,Bronze
C-004984,Goa,403001,F,32,2025-08-24,False,False,WF-028,Bronze
C-004985,Thane,400610,F,20,2025-09-29,True,False,WF-019,Silver
C-004986,Mumbai,400076,F,22,2023-10-24,False,False,WF-001,Bronze
C-004987,Goa,403001,F,26,2026-03-23,False,False,WF-028,Bronze
C-004988,Mumbai,400050,M,31,2024-05-18,True,False,WF-010,Silver
C-004989,Mumbai,400050,M,42,2025-07-18,True,False,WF-006,Silver
C-004990,Thane,400602,F,41,2024-01-03,False,False,WF-020,Bronze
C-004991,Mumbai,400064,M,44,2023-12-19,True,False,WF-008,Gold
C-004992,Mumbai,400097,M,68,2023-06-10,False,False,WF-004,Bronze
C-004993,Mumbai,400076,F,24,2024-03-01,False,False,WF-001,Silver
C-004994,Thane,400610,F,41,2024-05-30,False,False,WF-022,Bronze
C-004995,Thane,400610,Other,28,2023-07-16,False,False,WF-019,Bronze
C-004996,Mumbai,400064,F,35,2023-12-27,False,False,WF-006,Silver
C-004997,Thane,400602,M,56,2024-08-16,False,False,WF-022,Gold
C-004998,Mumbai,400001,F,42,2026-03-07,False,False,WF-012,Bronze
C-004999,Bengaluru,560034,M,49,2023-06-16,True,False,WF-030,Bronze
C-005000,Mumbai,400053,M,34,2025-05-25,False,False,WF-005,Silver
